LOT,WAFER,WAFER_ID,ENTITY@NTSC@CLEAN@W_8M5_HM_CLN,RECIPE@NTSC@CLEAN@W_8M5_HM_CLN,SLOT@NTSC@CLEAN@W_8M5_HM_CLN,END_TIME@ENTITY@NTSC@CLEAN@W_8M5_HM_CLN,CHAMBER@NTSC@Process-1@CLEAN@W_8M5_HM_CLN,END_TIME@CHAMBER@NTSC@Process-1@CLEAN@W_8M5_HM_CLN,ENTITY@NTSC@COATER@L_8M5_CHM_DEP,RECIPE@NTSC@COATER@L_8M5_CHM_DEP,SLOT@NTSC@COATER@L_8M5_CHM_DEP,END_TIME@ENTITY@NTSC@COATER@L_8M5_CHM_DEP,CHAMBER@NTSC@Process-1@COATER@L_8M5_CHM_DEP,CHAMBER@NTSC@Process-2@COATER@L_8M5_CHM_DEP,CHAMBER@NTSC@Process-3@COATER@L_8M5_CHM_DEP,CHAMBER@NTSC@Track-1@COATER@L_8M5_CHM_DEP,END_TIME@CHAMBER@NTSC@Process-1@COATER@L_8M5_CHM_DEP,END_TIME@CHAMBER@NTSC@Process-2@COATER@L_8M5_CHM_DEP,END_TIME@CHAMBER@NTSC@Process-3@COATER@L_8M5_CHM_DEP,END_TIME@CHAMBER@NTSC@Track-1@COATER@L_8M5_CHM_DEP,ENTITY@NTSC@COATER@L_8M5_SIARC_DEP,RECIPE@NTSC@COATER@L_8M5_SIARC_DEP,SLOT@NTSC@COATER@L_8M5_SIARC_DEP,END_TIME@ENTITY@NTSC@COATER@L_8M5_SIARC_DEP,CHAMBER@NTSC@Process-1@COATER@L_8M5_SIARC_DEP,CHAMBER@NTSC@Process-2@COATER@L_8M5_SIARC_DEP,CHAMBER@NTSC@Process-3@COATER@L_8M5_SIARC_DEP,CHAMBER@NTSC@Track-1@COATER@L_8M5_SIARC_DEP,END_TIME@CHAMBER@NTSC@Process-1@COATER@L_8M5_SIARC_DEP,END_TIME@CHAMBER@NTSC@Process-2@COATER@L_8M5_SIARC_DEP,END_TIME@CHAMBER@NTSC@Process-3@COATER@L_8M5_SIARC_DEP,END_TIME@CHAMBER@NTSC@Track-1@COATER@L_8M5_SIARC_DEP,ENTITY@NTSC@STEPPER@L_8M5_SED,RECIPE@NTSC@STEPPER@L_8M5_SED,RETICLE@NTSC@STEPPER@L_8M5_SED,SLOT@NTSC@STEPPER@L_8M5_SED,END_TIME@ENTITY@NTSC@STEPPER@L_8M5_SED,CHAMBER@NTSC@Adhesion-1@STEPPER@L_8M5_SED,CHAMBER@NTSC@ChillPlate-1@STEPPER@L_8M5_SED,CHAMBER@NTSC@ChillPlate-2@STEPPER@L_8M5_SED,CHAMBER@NTSC@ChillPlate-3@STEPPER@L_8M5_SED,CHAMBER@NTSC@ChillPlate-4@STEPPER@L_8M5_SED,CHAMBER@NTSC@Chuck-1@STEPPER@L_8M5_SED,CHAMBER@NTSC@Coater-1@STEPPER@L_8M5_SED,CHAMBER@NTSC@Coater-2@STEPPER@L_8M5_SED,CHAMBER@NTSC@Developer-1@STEPPER@L_8M5_SED,CHAMBER@NTSC@Oven-1@STEPPER@L_8M5_SED,CHAMBER@NTSC@Oven-2@STEPPER@L_8M5_SED,CHAMBER@NTSC@Oven-3@STEPPER@L_8M5_SED,CHAMBER@NTSC@PostRinse-1@STEPPER@L_8M5_SED,CHAMBER@NTSC@PreRinse-1@STEPPER@L_8M5_SED,CHAMBER@NTSC@Track-1@STEPPER@L_8M5_SED,END_TIME@CHAMBER@NTSC@Adhesion-1@STEPPER@L_8M5_SED,END_TIME@CHAMBER@NTSC@ChillPlate-1@STEPPER@L_8M5_SED,END_TIME@CHAMBER@NTSC@ChillPlate-2@STEPPER@L_8M5_SED,END_TIME@CHAMBER@NTSC@ChillPlate-3@STEPPER@L_8M5_SED,END_TIME@CHAMBER@NTSC@ChillPlate-4@STEPPER@L_8M5_SED,END_TIME@CHAMBER@NTSC@Chuck-1@STEPPER@L_8M5_SED,END_TIME@CHAMBER@NTSC@Coater-1@STEPPER@L_8M5_SED,END_TIME@CHAMBER@NTSC@Coater-2@STEPPER@L_8M5_SED,END_TIME@CHAMBER@NTSC@Developer-1@STEPPER@L_8M5_SED,END_TIME@CHAMBER@NTSC@Oven-1@STEPPER@L_8M5_SED,END_TIME@CHAMBER@NTSC@Oven-2@STEPPER@L_8M5_SED,END_TIME@CHAMBER@NTSC@Oven-3@STEPPER@L_8M5_SED,END_TIME@CHAMBER@NTSC@PostRinse-1@STEPPER@L_8M5_SED,END_TIME@CHAMBER@NTSC@PreRinse-1@STEPPER@L_8M5_SED,END_TIME@CHAMBER@NTSC@Track-1@STEPPER@L_8M5_SED
D6171080,215,A2FU3215SLA2,LEO425,Equipment:/Public/WaferFlow/PRD/P_ALL_B2N_2X53WIW_LF_1EDS_HFR,13,07/23/2026 12:47:22 PM,LEO425_SPN04,07/23/2026 12:47:22 PM,TBF445,WaferFlow/PRD/C-9110D-1000-88P,13,07/23/2026 9:16:15 AM,TBF445_SCPL1332,TBF445_BCT131,TBF445_CGCH1325,TBF445_TEL_Lithius,07/23/2026 9:13:21 AM,07/23/2026 9:14:10 AM,07/23/2026 9:15:56 AM,07/23/2026 9:16:15 AM,TBF454,WaferFlow/PRD/C-9825-280-88M,13,07/23/2026 9:35:14 AM,TBF454_SCPL1431,TBF454_BCT142,TBF454_CGCH1425,TBF454_TEL_Lithius,07/23/2026 9:31:34 AM,07/23/2026 9:32:59 AM,07/23/2026 9:35:02 AM,07/23/2026 9:35:14 AM,SNY512,"L-1N58-925-AB5 +?USER/5E8PXMCG/5E8PXMCG_2$MT5F_GMT404_GMT412_GMT412 8PXMCGMT51NB4 -illum=6662 $EX=A$FC=-0.036$ILL0=6662$IASM=1$RTCT1=IMM_1_DEFAULT$SDCFLD=ALL$SDCGRD=Y$ISMM=4$ISMC=8PXMCVG_MT5_FL78$WAMM=5$WAMC=8PXMCVBG_MT5_FL78$PLMM=5$PLMC=8PXMCVBG_MT5_FL78$IARECTRL=1$IARECALC=97$RDIMG=1$PMA_EXEC=1$PMA_REF_ERR=0.7$PMA_REF_ERRW=3.95$PMA_REF_WARN=0.7$PMA_REF_WARNW=0.77$PMW_OFST_ERRW=1.1$PMW_OFST_WARNW=0.925$PMW_TARGET=4$PMW_WS_ERR=11$PMW_WS_ERRW=3.62$PMW_WS_WARN=11$PMW_WS_WARNW=2.41 Q ^8S63XERIASWIP {CD=A,R;EFCCFW=3;RG=A;SRCFW=3;NFL1=T;RESIST=AM;LinkMode=NoLotGene}",8PXMCGMT51NB4,13,07/23/2026 10:04:29 AM,SNY512_CADH1111,SNY512_SCPL1131,SNY512_SCPL1133,SNY512_ICPL307,SNY512_SCPL1532,SNY512_CHK1,SNY512_COT111,SNY512_ITC113,SNY512_ADEV151,SNY512_CPHP1114,SNY512_CPHP1116,SNY512_CPHP1515,SNY512_PIR3022,SNY512_SRS3011,SNY512_TNP512,07/23/2026 9:48:55 AM,07/23/2026 9:49:56 AM,07/23/2026 9:53:27 AM,07/23/2026 9:57:24 AM,07/23/2026 10:02:20 AM,07/23/2026 9:59:23 AM,07/23/2026 9:51:03 AM,07/23/2026 9:54:39 AM,07/23/2026 10:04:14 AM,07/23/2026 9:52:41 AM,07/23/2026 9:56:09 AM,07/23/2026 10:01:34 AM,07/23/2026 10:00:07 AM,07/23/2026 9:56:58 AM,07/23/2026 10:04:29 AM
D6171080,205,A2FU3205SLD1,LEO425,Equipment:/Public/WaferFlow/PRD/P_ALL_B2N_2X53WIW_LF_1EDS_HFR,9,07/23/2026 12:46:55 PM,LEO425_SPN22,07/23/2026 12:46:55 PM,TBF445,WaferFlow/PRD/C-9110D-1000-88P,9,07/23/2026 9:16:00 AM,TBF445_SCPL1331,TBF445_BCT133,TBF445_CGCH1324,TBF445_TEL_Lithius,07/23/2026 9:13:05 AM,07/23/2026 9:13:54 AM,07/23/2026 9:15:47 AM,07/23/2026 9:16:00 AM,TBF454,WaferFlow/PRD/C-9825-280-88M,9,07/23/2026 9:34:57 AM,TBF454_SCPL1432,TBF454_BCT141,TBF454_CGCH1424,TBF454_TEL_Lithius,07/23/2026 9:30:45 AM,07/23/2026 9:32:18 AM,07/23/2026 9:34:44 AM,07/23/2026 9:34:57 AM,SNY512,"L-1N58-925-AB5 +?USER/5E8PXMCG/5E8PXMCG_2$MT5F_GMT404_GMT412_GMT412 8PXMCGMT51NB4 -illum=6662 $EX=A$FC=-0.036$ILL0=6662$IASM=1$RTCT1=IMM_1_DEFAULT$SDCFLD=ALL$SDCGRD=Y$ISMM=4$ISMC=8PXMCVG_MT5_FL78$WAMM=5$WAMC=8PXMCVBG_MT5_FL78$PLMM=5$PLMC=8PXMCVBG_MT5_FL78$IARECTRL=1$IARECALC=97$RDIMG=1$PMA_EXEC=1$PMA_REF_ERR=0.7$PMA_REF_ERRW=3.95$PMA_REF_WARN=0.7$PMA_REF_WARNW=0.77$PMW_OFST_ERRW=1.1$PMW_OFST_WARNW=0.925$PMW_TARGET=4$PMW_WS_ERR=11$PMW_WS_ERRW=3.62$PMW_WS_WARN=11$PMW_WS_WARNW=2.41 Q ^8S63XERIASWIP {CD=A,R;EFCCFW=3;RG=A;SRCFW=3;NFL1=T;RESIST=AM;LinkMode=NoLotGene}",8PXMCGMT51NB4,9,07/23/2026 10:01:00 AM,SNY512_CADH1121,SNY512_SCPL1131,SNY512_SCPL1133,SNY512_ICPL307,SNY512_SCPL1532,SNY512_CHK1,SNY512_COT111,SNY512_ITC113,SNY512_ADEV152,SNY512_CPHP1114,SNY512_CPHP1116,SNY512_CPHP1516,SNY512_PIR3022,SNY512_SRS3013,SNY512_TNP512,07/23/2026 9:43:54 AM,07/23/2026 9:44:39 AM,07/23/2026 9:47:34 AM,07/23/2026 9:51:36 AM,07/23/2026 9:58:13 AM,07/23/2026 9:54:13 AM,07/23/2026 9:45:26 AM,07/23/2026 9:48:55 AM,07/23/2026 10:00:45 AM,07/23/2026 9:46:49 AM,07/23/2026 9:50:21 AM,07/23/2026 9:56:58 AM,07/23/2026 9:55:02 AM,07/23/2026 9:51:10 AM,07/23/2026 10:01:00 AM
D6171080,272,A2FU3272SLH1,LEO425,Equipment:/Public/WaferFlow/PRD/P_ALL_B2N_2X53WIW_LF_1EDS_HFR,4,07/23/2026 12:46:27 PM,LEO425_SPN06,07/23/2026 12:46:27 PM,TBF445,WaferFlow/PRD/C-9110D-1000-88P,4,07/23/2026 9:16:19 AM,TBF445_SCPL1631,TBF445_BCT161,TBF445_CGCH1615,TBF445_TEL_Lithius,07/23/2026 9:12:25 AM,07/23/2026 9:13:30 AM,07/23/2026 9:15:24 AM,07/23/2026 9:16:19 AM,TBF454,WaferFlow/PRD/C-9825-280-88M,4,07/23/2026 9:34:11 AM,TBF454_SCPL1331,TBF454_BCT132,TBF454_CGCH1324,TBF454_TEL_Lithius,07/23/2026 9:29:42 AM,07/23/2026 9:31:20 AM,07/23/2026 9:34:02 AM,07/23/2026 9:34:11 AM,SNY512,"L-1N58-925-AB5 +?USER/5E8PXMCG/5E8PXMCG_2$MT5F_GMT404_GMT412_GMT412 8PXMCGMT51NB4 -illum=6662 $EX=A$FC=-0.036$ILL0=6662$IASM=1$RTCT1=IMM_1_DEFAULT$SDCFLD=ALL$SDCGRD=Y$ISMM=4$ISMC=8PXMCVG_MT5_FL78$WAMM=5$WAMC=8PXMCVBG_MT5_FL78$PLMM=5$PLMC=8PXMCVBG_MT5_FL78$IARECTRL=1$IARECALC=97$RDIMG=1$PMA_EXEC=1$PMA_REF_ERR=0.7$PMA_REF_ERRW=3.95$PMA_REF_WARN=0.7$PMA_REF_WARNW=0.77$PMW_OFST_ERRW=1.1$PMW_OFST_WARNW=0.925$PMW_TARGET=4$PMW_WS_ERR=11$PMW_WS_ERRW=3.62$PMW_WS_WARN=11$PMW_WS_WARNW=2.41 Q ^8S63XERIASWIP {CD=A,R;EFCCFW=3;RG=A;SRCFW=3;NFL1=T;RESIST=AM;LinkMode=NoLotGene}",8PXMCGMT51NB4,4,07/23/2026 10:12:43 AM,SNY512_CADH1112,SNY512_SCPL1132,SNY512_SCPL1134,SNY512_ICPL307,SNY512_SCPL1531,SNY512_CHK1,SNY512_COT112,SNY512_ITC113,SNY512_ADEV151,SNY512_CPHP1114,SNY512_CPHP1116,SNY512_CPHP1515,SNY512_PIR3023,SNY512_SRS3012,SNY512_TNP512,07/23/2026 9:57:56 AM,07/23/2026 9:58:42 AM,07/23/2026 10:02:13 AM,07/23/2026 10:06:04 AM,07/23/2026 10:11:03 AM,07/23/2026 10:08:06 AM,07/23/2026 9:59:42 AM,07/23/2026 10:03:18 AM,07/23/2026 10:12:28 AM,07/23/2026 10:01:27 AM,07/23/2026 10:04:56 AM,07/23/2026 10:10:17 AM,07/23/2026 10:08:51 AM,07/23/2026 10:05:38 AM,07/23/2026 10:12:43 AM
D6171080,250,A2FU3250SLE3,LEO425,Equipment:/Public/WaferFlow/PRD/P_ALL_B2N_2X53WIW_LF_1EDS_HFR,20,07/23/2026 12:49:26 PM,LEO425_SPN20,07/23/2026 12:49:26 PM,TBF445,WaferFlow/PRD/C-9110D-1000-88P,20,07/23/2026 9:17:52 AM,TBF445_SCPL1631,TBF445_BCT162,TBF445_CGCH1626,TBF445_TEL_Lithius,07/23/2026 9:14:34 AM,07/23/2026 9:15:29 AM,07/23/2026 9:17:37 AM,07/23/2026 9:17:52 AM,TBF454,WaferFlow/PRD/C-9825-280-88M,20,07/23/2026 9:35:30 AM,TBF454_SCPL1331,TBF454_BCT133,TBF454_CGCH1316,TBF454_TEL_Lithius,07/23/2026 9:32:13 AM,07/23/2026 9:33:20 AM,07/23/2026 9:35:20 AM,07/23/2026 9:35:30 AM,SNY512,"L-1N58-925-AB5 +?USER/5E8PXMCG/5E8PXMCG_2$MT5F_GMT404_GMT412_GMT412 8PXMCGMT51NB4 -illum=6662 $EX=A$FC=-0.036$ILL0=6662$IASM=1$RTCT1=IMM_1_DEFAULT$SDCFLD=ALL$SDCGRD=Y$ISMM=4$ISMC=8PXMCVG_MT5_FL78$WAMM=5$WAMC=8PXMCVBG_MT5_FL78$PLMM=5$PLMC=8PXMCVBG_MT5_FL78$IARECTRL=1$IARECALC=97$RDIMG=1$PMA_EXEC=1$PMA_REF_ERR=0.7$PMA_REF_ERRW=3.95$PMA_REF_WARN=0.7$PMA_REF_WARNW=0.77$PMW_OFST_ERRW=1.1$PMW_OFST_WARNW=0.925$PMW_TARGET=4$PMW_WS_ERR=11$PMW_WS_ERRW=3.62$PMW_WS_WARN=11$PMW_WS_WARNW=2.41 Q ^8S63XERIASWIP {CD=A,R;EFCCFW=3;RG=A;SRCFW=3;NFL1=T;RESIST=AM;LinkMode=NoLotGene}",8PXMCGMT51NB4,20,07/23/2026 10:07:52 AM,SNY512_CADH1111,SNY512_SCPL1131,SNY512_SCPL1133,SNY512_ICPL308,SNY512_SCPL1631,SNY512_CHK1,SNY512_COT111,SNY512_ITC113,SNY512_ADEV162,SNY512_CPHP1123,SNY512_CPHP1126,SNY512_CPHP1616,SNY512_PIR3022,SNY512_SRS3011,SNY512_TNP512,07/23/2026 9:53:02 AM,07/23/2026 9:53:49 AM,07/23/2026 9:57:19 AM,07/23/2026 10:01:16 AM,07/23/2026 10:06:12 AM,07/23/2026 10:03:15 AM,07/23/2026 9:54:55 AM,07/23/2026 9:58:31 AM,07/23/2026 10:07:37 AM,07/23/2026 9:56:33 AM,07/23/2026 10:00:02 AM,07/23/2026 10:05:26 AM,07/23/2026 10:03:59 AM,07/23/2026 10:00:50 AM,07/23/2026 10:07:52 AM
D6171080,207,A2FU3207SLE2,LEO425,Equipment:/Public/WaferFlow/PRD/P_ALL_B2N_2X53WIW_LF_1EDS_HFR,18,07/23/2026 12:47:25 PM,LEO425_SPN17,07/23/2026 12:47:25 PM,TBF445,WaferFlow/PRD/C-9110D-1000-88P,18,07/23/2026 9:18:04 AM,TBF445_SCPL1431,TBF445_BCT142,TBF445_CGCH1426,TBF445_TEL_Lithius,07/23/2026 9:15:11 AM,07/23/2026 9:16:00 AM,07/23/2026 9:17:54 AM,07/23/2026 9:18:04 AM,TBF454,WaferFlow/PRD/C-9825-280-88M,18,07/23/2026 9:33:44 AM,TBF454_SCPL1532,TBF454_BCT152,TBF454_CGCH1524,TBF454_TEL_Lithius,07/23/2026 9:30:42 AM,07/23/2026 9:31:26 AM,07/23/2026 9:33:35 AM,07/23/2026 9:33:44 AM,SNY512,"L-1N58-925-AB5 +?USER/5E8PXMCG/5E8PXMCG_2$MT5F_GMT404_GMT412_GMT412 8PXMCGMT51NB4 -illum=6662 $EX=A$FC=-0.036$ILL0=6662$IASM=1$RTCT1=IMM_1_DEFAULT$SDCFLD=ALL$SDCGRD=Y$ISMM=4$ISMC=8PXMCVG_MT5_FL78$WAMM=5$WAMC=8PXMCVBG_MT5_FL78$PLMM=5$PLMC=8PXMCVBG_MT5_FL78$IARECTRL=1$IARECALC=97$RDIMG=1$PMA_EXEC=1$PMA_REF_ERR=0.7$PMA_REF_ERRW=3.95$PMA_REF_WARN=0.7$PMA_REF_WARNW=0.77$PMW_OFST_ERRW=1.1$PMW_OFST_WARNW=0.925$PMW_TARGET=4$PMW_WS_ERR=11$PMW_WS_ERRW=3.62$PMW_WS_WARN=11$PMW_WS_WARNW=2.41 Q ^8S63XERIASWIP {CD=A,R;EFCCFW=3;RG=A;SRCFW=3;NFL1=T;RESIST=AM;LinkMode=NoLotGene}",8PXMCGMT51NB4,18,07/23/2026 10:00:41 AM,SNY512_CADH1111,SNY512_SCPL1131,SNY512_SCPL1133,SNY512_ICPL306,SNY512_SCPL1431,SNY512_CHK1,SNY512_COT111,SNY512_ITC113,SNY512_ADEV143,SNY512_CPHP1113,SNY512_CPHP1115,SNY512_CPHP1426,SNY512_PIR3022,SNY512_SRS3011,SNY512_TNP512,07/23/2026 9:44:05 AM,07/23/2026 9:45:36 AM,07/23/2026 9:49:19 AM,07/23/2026 9:53:31 AM,07/23/2026 9:58:28 AM,07/23/2026 9:55:30 AM,07/23/2026 9:46:49 AM,07/23/2026 9:50:46 AM,07/23/2026 10:00:22 AM,07/23/2026 9:48:34 AM,07/23/2026 9:52:18 AM,07/23/2026 9:57:42 AM,07/23/2026 9:56:15 AM,07/23/2026 9:53:05 AM,07/23/2026 10:00:41 AM
D6171080,267,A2FU3267SLB6,LEO425,Equipment:/Public/WaferFlow/PRD/P_ALL_B2N_2X53WIW_LF_1EDS_HFR,24,07/23/2026 12:49:32 PM,LEO425_SPN07,07/23/2026 12:49:32 PM,TBF445,WaferFlow/PRD/C-9110D-1000-88P,24,07/23/2026 9:18:09 AM,TBF445_SCPL1632,TBF445_BCT163,TBF445_CGCH1615,TBF445_TEL_Lithius,07/23/2026 9:14:58 AM,07/23/2026 9:15:50 AM,07/23/2026 9:17:57 AM,07/23/2026 9:18:09 AM,TBF454,WaferFlow/PRD/C-9825-280-88M,24,07/23/2026 9:36:00 AM,TBF454_SCPL1332,TBF454_BCT131,TBF454_CGCH1324,TBF454_TEL_Lithius,07/23/2026 9:32:51 AM,07/23/2026 9:33:38 AM,07/23/2026 9:35:44 AM,07/23/2026 9:36:00 AM,SNY512,"L-1N58-925-AB5 +?USER/5E8PXMCG/5E8PXMCG_2$MT5F_GMT404_GMT412_GMT412 8PXMCGMT51NB4 -illum=6662 $EX=A$FC=-0.036$ILL0=6662$IASM=1$RTCT1=IMM_1_DEFAULT$SDCFLD=ALL$SDCGRD=Y$ISMM=4$ISMC=8PXMCVG_MT5_FL78$WAMM=5$WAMC=8PXMCVBG_MT5_FL78$PLMM=5$PLMC=8PXMCVBG_MT5_FL78$IARECTRL=1$IARECALC=97$RDIMG=1$PMA_EXEC=1$PMA_REF_ERR=0.7$PMA_REF_ERRW=3.95$PMA_REF_WARN=0.7$PMA_REF_WARNW=0.77$PMW_OFST_ERRW=1.1$PMW_OFST_WARNW=0.925$PMW_TARGET=4$PMW_WS_ERR=11$PMW_WS_ERRW=3.62$PMW_WS_WARN=11$PMW_WS_WARNW=2.41 Q ^8S63XERIASWIP {CD=A,R;EFCCFW=3;RG=A;SRCFW=3;NFL1=T;RESIST=AM;LinkMode=NoLotGene}",8PXMCGMT51NB4,24,07/23/2026 10:11:44 AM,SNY512_CADH1111,SNY512_SCPL1131,SNY512_SCPL1133,SNY512_ICPL306,SNY512_SCPL1431,SNY512_CHK1,SNY512_COT111,SNY512_ITC113,SNY512_ADEV141,SNY512_CPHP1113,SNY512_CPHP1115,SNY512_CPHP1415,SNY512_PIR3022,SNY512_SRS3011,SNY512_TNP512,07/23/2026 9:56:54 AM,07/23/2026 9:57:41 AM,07/23/2026 10:01:11 AM,07/23/2026 10:05:08 AM,07/23/2026 10:10:05 AM,07/23/2026 10:07:07 AM,07/23/2026 9:58:47 AM,07/23/2026 10:02:23 AM,07/23/2026 10:11:29 AM,07/23/2026 10:00:26 AM,07/23/2026 10:03:55 AM,07/23/2026 10:09:18 AM,07/23/2026 10:07:52 AM,07/23/2026 10:04:42 AM,07/23/2026 10:11:44 AM
D6171080,248,A2FU3248SLE3,LEO425,Equipment:/Public/WaferFlow/PRD/P_ALL_B2N_2X53WIW_LF_1EDS_HFR,7,07/23/2026 12:46:42 PM,LEO425_SPN20,07/23/2026 12:46:42 PM,TBF445,WaferFlow/PRD/C-9110D-1000-88P,7,07/23/2026 9:15:46 AM,TBF445_SCPL1532,TBF445_BCT152,TBF445_CGCH1516,TBF445_TEL_Lithius,07/23/2026 9:12:38 AM,07/23/2026 9:13:42 AM,07/23/2026 9:15:28 AM,07/23/2026 9:15:46 AM,TBF454,WaferFlow/PRD/C-9825-280-88M,7,07/23/2026 9:33:03 AM,TBF454_SCPL1631,TBF454_BCT162,TBF454_CGCH1626,TBF454_TEL_Lithius,07/23/2026 9:29:25 AM,07/23/2026 9:30:24 AM,07/23/2026 9:32:17 AM,07/23/2026 9:33:03 AM,SNY512,"L-1N58-925-AB5 +?USER/5E8PXMCG/5E8PXMCG_2$MT5F_GMT404_GMT412_GMT412 8PXMCGMT51NB4 -illum=6662 $EX=A$FC=-0.036$ILL0=6662$IASM=1$RTCT1=IMM_1_DEFAULT$SDCFLD=ALL$SDCGRD=Y$ISMM=4$ISMC=8PXMCVG_MT5_FL78$WAMM=5$WAMC=8PXMCVBG_MT5_FL78$PLMM=5$PLMC=8PXMCVBG_MT5_FL78$IARECTRL=1$IARECALC=97$RDIMG=1$PMA_EXEC=1$PMA_REF_ERR=0.7$PMA_REF_ERRW=3.95$PMA_REF_WARN=0.7$PMA_REF_WARNW=0.77$PMW_OFST_ERRW=1.1$PMW_OFST_WARNW=0.925$PMW_TARGET=4$PMW_WS_ERR=11$PMW_WS_ERRW=3.62$PMW_WS_WARN=11$PMW_WS_WARNW=2.41 Q ^8S63XERIASWIP {CD=A,R;EFCCFW=3;RG=A;SRCFW=3;NFL1=T;RESIST=AM;LinkMode=NoLotGene}",8PXMCGMT51NB4,7,07/23/2026 10:06:58 AM,SNY512_CADH1122,SNY512_SCPL1132,SNY512_SCPL1134,SNY512_ICPL307,SNY512_SCPL1531,SNY512_CHK1,SNY512_COT112,SNY512_ITC113,SNY512_ADEV152,SNY512_CPHP1114,SNY512_CPHP1116,SNY512_CPHP1516,SNY512_PIR3023,SNY512_SRS3014,SNY512_TNP512,07/23/2026 9:52:07 AM,07/23/2026 9:52:54 AM,07/23/2026 9:56:24 AM,07/23/2026 10:00:16 AM,07/23/2026 10:05:18 AM,07/23/2026 10:02:21 AM,07/23/2026 9:53:54 AM,07/23/2026 9:57:30 AM,07/23/2026 10:06:43 AM,07/23/2026 9:55:38 AM,07/23/2026 9:59:07 AM,07/23/2026 10:04:32 AM,07/23/2026 10:03:05 AM,07/23/2026 9:59:49 AM,07/23/2026 10:06:58 AM
D6171080,259,A2FU3259SLF6,LEO425,Equipment:/Public/WaferFlow/PRD/P_ALL_B2N_2X53WIW_LF_1EDS_HFR,25,07/23/2026 12:49:55 PM,LEO425_SPN08,07/23/2026 12:49:55 PM,TBF445,WaferFlow/PRD/C-9110D-1000-88P,25,07/23/2026 9:18:14 AM,TBF445_SCPL1331,TBF445_BCT131,TBF445_CGCH1316,TBF445_TEL_Lithius,07/23/2026 9:15:02 AM,07/23/2026 9:16:06 AM,07/23/2026 9:18:04 AM,07/23/2026 9:18:14 AM,TBF454,WaferFlow/PRD/C-9825-280-88M,25,07/23/2026 9:36:19 AM,TBF454_SCPL1432,TBF454_BCT142,TBF454_CGCH1416,TBF454_TEL_Lithius,07/23/2026 9:33:13 AM,07/23/2026 9:33:58 AM,07/23/2026 9:36:06 AM,07/23/2026 9:36:19 AM,SNY512,"L-1N58-925-AB5 +?USER/5E8PXMCG/5E8PXMCG_2$MT5F_GMT404_GMT412_GMT412 8PXMCGMT51NB4 -illum=6662 $EX=A$FC=-0.036$ILL0=6662$IASM=1$RTCT1=IMM_1_DEFAULT$SDCFLD=ALL$SDCGRD=Y$ISMM=4$ISMC=8PXMCVG_MT5_FL78$WAMM=5$WAMC=8PXMCVBG_MT5_FL78$PLMM=5$PLMC=8PXMCVBG_MT5_FL78$IARECTRL=1$IARECALC=97$RDIMG=1$PMA_EXEC=1$PMA_REF_ERR=0.7$PMA_REF_ERRW=3.95$PMA_REF_WARN=0.7$PMA_REF_WARNW=0.77$PMW_OFST_ERRW=1.1$PMW_OFST_WARNW=0.925$PMW_TARGET=4$PMW_WS_ERR=11$PMW_WS_ERRW=3.62$PMW_WS_WARN=11$PMW_WS_WARNW=2.41 Q ^8S63XERIASWIP {CD=A,R;EFCCFW=3;RG=A;SRCFW=3;NFL1=T;RESIST=AM;LinkMode=NoLotGene}",8PXMCGMT51NB4,25,07/23/2026 10:09:50 AM,SNY512_CADH1121,SNY512_SCPL1131,SNY512_SCPL1133,SNY512_ICPL307,SNY512_SCPL1532,SNY512_CHK1,SNY512_COT111,SNY512_ITC113,SNY512_ADEV153,SNY512_CPHP1114,SNY512_CPHP1116,SNY512_CPHP1526,SNY512_PIR3022,SNY512_SRS3013,SNY512_TNP512,07/23/2026 9:54:59 AM,07/23/2026 9:55:45 AM,07/23/2026 9:59:15 AM,07/23/2026 10:03:13 AM,07/23/2026 10:08:11 AM,07/23/2026 10:05:14 AM,07/23/2026 9:56:51 AM,07/23/2026 10:00:27 AM,07/23/2026 10:09:35 AM,07/23/2026 9:58:29 AM,07/23/2026 10:01:58 AM,07/23/2026 10:07:24 AM,07/23/2026 10:05:58 AM,07/23/2026 10:02:47 AM,07/23/2026 10:09:50 AM
D6171080,256,A2FU3256SLA3,LEO425,Equipment:/Public/WaferFlow/PRD/P_ALL_B2N_2X53WIW_LF_1EDS_HFR,5,07/23/2026 12:46:38 PM,LEO425_SPN03,07/23/2026 12:46:38 PM,TBF445,WaferFlow/PRD/C-9110D-1000-88P,5,07/23/2026 9:15:41 AM,TBF445_SCPL1332,TBF445_BCT132,TBF445_CGCH1316,TBF445_TEL_Lithius,07/23/2026 9:12:29 AM,07/23/2026 9:13:33 AM,07/23/2026 9:15:30 AM,07/23/2026 9:15:41 AM,TBF454,WaferFlow/PRD/C-9825-280-88M,5,07/23/2026 9:34:37 AM,TBF454_SCPL1431,TBF454_BCT143,TBF454_CGCH1416,TBF454_TEL_Lithius,07/23/2026 9:30:11 AM,07/23/2026 9:31:42 AM,07/23/2026 9:34:24 AM,07/23/2026 9:34:37 AM,SNY512,"L-1N58-925-AB5 +?USER/5E8PXMCG/5E8PXMCG_2$MT5F_GMT404_GMT412_GMT412 8PXMCGMT51NB4 -illum=6662 $EX=A$FC=-0.036$ILL0=6662$IASM=1$RTCT1=IMM_1_DEFAULT$SDCFLD=ALL$SDCGRD=Y$ISMM=4$ISMC=8PXMCVG_MT5_FL78$WAMM=5$WAMC=8PXMCVBG_MT5_FL78$PLMM=5$PLMC=8PXMCVBG_MT5_FL78$IARECTRL=1$IARECALC=97$RDIMG=1$PMA_EXEC=1$PMA_REF_ERR=0.7$PMA_REF_ERRW=3.95$PMA_REF_WARN=0.7$PMA_REF_WARNW=0.77$PMW_OFST_ERRW=1.1$PMW_OFST_WARNW=0.925$PMW_TARGET=4$PMW_WS_ERR=11$PMW_WS_ERRW=3.62$PMW_WS_WARN=11$PMW_WS_WARNW=2.41 Q ^8S63XERIASWIP {CD=A,R;EFCCFW=3;RG=A;SRCFW=3;NFL1=T;RESIST=AM;LinkMode=NoLotGene}",8PXMCGMT51NB4,5,07/23/2026 10:08:57 AM,SNY512_CADH1112,SNY512_SCPL1132,SNY512_SCPL1134,SNY512_ICPL306,SNY512_SCPL1432,SNY512_CHK1,SNY512_COT112,SNY512_ITC113,SNY512_ADEV143,SNY512_CPHP1113,SNY512_CPHP1115,SNY512_CPHP1426,SNY512_PIR3023,SNY512_SRS3012,SNY512_TNP512,07/23/2026 9:54:03 AM,07/23/2026 9:54:50 AM,07/23/2026 9:58:20 AM,07/23/2026 10:02:11 AM,07/23/2026 10:07:18 AM,07/23/2026 10:04:20 AM,07/23/2026 9:55:50 AM,07/23/2026 9:59:26 AM,07/23/2026 10:08:43 AM,07/23/2026 9:57:35 AM,07/23/2026 10:01:04 AM,07/23/2026 10:06:32 AM,07/23/2026 10:05:05 AM,07/23/2026 10:01:45 AM,07/23/2026 10:08:57 AM
D6171080,326,A2FU3326SLA6,LEO425,Equipment:/Public/WaferFlow/PRD/P_ALL_B2N_2X53WIW_LF_1EDS_HFR,2,07/23/2026 12:46:19 PM,LEO425_SPN05,07/23/2026 12:46:19 PM,TBF445,WaferFlow/PRD/C-9110D-1000-88P,2,07/23/2026 9:16:49 AM,TBF445_SCPL1431,TBF445_BCT141,TBF445_CGCH1415,TBF445_TEL_Lithius,07/23/2026 9:12:15 AM,07/23/2026 9:14:46 AM,07/23/2026 9:16:39 AM,07/23/2026 9:16:49 AM,TBF454,WaferFlow/PRD/C-9825-280-88M,2,07/23/2026 9:32:46 AM,TBF454_SCPL1532,TBF454_BCT151,TBF454_CGCH1525,TBF454_TEL_Lithius,07/23/2026 9:29:01 AM,07/23/2026 9:30:03 AM,07/23/2026 9:31:53 AM,07/23/2026 9:32:46 AM,SNY512,"L-1N58-925-AB5 +?USER/5E8PXMCG/5E8PXMCG_2$MT5F_GMT404_GMT412_GMT412 8PXMCGMT51NB4 -illum=6662 $EX=A$FC=-0.036$ILL0=6662$IASM=1$RTCT1=IMM_1_DEFAULT$SDCFLD=ALL$SDCGRD=Y$ISMM=4$ISMC=8PXMCVG_MT5_FL78$WAMM=5$WAMC=8PXMCVBG_MT5_FL78$PLMM=5$PLMC=8PXMCVBG_MT5_FL78$IARECTRL=1$IARECALC=97$RDIMG=1$PMA_EXEC=1$PMA_REF_ERR=0.7$PMA_REF_ERRW=3.95$PMA_REF_WARN=0.7$PMA_REF_WARNW=0.77$PMW_OFST_ERRW=1.1$PMW_OFST_WARNW=0.925$PMW_TARGET=4$PMW_WS_ERR=11$PMW_WS_ERRW=3.62$PMW_WS_WARN=11$PMW_WS_WARNW=2.41 Q ^8S63XERIASWIP {CD=A,R;EFCCFW=3;RG=A;SRCFW=3;NFL1=T;RESIST=AM;LinkMode=NoLotGene}",8PXMCGMT51NB4,2,07/23/2026 10:15:31 AM,SNY512_CADH1111,SNY512_SCPL1131,SNY512_SCPL1133,SNY512_ICPL307,SNY512_SCPL1532,SNY512_CHK1,SNY512_COT111,SNY512_ITC113,SNY512_ADEV152,SNY512_CPHP1114,SNY512_CPHP1116,SNY512_CPHP1516,SNY512_PIR3022,SNY512_SRS3011,SNY512_TNP512,07/23/2026 10:00:47 AM,07/23/2026 10:01:33 AM,07/23/2026 10:05:04 AM,07/23/2026 10:08:52 AM,07/23/2026 10:13:52 AM,07/23/2026 10:10:55 AM,07/23/2026 10:02:40 AM,07/23/2026 10:06:16 AM,07/23/2026 10:15:17 AM,07/23/2026 10:04:18 AM,07/23/2026 10:07:47 AM,07/23/2026 10:13:05 AM,07/23/2026 10:11:39 AM,07/23/2026 10:08:26 AM,07/23/2026 10:15:31 AM
D6171080,210,A2FU3210SLB1,LEO425,Equipment:/Public/WaferFlow/PRD/P_ALL_B2N_2X53WIW_LF_1EDS_HFR,15,07/23/2026 12:49:03 PM,LEO425_SPN05,07/23/2026 12:49:03 PM,TBF445,WaferFlow/PRD/C-9110D-1000-88P,15,07/23/2026 9:16:24 AM,TBF445_SCPL1532,TBF445_BCT151,TBF445_CGCH1525,TBF445_TEL_Lithius,07/23/2026 9:13:30 AM,07/23/2026 9:14:20 AM,07/23/2026 9:16:06 AM,07/23/2026 9:16:24 AM,TBF454,WaferFlow/PRD/C-9825-280-88M,15,07/23/2026 9:33:20 AM,TBF454_SCPL1631,TBF454_BCT161,TBF454_CGCH1616,TBF454_TEL_Lithius,07/23/2026 9:30:25 AM,07/23/2026 9:31:09 AM,07/23/2026 9:33:00 AM,07/23/2026 9:33:20 AM,SNY512,"L-1N58-925-AB5 +?USER/5E8PXMCG/5E8PXMCG_2$MT5F_GMT404_GMT412_GMT412 8PXMCGMT51NB4 -illum=6662 $EX=A$FC=-0.036$ILL0=6662$IASM=1$RTCT1=IMM_1_DEFAULT$SDCFLD=ALL$SDCGRD=Y$ISMM=4$ISMC=8PXMCVG_MT5_FL78$WAMM=5$WAMC=8PXMCVBG_MT5_FL78$PLMM=5$PLMC=8PXMCVBG_MT5_FL78$IARECTRL=1$IARECALC=97$RDIMG=1$PMA_EXEC=1$PMA_REF_ERR=0.7$PMA_REF_ERRW=3.95$PMA_REF_WARN=0.7$PMA_REF_WARNW=0.77$PMW_OFST_ERRW=1.1$PMW_OFST_WARNW=0.925$PMW_TARGET=4$PMW_WS_ERR=11$PMW_WS_ERRW=3.62$PMW_WS_WARN=11$PMW_WS_WARNW=2.41 Q ^8S63XERIASWIP {CD=A,R;EFCCFW=3;RG=A;SRCFW=3;NFL1=T;RESIST=AM;LinkMode=NoLotGene}",8PXMCGMT51NB4,15,07/23/2026 10:01:26 AM,SNY512_CADH1112,SNY512_SCPL1132,SNY512_SCPL1134,SNY512_ICPL307,SNY512_SCPL1531,SNY512_CHK1,SNY512_COT112,SNY512_ITC113,SNY512_ADEV153,SNY512_CPHP1114,SNY512_CPHP1116,SNY512_CPHP1526,SNY512_PIR3023,SNY512_SRS3012,SNY512_TNP512,07/23/2026 9:46:00 AM,07/23/2026 9:46:44 AM,07/23/2026 9:50:35 AM,07/23/2026 9:54:27 AM,07/23/2026 9:59:29 AM,07/23/2026 9:56:33 AM,07/23/2026 9:47:51 AM,07/23/2026 9:51:41 AM,07/23/2026 10:01:12 AM,07/23/2026 9:49:50 AM,07/23/2026 9:53:19 AM,07/23/2026 9:58:43 AM,07/23/2026 9:57:17 AM,07/23/2026 9:54:00 AM,07/23/2026 10:01:26 AM
D6171080,214,A2FU3214SLD3,LEO425,Equipment:/Public/WaferFlow/PRD/P_ALL_B2N_2X53WIW_LF_1EDS_HFR,16,07/23/2026 12:47:10 PM,LEO425_SPN24,07/23/2026 12:47:10 PM,TBF445,WaferFlow/PRD/C-9110D-1000-88P,16,07/23/2026 9:16:30 AM,TBF445_SCPL1632,TBF445_BCT161,TBF445_CGCH1625,TBF445_TEL_Lithius,07/23/2026 9:13:35 AM,07/23/2026 9:14:24 AM,07/23/2026 9:16:10 AM,07/23/2026 9:16:30 AM,TBF454,WaferFlow/PRD/C-9825-280-88M,16,07/23/2026 9:35:10 AM,TBF454_SCPL1332,TBF454_BCT132,TBF454_CGCH1315,TBF454_TEL_Lithius,07/23/2026 9:31:45 AM,07/23/2026 9:32:58 AM,07/23/2026 9:35:01 AM,07/23/2026 9:35:10 AM,SNY512,"L-1N58-925-AB5 +?USER/5E8PXMCG/5E8PXMCG_2$MT5F_GMT404_GMT412_GMT412 8PXMCGMT51NB4 -illum=6662 $EX=A$FC=-0.036$ILL0=6662$IASM=1$RTCT1=IMM_1_DEFAULT$SDCFLD=ALL$SDCGRD=Y$ISMM=4$ISMC=8PXMCVG_MT5_FL78$WAMM=5$WAMC=8PXMCVBG_MT5_FL78$PLMM=5$PLMC=8PXMCVBG_MT5_FL78$IARECTRL=1$IARECALC=97$RDIMG=1$PMA_EXEC=1$PMA_REF_ERR=0.7$PMA_REF_ERRW=3.95$PMA_REF_WARN=0.7$PMA_REF_WARNW=0.77$PMW_OFST_ERRW=1.1$PMW_OFST_WARNW=0.925$PMW_TARGET=4$PMW_WS_ERR=11$PMW_WS_ERRW=3.62$PMW_WS_WARN=11$PMW_WS_WARNW=2.41 Q ^8S63XERIASWIP {CD=A,R;EFCCFW=3;RG=A;SRCFW=3;NFL1=T;RESIST=AM;LinkMode=NoLotGene}",8PXMCGMT51NB4,16,07/23/2026 10:03:39 AM,SNY512_CADH1122,SNY512_SCPL1132,SNY512_SCPL1134,SNY512_ICPL306,SNY512_SCPL1432,SNY512_CHK1,SNY512_COT112,SNY512_ITC113,SNY512_ADEV141,SNY512_CPHP1113,SNY512_CPHP1115,SNY512_CPHP1415,SNY512_PIR3023,SNY512_SRS3014,SNY512_TNP512,07/23/2026 9:47:33 AM,07/23/2026 9:49:01 AM,07/23/2026 9:52:32 AM,07/23/2026 9:56:23 AM,07/23/2026 10:01:28 AM,07/23/2026 9:58:30 AM,07/23/2026 9:50:01 AM,07/23/2026 9:53:37 AM,07/23/2026 10:03:24 AM,07/23/2026 9:51:46 AM,07/23/2026 9:55:15 AM,07/23/2026 10:00:41 AM,07/23/2026 9:59:15 AM,07/23/2026 9:55:56 AM,07/23/2026 10:03:39 AM
D6171080,336,A2FU3336SLF2,LEO425,Equipment:/Public/WaferFlow/PRD/P_ALL_B2N_2X53WIW_LF_1EDS_HFR,3,07/23/2026 12:46:23 PM,LEO425_SPN02,07/23/2026 12:46:23 PM,TBF445,WaferFlow/PRD/C-9110D-1000-88P,3,07/23/2026 9:15:56 AM,TBF445_SCPL1531,TBF445_BCT151,TBF445_CGCH1515,TBF445_TEL_Lithius,07/23/2026 9:12:20 AM,07/23/2026 9:13:26 AM,07/23/2026 9:15:19 AM,07/23/2026 9:15:56 AM,TBF454,WaferFlow/PRD/C-9825-280-88M,3,07/23/2026 9:32:55 AM,TBF454_SCPL1632,TBF454_BCT161,TBF454_CGCH1625,TBF454_TEL_Lithius,07/23/2026 9:29:05 AM,07/23/2026 9:30:07 AM,07/23/2026 9:31:57 AM,07/23/2026 9:32:55 AM,SNY512,"L-1N58-925-AB5 +?USER/5E8PXMCG/5E8PXMCG_2$MT5F_GMT404_GMT412_GMT412 8PXMCGMT51NB4 -illum=6662 $EX=A$FC=-0.036$ILL0=6662$IASM=1$RTCT1=IMM_1_DEFAULT$SDCFLD=ALL$SDCGRD=Y$ISMM=4$ISMC=8PXMCVG_MT5_FL78$WAMM=5$WAMC=8PXMCVBG_MT5_FL78$PLMM=5$PLMC=8PXMCVBG_MT5_FL78$IARECTRL=1$IARECALC=97$RDIMG=1$PMA_EXEC=1$PMA_REF_ERR=0.7$PMA_REF_ERRW=3.95$PMA_REF_WARN=0.7$PMA_REF_WARNW=0.77$PMW_OFST_ERRW=1.1$PMW_OFST_WARNW=0.925$PMW_TARGET=4$PMW_WS_ERR=11$PMW_WS_ERRW=3.62$PMW_WS_WARN=11$PMW_WS_WARNW=2.41 Q ^8S63XERIASWIP {CD=A,R;EFCCFW=3;RG=A;SRCFW=3;NFL1=T;RESIST=AM;LinkMode=NoLotGene}",8PXMCGMT51NB4,3,07/23/2026 10:18:06 AM,SNY512_CADH1122,SNY512_SCPL1132,SNY512_SCPL1134,SNY512_ICPL307,SNY512_SCPL1531,SNY512_CHK1,SNY512_COT112,SNY512_ITC113,SNY512_ADEV153,SNY512_CPHP1114,SNY512_CPHP1116,SNY512_CPHP1526,SNY512_PIR3023,SNY512_SRS3014,SNY512_TNP512,07/23/2026 10:03:44 AM,07/23/2026 10:04:31 AM,07/23/2026 10:07:59 AM,07/23/2026 10:11:38 AM,07/23/2026 10:16:28 AM,07/23/2026 10:13:31 AM,07/23/2026 10:05:31 AM,07/23/2026 10:09:06 AM,07/23/2026 10:17:51 AM,07/23/2026 10:07:14 AM,07/23/2026 10:10:32 AM,07/23/2026 10:15:42 AM,07/23/2026 10:14:15 AM,07/23/2026 10:11:11 AM,07/23/2026 10:18:06 AM
D6171080,275,A2FU3275SLF1,LEO425,Equipment:/Public/WaferFlow/PRD/P_ALL_B2N_2X53WIW_LF_1EDS_HFR,21,07/23/2026 12:49:10 PM,LEO425_SPN02,07/23/2026 12:49:10 PM,TBF445,WaferFlow/PRD/C-9110D-1000-88P,21,07/23/2026 9:17:38 AM,TBF445_SCPL1332,TBF445_BCT133,TBF445_CGCH1315,TBF445_TEL_Lithius,07/23/2026 9:14:36 AM,07/23/2026 9:15:24 AM,07/23/2026 9:17:29 AM,07/23/2026 9:17:38 AM,TBF454,WaferFlow/PRD/C-9825-280-88M,21,07/23/2026 9:35:56 AM,TBF454_SCPL1431,TBF454_BCT141,TBF454_CGCH1415,TBF454_TEL_Lithius,07/23/2026 9:32:51 AM,07/23/2026 9:33:40 AM,07/23/2026 9:35:44 AM,07/23/2026 9:35:56 AM,SNY512,"L-1N58-925-AB5 +?USER/5E8PXMCG/5E8PXMCG_2$MT5F_GMT404_GMT412_GMT412 8PXMCGMT51NB4 -illum=6662 $EX=A$FC=-0.036$ILL0=6662$IASM=1$RTCT1=IMM_1_DEFAULT$SDCFLD=ALL$SDCGRD=Y$ISMM=4$ISMC=8PXMCVG_MT5_FL78$WAMM=5$WAMC=8PXMCVBG_MT5_FL78$PLMM=5$PLMC=8PXMCVBG_MT5_FL78$IARECTRL=1$IARECALC=97$RDIMG=1$PMA_EXEC=1$PMA_REF_ERR=0.7$PMA_REF_ERRW=3.95$PMA_REF_WARN=0.7$PMA_REF_WARNW=0.77$PMW_OFST_ERRW=1.1$PMW_OFST_WARNW=0.925$PMW_TARGET=4$PMW_WS_ERR=11$PMW_WS_ERRW=3.62$PMW_WS_WARN=11$PMW_WS_WARNW=2.41 Q ^8S63XERIASWIP {CD=A,R;EFCCFW=3;RG=A;SRCFW=3;NFL1=T;RESIST=AM;LinkMode=NoLotGene}",8PXMCGMT51NB4,21,07/23/2026 10:14:37 AM,SNY512_CADH1122,SNY512_SCPL1132,SNY512_SCPL1134,SNY512_ICPL306,SNY512_SCPL1432,SNY512_CHK1,SNY512_COT112,SNY512_ITC113,SNY512_ADEV142,SNY512_CPHP1113,SNY512_CPHP1115,SNY512_CPHP1416,SNY512_PIR3023,SNY512_SRS3014,SNY512_TNP512,07/23/2026 9:59:52 AM,07/23/2026 10:00:39 AM,07/23/2026 10:04:09 AM,07/23/2026 10:07:59 AM,07/23/2026 10:12:57 AM,07/23/2026 10:10:00 AM,07/23/2026 10:01:38 AM,07/23/2026 10:05:15 AM,07/23/2026 10:14:22 AM,07/23/2026 10:03:23 AM,07/23/2026 10:06:52 AM,07/23/2026 10:12:11 AM,07/23/2026 10:10:45 AM,07/23/2026 10:07:33 AM,07/23/2026 10:14:37 AM
D6171080,262,A2FU3262SLC5,LEO425,Equipment:/Public/WaferFlow/PRD/P_ALL_B2N_2X53WIW_LF_1EDS_HFR,1,07/23/2026 12:46:14 PM,LEO425_SPN01,07/23/2026 12:46:14 PM,TBF445,WaferFlow/PRD/C-9110D-1000-88P,1,07/23/2026 9:15:36 AM,TBF445_SCPL1331,TBF445_BCT131,TBF445_CGCH1315,TBF445_TEL_Lithius,07/23/2026 9:12:11 AM,07/23/2026 9:13:17 AM,07/23/2026 9:15:10 AM,07/23/2026 9:15:36 AM,TBF454,WaferFlow/PRD/C-9825-280-88M,1,07/23/2026 9:34:16 AM,TBF454_SCPL1432,TBF454_BCT142,TBF454_CGCH1415,TBF454_TEL_Lithius,07/23/2026 9:29:32 AM,07/23/2026 9:30:52 AM,07/23/2026 9:34:02 AM,07/23/2026 9:34:16 AM,SNY512,"L-1N58-925-AB5 +?USER/5E8PXMCG/5E8PXMCG_2$MT5F_GMT404_GMT412_GMT412 8PXMCGMT51NB4 -illum=6662 $EX=A$FC=-0.036$ILL0=6662$IASM=1$RTCT1=IMM_1_DEFAULT$SDCFLD=ALL$SDCGRD=Y$ISMM=4$ISMC=8PXMCVG_MT5_FL78$WAMM=5$WAMC=8PXMCVBG_MT5_FL78$PLMM=5$PLMC=8PXMCVBG_MT5_FL78$IARECTRL=1$IARECALC=97$RDIMG=1$PMA_EXEC=1$PMA_REF_ERR=0.7$PMA_REF_ERRW=3.95$PMA_REF_WARN=0.7$PMA_REF_WARNW=0.77$PMW_OFST_ERRW=1.1$PMW_OFST_WARNW=0.925$PMW_TARGET=4$PMW_WS_ERR=11$PMW_WS_ERRW=3.62$PMW_WS_WARN=11$PMW_WS_WARNW=2.41 Q ^8S63XERIASWIP {CD=A,R;EFCCFW=3;RG=A;SRCFW=3;NFL1=T;RESIST=AM;LinkMode=NoLotGene}",8PXMCGMT51NB4,1,07/23/2026 10:10:49 AM,SNY512_CADH1122,SNY512_SCPL1132,SNY512_SCPL1134,SNY512_ICPL308,SNY512_SCPL1632,SNY512_CHK1,SNY512_COT112,SNY512_ITC113,SNY512_ADEV163,SNY512_CPHP1123,SNY512_CPHP1126,SNY512_CPHP1626,SNY512_PIR3023,SNY512_SRS3014,SNY512_TNP512,07/23/2026 9:55:59 AM,07/23/2026 9:56:46 AM,07/23/2026 10:00:16 AM,07/23/2026 10:04:08 AM,07/23/2026 10:09:09 AM,07/23/2026 10:06:12 AM,07/23/2026 9:57:46 AM,07/23/2026 10:01:22 AM,07/23/2026 10:10:34 AM,07/23/2026 9:59:31 AM,07/23/2026 10:03:00 AM,07/23/2026 10:08:23 AM,07/23/2026 10:06:57 AM,07/23/2026 10:03:41 AM,07/23/2026 10:10:49 AM
D6171080,274,A2FU3274SLA7,LEO425,Equipment:/Public/WaferFlow/PRD/P_ALL_B2N_2X53WIW_LF_1EDS_HFR,23,07/23/2026 12:49:24 PM,LEO425_SPN03,07/23/2026 12:49:24 PM,TBF445,WaferFlow/PRD/C-9110D-1000-88P,23,07/23/2026 9:17:57 AM,TBF445_SCPL1532,TBF445_BCT153,TBF445_CGCH1515,TBF445_TEL_Lithius,07/23/2026 9:14:53 AM,07/23/2026 9:15:42 AM,07/23/2026 9:17:44 AM,07/23/2026 9:17:57 AM,TBF454,WaferFlow/PRD/C-9825-280-88M,23,07/23/2026 9:34:46 AM,TBF454_SCPL1631,TBF454_BCT163,TBF454_CGCH1625,TBF454_TEL_Lithius,07/23/2026 9:31:49 AM,07/23/2026 9:32:33 AM,07/23/2026 9:34:35 AM,07/23/2026 9:34:46 AM,SNY512,"L-1N58-925-AB5 +?USER/5E8PXMCG/5E8PXMCG_2$MT5F_GMT404_GMT412_GMT412 8PXMCGMT51NB4 -illum=6662 $EX=A$FC=-0.036$ILL0=6662$IASM=1$RTCT1=IMM_1_DEFAULT$SDCFLD=ALL$SDCGRD=Y$ISMM=4$ISMC=8PXMCVG_MT5_FL78$WAMM=5$WAMC=8PXMCVBG_MT5_FL78$PLMM=5$PLMC=8PXMCVBG_MT5_FL78$IARECTRL=1$IARECALC=97$RDIMG=1$PMA_EXEC=1$PMA_REF_ERR=0.7$PMA_REF_ERRW=3.95$PMA_REF_WARN=0.7$PMA_REF_WARNW=0.77$PMW_OFST_ERRW=1.1$PMW_OFST_WARNW=0.925$PMW_TARGET=4$PMW_WS_ERR=11$PMW_WS_ERRW=3.62$PMW_WS_WARN=11$PMW_WS_WARNW=2.41 Q ^8S63XERIASWIP {CD=A,R;EFCCFW=3;RG=A;SRCFW=3;NFL1=T;RESIST=AM;LinkMode=NoLotGene}",8PXMCGMT51NB4,23,07/23/2026 10:13:40 AM,SNY512_CADH1121,SNY512_SCPL1131,SNY512_SCPL1133,SNY512_ICPL308,SNY512_SCPL1631,SNY512_CHK1,SNY512_COT111,SNY512_ITC113,SNY512_ADEV161,SNY512_CPHP1123,SNY512_CPHP1126,SNY512_CPHP1615,SNY512_PIR3022,SNY512_SRS3013,SNY512_TNP512,07/23/2026 9:58:51 AM,07/23/2026 9:59:37 AM,07/23/2026 10:03:07 AM,07/23/2026 10:07:03 AM,07/23/2026 10:12:00 AM,07/23/2026 10:09:02 AM,07/23/2026 10:00:44 AM,07/23/2026 10:04:19 AM,07/23/2026 10:13:24 AM,07/23/2026 10:02:22 AM,07/23/2026 10:05:51 AM,07/23/2026 10:11:13 AM,07/23/2026 10:09:47 AM,07/23/2026 10:06:36 AM,07/23/2026 10:13:40 AM
D6171080,213,A2FU3213SLG4,LEO425,Equipment:/Public/WaferFlow/PRD/P_ALL_B2N_2X53WIW_LF_1EDS_HFR,10,07/23/2026 12:47:02 PM,LEO425_SPN19,07/23/2026 12:47:02 PM,TBF445,WaferFlow/PRD/C-9110D-1000-88P,10,07/23/2026 9:17:26 AM,TBF445_SCPL1431,TBF445_BCT143,TBF445_CGCH1424,TBF445_TEL_Lithius,07/23/2026 9:14:34 AM,07/23/2026 9:15:23 AM,07/23/2026 9:17:16 AM,07/23/2026 9:17:26 AM,TBF454,WaferFlow/PRD/C-9825-280-88M,10,07/23/2026 9:33:08 AM,TBF454_SCPL1532,TBF454_BCT153,TBF454_CGCH1515,TBF454_TEL_Lithius,07/23/2026 9:29:55 AM,07/23/2026 9:30:40 AM,07/23/2026 9:32:34 AM,07/23/2026 9:33:08 AM,SNY512,"L-1N58-925-AB5 +?USER/5E8PXMCG/5E8PXMCG_2$MT5F_GMT404_GMT412_GMT412 8PXMCGMT51NB4 -illum=6662 $EX=A$FC=-0.036$ILL0=6662$IASM=1$RTCT1=IMM_1_DEFAULT$SDCFLD=ALL$SDCGRD=Y$ISMM=4$ISMC=8PXMCVG_MT5_FL78$WAMM=5$WAMC=8PXMCVBG_MT5_FL78$PLMM=5$PLMC=8PXMCVBG_MT5_FL78$IARECTRL=1$IARECALC=97$RDIMG=1$PMA_EXEC=1$PMA_REF_ERR=0.7$PMA_REF_ERRW=3.95$PMA_REF_WARN=0.7$PMA_REF_WARNW=0.77$PMW_OFST_ERRW=1.1$PMW_OFST_WARNW=0.925$PMW_TARGET=4$PMW_WS_ERR=11$PMW_WS_ERRW=3.62$PMW_WS_WARN=11$PMW_WS_WARNW=2.41 Q ^8S63XERIASWIP {CD=A,R;EFCCFW=3;RG=A;SRCFW=3;NFL1=T;RESIST=AM;LinkMode=NoLotGene}",8PXMCGMT51NB4,10,07/23/2026 10:02:24 AM,SNY512_CADH1121,SNY512_SCPL1131,SNY512_SCPL1133,SNY512_ICPL308,SNY512_SCPL1631,SNY512_CHK1,SNY512_COT111,SNY512_ITC113,SNY512_ADEV163,SNY512_CPHP1123,SNY512_CPHP1126,SNY512_CPHP1626,SNY512_PIR3022,SNY512_SRS3013,SNY512_TNP512,07/23/2026 9:46:46 AM,07/23/2026 9:47:45 AM,07/23/2026 9:51:30 AM,07/23/2026 9:55:27 AM,07/23/2026 10:00:26 AM,07/23/2026 9:57:28 AM,07/23/2026 9:49:06 AM,07/23/2026 9:52:42 AM,07/23/2026 10:02:08 AM,07/23/2026 9:50:45 AM,07/23/2026 9:54:13 AM,07/23/2026 9:59:39 AM,07/23/2026 9:58:13 AM,07/23/2026 9:55:01 AM,07/23/2026 10:02:24 AM
D6171080,339,A2FU3339SLD2,LEO425,Equipment:/Public/WaferFlow/PRD/P_ALL_B2N_2X53WIW_LF_1EDS_HFR,19,07/23/2026 12:49:18 PM,LEO425_SPN21,07/23/2026 12:49:18 PM,TBF445,WaferFlow/PRD/C-9110D-1000-88P,19,07/23/2026 9:17:33 AM,TBF445_SCPL1531,TBF445_BCT152,TBF445_CGCH1526,TBF445_TEL_Lithius,07/23/2026 9:14:29 AM,07/23/2026 9:15:17 AM,07/23/2026 9:17:24 AM,07/23/2026 9:17:33 AM,TBF454,WaferFlow/PRD/C-9825-280-88M,19,07/23/2026 9:33:48 AM,TBF454_SCPL1632,TBF454_BCT162,TBF454_CGCH1624,TBF454_TEL_Lithius,07/23/2026 9:30:46 AM,07/23/2026 9:31:30 AM,07/23/2026 9:33:40 AM,07/23/2026 9:33:48 AM,SNY512,"L-1N58-925-AB5 +?USER/5E8PXMCG/5E8PXMCG_2$MT5F_GMT404_GMT412_GMT412 8PXMCGMT51NB4 -illum=6662 $EX=A$FC=-0.036$ILL0=6662$IASM=1$RTCT1=IMM_1_DEFAULT$SDCFLD=ALL$SDCGRD=Y$ISMM=4$ISMC=8PXMCVG_MT5_FL78$WAMM=5$WAMC=8PXMCVBG_MT5_FL78$PLMM=5$PLMC=8PXMCVBG_MT5_FL78$IARECTRL=1$IARECALC=97$RDIMG=1$PMA_EXEC=1$PMA_REF_ERR=0.7$PMA_REF_ERRW=3.95$PMA_REF_WARN=0.7$PMA_REF_WARNW=0.77$PMW_OFST_ERRW=1.1$PMW_OFST_WARNW=0.925$PMW_TARGET=4$PMW_WS_ERR=11$PMW_WS_ERRW=3.62$PMW_WS_WARN=11$PMW_WS_WARNW=2.41 Q ^8S63XERIASWIP {CD=A,R;EFCCFW=3;RG=A;SRCFW=3;NFL1=T;RESIST=AM;LinkMode=NoLotGene}",8PXMCGMT51NB4,19,07/23/2026 10:19:47 AM,SNY512_CADH1112,SNY512_SCPL1132,SNY512_SCPL1134,SNY512_ICPL306,SNY512_SCPL1432,SNY512_CHK1,SNY512_COT112,SNY512_ITC113,SNY512_ADEV141,SNY512_CPHP1113,SNY512_CPHP1115,SNY512_CPHP1415,SNY512_PIR3023,SNY512_SRS3012,SNY512_TNP512,07/23/2026 10:05:40 AM,07/23/2026 10:06:25 AM,07/23/2026 10:09:45 AM,07/23/2026 10:13:18 AM,07/23/2026 10:18:10 AM,07/23/2026 10:15:12 AM,07/23/2026 10:07:26 AM,07/23/2026 10:10:46 AM,07/23/2026 10:19:33 AM,07/23/2026 10:08:59 AM,07/23/2026 10:12:13 AM,07/23/2026 10:17:25 AM,07/23/2026 10:15:58 AM,07/23/2026 10:12:52 AM,07/23/2026 10:19:47 AM
D6171080,342,A2FU3342SLA1,LEO425,Equipment:/Public/WaferFlow/PRD/P_ALL_B2N_2X53WIW_LF_1EDS_HFR,12,07/23/2026 12:47:13 PM,LEO425_SPN08,07/23/2026 12:47:13 PM,TBF445,WaferFlow/PRD/C-9110D-1000-88P,12,07/23/2026 9:16:10 AM,TBF445_SCPL1631,TBF445_BCT163,TBF445_CGCH1624,TBF445_TEL_Lithius,07/23/2026 9:13:18 AM,07/23/2026 9:14:08 AM,07/23/2026 9:15:54 AM,07/23/2026 9:16:10 AM,TBF454,WaferFlow/PRD/C-9825-280-88M,12,07/23/2026 9:34:52 AM,TBF454_SCPL1331,TBF454_BCT131,TBF454_CGCH1326,TBF454_TEL_Lithius,07/23/2026 9:31:12 AM,07/23/2026 9:32:21 AM,07/23/2026 9:34:43 AM,07/23/2026 9:34:52 AM,SNY512,"L-1N58-925-AB5 +?USER/5E8PXMCG/5E8PXMCG_2$MT5F_GMT404_GMT412_GMT412 8PXMCGMT51NB4 -illum=6662 $EX=A$FC=-0.036$ILL0=6662$IASM=1$RTCT1=IMM_1_DEFAULT$SDCFLD=ALL$SDCGRD=Y$ISMM=4$ISMC=8PXMCVG_MT5_FL78$WAMM=5$WAMC=8PXMCVBG_MT5_FL78$PLMM=5$PLMC=8PXMCVBG_MT5_FL78$IARECTRL=1$IARECALC=97$RDIMG=1$PMA_EXEC=1$PMA_REF_ERR=0.7$PMA_REF_ERRW=3.95$PMA_REF_WARN=0.7$PMA_REF_WARNW=0.77$PMW_OFST_ERRW=1.1$PMW_OFST_WARNW=0.925$PMW_TARGET=4$PMW_WS_ERR=11$PMW_WS_ERRW=3.62$PMW_WS_WARN=11$PMW_WS_WARNW=2.41 Q ^8S63XERIASWIP {CD=A,R;EFCCFW=3;RG=A;SRCFW=3;NFL1=T;RESIST=AM;LinkMode=NoLotGene}",8PXMCGMT51NB4,12,07/23/2026 10:20:06 AM,SNY512_CADH1121,SNY512_SCPL1131,SNY512_SCPL1133,SNY512_ICPL307,SNY512_SCPL1532,SNY512_CHK1,SNY512_COT111,SNY512_ITC113,SNY512_ADEV151,SNY512_CPHP1114,SNY512_CPHP1116,SNY512_CPHP1515,SNY512_PIR3022,SNY512_SRS3013,SNY512_TNP512,07/23/2026 10:06:36 AM,07/23/2026 10:07:21 AM,07/23/2026 10:10:34 AM,07/23/2026 10:14:07 AM,07/23/2026 10:18:29 AM,07/23/2026 10:15:32 AM,07/23/2026 10:08:16 AM,07/23/2026 10:11:36 AM,07/23/2026 10:19:51 AM,07/23/2026 10:09:48 AM,07/23/2026 10:13:02 AM,07/23/2026 10:17:43 AM,07/23/2026 10:16:17 AM,07/23/2026 10:13:41 AM,07/23/2026 10:20:06 AM
D6171080,334,A2FU3334SLE1,LEO425,Equipment:/Public/WaferFlow/PRD/P_ALL_B2N_2X53WIW_LF_1EDS_HFR,17,07/23/2026 12:47:18 PM,LEO425_SPN23,07/23/2026 12:47:18 PM,TBF445,WaferFlow/PRD/C-9110D-1000-88P,17,07/23/2026 9:16:35 AM,TBF445_SCPL1331,TBF445_BCT132,TBF445_CGCH1326,TBF445_TEL_Lithius,07/23/2026 9:13:42 AM,07/23/2026 9:14:30 AM,07/23/2026 9:16:26 AM,07/23/2026 9:16:35 AM,TBF454,WaferFlow/PRD/C-9825-280-88M,17,07/23/2026 9:35:34 AM,TBF454_SCPL1432,TBF454_BCT143,TBF454_CGCH1426,TBF454_TEL_Lithius,07/23/2026 9:32:10 AM,07/23/2026 9:33:21 AM,07/23/2026 9:35:21 AM,07/23/2026 9:35:34 AM,SNY512,"L-1N58-925-AB5 +?USER/5E8PXMCG/5E8PXMCG_2$MT5F_GMT404_GMT412_GMT412 8PXMCGMT51NB4 -illum=6662 $EX=A$FC=-0.036$ILL0=6662$IASM=1$RTCT1=IMM_1_DEFAULT$SDCFLD=ALL$SDCGRD=Y$ISMM=4$ISMC=8PXMCVG_MT5_FL78$WAMM=5$WAMC=8PXMCVBG_MT5_FL78$PLMM=5$PLMC=8PXMCVBG_MT5_FL78$IARECTRL=1$IARECALC=97$RDIMG=1$PMA_EXEC=1$PMA_REF_ERR=0.7$PMA_REF_ERRW=3.95$PMA_REF_WARN=0.7$PMA_REF_WARNW=0.77$PMW_OFST_ERRW=1.1$PMW_OFST_WARNW=0.925$PMW_TARGET=4$PMW_WS_ERR=11$PMW_WS_ERRW=3.62$PMW_WS_WARN=11$PMW_WS_WARNW=2.41 Q ^8S63XERIASWIP {CD=A,R;EFCCFW=3;RG=A;SRCFW=3;NFL1=T;RESIST=AM;LinkMode=NoLotGene}",8PXMCGMT51NB4,17,07/23/2026 10:17:47 AM,SNY512_CADH1121,SNY512_SCPL1131,SNY512_SCPL1133,SNY512_ICPL306,SNY512_SCPL1431,SNY512_CHK1,SNY512_COT111,SNY512_ITC113,SNY512_ADEV143,SNY512_CPHP1113,SNY512_CPHP1115,SNY512_CPHP1426,SNY512_PIR3022,SNY512_SRS3013,SNY512_TNP512,07/23/2026 10:02:43 AM,07/23/2026 10:03:30 AM,07/23/2026 10:07:00 AM,07/23/2026 10:10:48 AM,07/23/2026 10:15:39 AM,07/23/2026 10:12:41 AM,07/23/2026 10:04:36 AM,07/23/2026 10:08:10 AM,07/23/2026 10:17:32 AM,07/23/2026 10:06:14 AM,07/23/2026 10:09:42 AM,07/23/2026 10:14:52 AM,07/23/2026 10:13:26 AM,07/23/2026 10:10:22 AM,07/23/2026 10:17:47 AM
D6171080,232,A2FU3232SLD7,LEO425,Equipment:/Public/WaferFlow/PRD/P_ALL_B2N_2X53WIW_LF_1EDS_HFR,8,07/23/2026 12:46:48 PM,LEO425_SPN18,07/23/2026 12:46:48 PM,TBF445,WaferFlow/PRD/C-9110D-1000-88P,8,07/23/2026 9:15:51 AM,TBF445_SCPL1632,TBF445_BCT162,TBF445_CGCH1616,TBF445_TEL_Lithius,07/23/2026 9:12:43 AM,07/23/2026 9:13:47 AM,07/23/2026 9:15:32 AM,07/23/2026 9:15:51 AM,TBF454,WaferFlow/PRD/C-9825-280-88M,8,07/23/2026 9:34:33 AM,TBF454_SCPL1332,TBF454_BCT133,TBF454_CGCH1325,TBF454_TEL_Lithius,07/23/2026 9:30:14 AM,07/23/2026 9:31:52 AM,07/23/2026 9:34:23 AM,07/23/2026 9:34:33 AM,SNY512,"L-1N58-925-AB5 +?USER/5E8PXMCG/5E8PXMCG_2$MT5F_GMT404_GMT412_GMT412 8PXMCGMT51NB4 -illum=6662 $EX=A$FC=-0.036$ILL0=6662$IASM=1$RTCT1=IMM_1_DEFAULT$SDCFLD=ALL$SDCGRD=Y$ISMM=4$ISMC=8PXMCVG_MT5_FL78$WAMM=5$WAMC=8PXMCVBG_MT5_FL78$PLMM=5$PLMC=8PXMCVBG_MT5_FL78$IARECTRL=1$IARECALC=97$RDIMG=1$PMA_EXEC=1$PMA_REF_ERR=0.7$PMA_REF_ERRW=3.95$PMA_REF_WARN=0.7$PMA_REF_WARNW=0.77$PMW_OFST_ERRW=1.1$PMW_OFST_WARNW=0.925$PMW_TARGET=4$PMW_WS_ERR=11$PMW_WS_ERRW=3.62$PMW_WS_WARN=11$PMW_WS_WARNW=2.41 Q ^8S63XERIASWIP {CD=A,R;EFCCFW=3;RG=A;SRCFW=3;NFL1=T;RESIST=AM;LinkMode=NoLotGene}",8PXMCGMT51NB4,8,07/23/2026 10:06:25 AM,SNY512_CADH1121,SNY512_SCPL1131,SNY512_SCPL1133,SNY512_ICPL306,SNY512_SCPL1431,SNY512_CHK1,SNY512_COT111,SNY512_ITC113,SNY512_ADEV142,SNY512_CPHP1113,SNY512_CPHP1115,SNY512_CPHP1416,SNY512_PIR3022,SNY512_SRS3013,SNY512_TNP512,07/23/2026 9:51:06 AM,07/23/2026 9:51:52 AM,07/23/2026 9:55:23 AM,07/23/2026 9:59:20 AM,07/23/2026 10:04:18 AM,07/23/2026 10:01:19 AM,07/23/2026 9:52:59 AM,07/23/2026 9:56:35 AM,07/23/2026 10:06:11 AM,07/23/2026 9:54:37 AM,07/23/2026 9:58:06 AM,07/23/2026 10:03:30 AM,07/23/2026 10:02:04 AM,07/23/2026 9:58:54 AM,07/23/2026 10:06:25 AM
D6171080,338,A2FU3338SLG3,LEO425,Equipment:/Public/WaferFlow/PRD/P_ALL_B2N_2X53WIW_LF_1EDS_HFR,11,07/23/2026 12:46:42 PM,LEO425_SPN07,07/23/2026 12:46:42 PM,TBF445,WaferFlow/PRD/C-9110D-1000-88P,11,07/23/2026 9:16:05 AM,TBF445_SCPL1531,TBF445_BCT153,TBF445_CGCH1524,TBF445_TEL_Lithius,07/23/2026 9:13:14 AM,07/23/2026 9:14:03 AM,07/23/2026 9:15:49 AM,07/23/2026 9:16:05 AM,TBF454,WaferFlow/PRD/C-9825-280-88M,11,07/23/2026 9:32:50 AM,TBF454_SCPL1632,TBF454_BCT163,TBF454_CGCH1615,TBF454_TEL_Lithius,07/23/2026 9:30:00 AM,07/23/2026 9:30:44 AM,07/23/2026 9:32:38 AM,07/23/2026 9:32:50 AM,SNY512,"L-1N58-925-AB5 +?USER/5E8PXMCG/5E8PXMCG_2$MT5F_GMT404_GMT412_GMT412 8PXMCGMT51NB4 -illum=6662 $EX=A$FC=-0.036$ILL0=6662$IASM=1$RTCT1=IMM_1_DEFAULT$SDCFLD=ALL$SDCGRD=Y$ISMM=4$ISMC=8PXMCVG_MT5_FL78$WAMM=5$WAMC=8PXMCVBG_MT5_FL78$PLMM=5$PLMC=8PXMCVBG_MT5_FL78$IARECTRL=1$IARECALC=97$RDIMG=1$PMA_EXEC=1$PMA_REF_ERR=0.7$PMA_REF_ERRW=3.95$PMA_REF_WARN=0.7$PMA_REF_WARNW=0.77$PMW_OFST_ERRW=1.1$PMW_OFST_WARNW=0.925$PMW_TARGET=4$PMW_WS_ERR=11$PMW_WS_ERRW=3.62$PMW_WS_WARN=11$PMW_WS_WARNW=2.41 Q ^8S63XERIASWIP {CD=A,R;EFCCFW=3;RG=A;SRCFW=3;NFL1=T;RESIST=AM;LinkMode=NoLotGene}",8PXMCGMT51NB4,11,07/23/2026 10:18:56 AM,SNY512_CADH1111,SNY512_SCPL1131,SNY512_SCPL1133,SNY512_ICPL308,SNY512_SCPL1631,SNY512_CHK1,SNY512_COT111,SNY512_ITC113,SNY512_ADEV163,SNY512_CPHP1123,SNY512_CPHP1126,SNY512_CPHP1626,SNY512_PIR3022,SNY512_SRS3011,SNY512_TNP512,07/23/2026 10:04:39 AM,07/23/2026 10:05:26 AM,07/23/2026 10:08:55 AM,07/23/2026 10:12:27 AM,07/23/2026 10:17:18 AM,07/23/2026 10:14:21 AM,07/23/2026 10:06:30 AM,07/23/2026 10:09:56 AM,07/23/2026 10:18:41 AM,07/23/2026 10:08:09 AM,07/23/2026 10:11:22 AM,07/23/2026 10:16:32 AM,07/23/2026 10:15:06 AM,07/23/2026 10:12:01 AM,07/23/2026 10:18:56 AM
D6171080,221,A2FU3221SLC4,LEO425,Equipment:/Public/WaferFlow/PRD/P_ALL_B2N_2X53WIW_LF_1EDS_HFR,6,07/23/2026 12:46:37 PM,LEO425_SPN21,07/23/2026 12:46:37 PM,TBF445,WaferFlow/PRD/C-9110D-1000-88P,6,07/23/2026 9:17:09 AM,TBF445_SCPL1432,TBF445_BCT142,TBF445_CGCH1416,TBF445_TEL_Lithius,07/23/2026 9:12:34 AM,07/23/2026 9:15:02 AM,07/23/2026 9:17:00 AM,07/23/2026 9:17:09 AM,TBF454,WaferFlow/PRD/C-9825-280-88M,6,07/23/2026 9:32:59 AM,TBF454_SCPL1531,TBF454_BCT152,TBF454_CGCH1526,TBF454_TEL_Lithius,07/23/2026 9:29:21 AM,07/23/2026 9:30:20 AM,07/23/2026 9:32:12 AM,07/23/2026 9:32:59 AM,SNY512,"L-1N58-925-AB5 +?USER/5E8PXMCG/5E8PXMCG_2$MT5F_GMT404_GMT412_GMT412 8PXMCGMT51NB4 -illum=6662 $EX=A$FC=-0.036$ILL0=6662$IASM=1$RTCT1=IMM_1_DEFAULT$SDCFLD=ALL$SDCGRD=Y$ISMM=4$ISMC=8PXMCVG_MT5_FL78$WAMM=5$WAMC=8PXMCVBG_MT5_FL78$PLMM=5$PLMC=8PXMCVBG_MT5_FL78$IARECTRL=1$IARECALC=97$RDIMG=1$PMA_EXEC=1$PMA_REF_ERR=0.7$PMA_REF_ERRW=3.95$PMA_REF_WARN=0.7$PMA_REF_WARNW=0.77$PMW_OFST_ERRW=1.1$PMW_OFST_WARNW=0.925$PMW_TARGET=4$PMW_WS_ERR=11$PMW_WS_ERRW=3.62$PMW_WS_WARN=11$PMW_WS_WARNW=2.41 Q ^8S63XERIASWIP {CD=A,R;EFCCFW=3;RG=A;SRCFW=3;NFL1=T;RESIST=AM;LinkMode=NoLotGene}",8PXMCGMT51NB4,6,07/23/2026 10:05:31 AM,SNY512_CADH1112,SNY512_SCPL1132,SNY512_SCPL1134,SNY512_ICPL308,SNY512_SCPL1632,SNY512_CHK1,SNY512_COT112,SNY512_ITC113,SNY512_ADEV161,SNY512_CPHP1123,SNY512_CPHP1126,SNY512_CPHP1615,SNY512_PIR3023,SNY512_SRS3012,SNY512_TNP512,07/23/2026 9:50:11 AM,07/23/2026 9:50:58 AM,07/23/2026 9:54:28 AM,07/23/2026 9:58:18 AM,07/23/2026 10:03:22 AM,07/23/2026 10:00:25 AM,07/23/2026 9:51:57 AM,07/23/2026 9:55:33 AM,07/23/2026 10:05:15 AM,07/23/2026 9:53:42 AM,07/23/2026 9:57:11 AM,07/23/2026 10:02:36 AM,07/23/2026 10:01:10 AM,07/23/2026 9:57:52 AM,07/23/2026 10:05:31 AM
D6171080,206,A2FU3206SLA0,LEO425,Equipment:/Public/WaferFlow/PRD/P_ALL_B2N_2X53WIW_LF_1EDS_HFR,14,07/23/2026 12:48:56 PM,LEO425_SPN01,07/23/2026 12:48:56 PM,TBF445,WaferFlow/PRD/C-9110D-1000-88P,14,07/23/2026 9:17:47 AM,TBF445_SCPL1432,TBF445_BCT141,TBF445_CGCH1425,TBF445_TEL_Lithius,07/23/2026 9:14:50 AM,07/23/2026 9:15:39 AM,07/23/2026 9:17:37 AM,07/23/2026 9:17:47 AM,TBF454,WaferFlow/PRD/C-9825-280-88M,14,07/23/2026 9:33:15 AM,TBF454_SCPL1531,TBF454_BCT151,TBF454_CGCH1516,TBF454_TEL_Lithius,07/23/2026 9:30:21 AM,07/23/2026 9:31:05 AM,07/23/2026 9:32:56 AM,07/23/2026 9:33:15 AM,SNY512,"L-1N58-925-AB5 +?USER/5E8PXMCG/5E8PXMCG_2$MT5F_GMT404_GMT412_GMT412 8PXMCGMT51NB4 -illum=6662 $EX=A$FC=-0.036$ILL0=6662$IASM=1$RTCT1=IMM_1_DEFAULT$SDCFLD=ALL$SDCGRD=Y$ISMM=4$ISMC=8PXMCVG_MT5_FL78$WAMM=5$WAMC=8PXMCVBG_MT5_FL78$PLMM=5$PLMC=8PXMCVBG_MT5_FL78$IARECTRL=1$IARECALC=97$RDIMG=1$PMA_EXEC=1$PMA_REF_ERR=0.7$PMA_REF_ERRW=3.95$PMA_REF_WARN=0.7$PMA_REF_WARNW=0.77$PMW_OFST_ERRW=1.1$PMW_OFST_WARNW=0.925$PMW_TARGET=4$PMW_WS_ERR=11$PMW_WS_ERRW=3.62$PMW_WS_WARN=11$PMW_WS_WARNW=2.41 Q ^8S63XERIASWIP {CD=A,R;EFCCFW=3;RG=A;SRCFW=3;NFL1=T;RESIST=AM;LinkMode=NoLotGene}",8PXMCGMT51NB4,14,07/23/2026 10:00:31 AM,SNY512_CADH1122,SNY512_SCPL1132,SNY512_SCPL1134,SNY512_ICPL308,SNY512_SCPL1632,SNY512_CHK1,SNY512_COT112,SNY512_ITC113,SNY512_ADEV162,SNY512_CPHP1123,SNY512_CPHP1126,SNY512_CPHP1616,SNY512_PIR3023,SNY512_SRS3014,SNY512_TNP512,07/23/2026 9:43:59 AM,07/23/2026 9:44:50 AM,07/23/2026 9:48:18 AM,07/23/2026 9:52:30 AM,07/23/2026 9:57:50 AM,07/23/2026 9:54:38 AM,07/23/2026 9:45:46 AM,07/23/2026 9:49:45 AM,07/23/2026 10:00:15 AM,07/23/2026 9:47:33 AM,07/23/2026 9:51:22 AM,07/23/2026 9:57:04 AM,07/23/2026 9:55:22 AM,07/23/2026 9:52:04 AM,07/23/2026 10:00:31 AM
D6171080,328,A2FU3328SLB7,LEO425,Equipment:/Public/WaferFlow/PRD/P_ALL_B2N_2X53WIW_LF_1EDS_HFR,22,07/23/2026 12:49:17 PM,LEO425_SPN06,07/23/2026 12:49:17 PM,TBF445,WaferFlow/PRD/C-9110D-1000-88P,22,07/23/2026 9:18:33 AM,TBF445_SCPL1432,TBF445_BCT143,TBF445_CGCH1415,TBF445_TEL_Lithius,07/23/2026 9:15:27 AM,07/23/2026 9:16:17 AM,07/23/2026 9:18:21 AM,07/23/2026 9:18:33 AM,TBF454,WaferFlow/PRD/C-9825-280-88M,22,07/23/2026 9:34:41 AM,TBF454_SCPL1531,TBF454_BCT153,TBF454_CGCH1525,TBF454_TEL_Lithius,07/23/2026 9:31:45 AM,07/23/2026 9:32:29 AM,07/23/2026 9:34:31 AM,07/23/2026 9:34:41 AM,SNY512,"L-1N58-925-AB5 +?USER/5E8PXMCG/5E8PXMCG_2$MT5F_GMT404_GMT412_GMT412 8PXMCGMT51NB4 -illum=6662 $EX=A$FC=-0.036$ILL0=6662$IASM=1$RTCT1=IMM_1_DEFAULT$SDCFLD=ALL$SDCGRD=Y$ISMM=4$ISMC=8PXMCVG_MT5_FL78$WAMM=5$WAMC=8PXMCVBG_MT5_FL78$PLMM=5$PLMC=8PXMCVBG_MT5_FL78$IARECTRL=1$IARECALC=97$RDIMG=1$PMA_EXEC=1$PMA_REF_ERR=0.7$PMA_REF_ERRW=3.95$PMA_REF_WARN=0.7$PMA_REF_WARNW=0.77$PMW_OFST_ERRW=1.1$PMW_OFST_WARNW=0.925$PMW_TARGET=4$PMW_WS_ERR=11$PMW_WS_ERRW=3.62$PMW_WS_WARN=11$PMW_WS_WARNW=2.41 Q ^8S63XERIASWIP {CD=A,R;EFCCFW=3;RG=A;SRCFW=3;NFL1=T;RESIST=AM;LinkMode=NoLotGene}",8PXMCGMT51NB4,22,07/23/2026 10:16:55 AM,SNY512_CADH1112,SNY512_SCPL1132,SNY512_SCPL1134,SNY512_ICPL308,SNY512_SCPL1632,SNY512_CHK1,SNY512_COT112,SNY512_ITC113,SNY512_ADEV162,SNY512_CPHP1123,SNY512_CPHP1126,SNY512_CPHP1616,SNY512_PIR3023,SNY512_SRS3012,SNY512_TNP512,07/23/2026 10:01:48 AM,07/23/2026 10:02:35 AM,07/23/2026 10:06:05 AM,07/23/2026 10:09:51 AM,07/23/2026 10:14:49 AM,07/23/2026 10:11:52 AM,07/23/2026 10:03:35 AM,07/23/2026 10:07:11 AM,07/23/2026 10:16:40 AM,07/23/2026 10:05:19 AM,07/23/2026 10:08:46 AM,07/23/2026 10:14:03 AM,07/23/2026 10:12:36 AM,07/23/2026 10:09:25 AM,07/23/2026 10:16:55 AM
