LOT,WAFER,WAFER_ID,EQUIP:1278_AR189_1000_HVM_BATCH:L_8M6_SIARC_DEP,EQUIP:BARC_TBF_CIPAMC_9825_280:L_8M6_SIARC_DEP,EQUIP:BARC_TBF_LPCLEAN:L_8M6_SIARC_DEP,EQUIP:PLUTO_ESD_FORK:L_8M6_SIARC_DEP,PROCESS:6001_V5_12_G:L_8M6_SIARC_DEP,PROCESS:CHOZO:L_8M6_SIARC_DEP,EQUIP:1278_AR189_1000_HVM_BATCH:L_8M6_SIARC_DEP@DATE,EQUIP:BARC_TBF_CIPAMC_9825_280:L_8M6_SIARC_DEP@DATE,EQUIP:BARC_TBF_LPCLEAN:L_8M6_SIARC_DEP@DATE,EQUIP:PLUTO_ESD_FORK:L_8M6_SIARC_DEP@DATE,PROCESS:6001_V5_12_G:L_8M6_SIARC_DEP@DATE,PROCESS:CHOZO:L_8M6_SIARC_DEP@DATE
D531193,464,GQ1KC464JKE0,,POR_AMC,PRE_LPCLEAN,,UNDEFINED,NOT_CHOZO,,11/27/2025 3:25:53 PM,11/27/2025 3:25:53 PM,,11/27/2025 3:25:53 PM,11/27/2025 3:25:53 PM
D531193,465,GQ1KC465JKA7,,POR_AMC,PRE_LPCLEAN,,UNDEFINED,NOT_CHOZO,,11/27/2025 3:27:27 PM,11/27/2025 3:27:27 PM,,11/27/2025 3:27:27 PM,11/27/2025 3:27:27 PM
D531193,466,GQ1KC466JKF1,AR189_1000_NON_HVM_BATCH,,PRE_LPCLEAN,NO ESD FORK,UNDEFINED,NOT_CHOZO,08/09/2026 3:32:39 AM,,08/09/2026 3:32:39 AM,08/09/2026 3:32:39 AM,08/09/2026 3:32:39 AM,08/09/2026 3:32:39 AM
D531193,468,GQ1KC468JKG2,,POR_AMC,PRE_LPCLEAN,,UNDEFINED,NOT_CHOZO,,11/27/2025 3:25:47 PM,11/27/2025 3:25:47 PM,,11/27/2025 3:25:47 PM,11/27/2025 3:25:47 PM
D531193,469,GQ1KC469JKD1,,POR_AMC,PRE_LPCLEAN,,UNDEFINED,NOT_CHOZO,,11/27/2025 3:26:39 PM,11/27/2025 3:26:39 PM,,11/27/2025 3:26:39 PM,11/27/2025 3:26:39 PM
D531193,470,GQ1KC470JKG2,AR189_1000_NON_HVM_BATCH,,PRE_LPCLEAN,NO ESD FORK,UNDEFINED,NOT_CHOZO,08/09/2026 3:32:35 AM,,08/09/2026 3:32:35 AM,08/09/2026 3:32:35 AM,08/09/2026 3:32:35 AM,08/09/2026 3:32:35 AM
D531193,471,GQ1KC471JKD1,,POR_AMC,PRE_LPCLEAN,,UNDEFINED,NOT_CHOZO,,11/27/2025 3:26:21 PM,11/27/2025 3:26:21 PM,,11/27/2025 3:26:21 PM,11/27/2025 3:26:21 PM
D531193,472,GQ1KC472JKA0,,POR_AMC,PRE_LPCLEAN,,UNDEFINED,NOT_CHOZO,,11/27/2025 3:26:02 PM,11/27/2025 3:26:02 PM,,11/27/2025 3:26:02 PM,11/27/2025 3:26:02 PM
D531193,473,GQ1KC473JKE2,,POR_AMC,PRE_LPCLEAN,,UNDEFINED,NOT_CHOZO,,11/27/2025 3:27:17 PM,11/27/2025 3:27:17 PM,,11/27/2025 3:27:17 PM,11/27/2025 3:27:17 PM
D531193,476,GQ1KC476JKC2,AR189_1000_NON_HVM_BATCH,CIP_AMC,PRE_LPCLEAN,NO ESD FORK,UNDEFINED,NOT_CHOZO,08/09/2026 4:24:45 AM,08/08/2026 10:59:28 AM,08/09/2026 4:24:45 AM,08/09/2026 4:24:45 AM,08/09/2026 4:24:45 AM,08/09/2026 4:24:45 AM
D531193,478,GQ1KC478JKD3,AR189_1000_NON_HVM_BATCH,CIP_AMC,PRE_LPCLEAN,NO ESD FORK,UNDEFINED,NOT_CHOZO,08/09/2026 4:25:10 AM,08/08/2026 10:59:03 AM,08/09/2026 4:25:10 AM,08/09/2026 4:25:10 AM,08/09/2026 4:25:10 AM,08/09/2026 4:25:10 AM
D531193,480,GQ1KC480JKD3,,POR_AMC,PRE_LPCLEAN,,UNDEFINED,NOT_CHOZO,,11/27/2025 3:26:09 PM,11/27/2025 3:26:09 PM,,11/27/2025 3:26:09 PM,11/27/2025 3:26:09 PM
D531193,481,GQ1KC481JKA2,AR189_1000_NON_HVM_BATCH,CIP_AMC,PRE_LPCLEAN,NO ESD FORK,UNDEFINED,NOT_CHOZO,08/09/2026 4:25:14 AM,08/08/2026 10:59:08 AM,08/09/2026 4:25:14 AM,08/09/2026 4:25:14 AM,08/09/2026 4:25:14 AM,08/09/2026 4:25:14 AM
,483,GQ1KC483JKB3,AR189_1000_NON_HVM_BATCH,CIP_AMC,PRE_LPCLEAN,NO ESD FORK,UNDEFINED,NOT_CHOZO,08/09/2026 4:25:27 AM,08/08/2026 10:59:23 AM,08/09/2026 4:25:27 AM,08/09/2026 4:25:27 AM,08/09/2026 4:25:27 AM,08/09/2026 4:25:27 AM
D531193,484,GQ1KC484JKF5,AR189_1000_NON_HVM_BATCH,CIP_AMC,PRE_LPCLEAN,NO ESD FORK,UNDEFINED,NOT_CHOZO,08/09/2026 4:24:57 AM,08/08/2026 10:58:49 AM,08/09/2026 4:24:57 AM,08/09/2026 4:24:57 AM,08/09/2026 4:24:57 AM,08/09/2026 4:24:57 AM
D531193,485,GQ1KC485JKC4,,POR_AMC,PRE_LPCLEAN,,UNDEFINED,NOT_CHOZO,,11/27/2025 3:26:34 PM,11/27/2025 3:26:34 PM,,11/27/2025 3:26:34 PM,11/27/2025 3:26:34 PM
D531193,486,GQ1KC486JKG6,AR189_1000_NON_HVM_BATCH,CIP_AMC,PRE_LPCLEAN,NO ESD FORK,UNDEFINED,NOT_CHOZO,08/09/2026 4:25:06 AM,08/08/2026 10:58:58 AM,08/09/2026 4:25:06 AM,08/09/2026 4:25:06 AM,08/09/2026 4:25:06 AM,08/09/2026 4:25:06 AM
D531193,521,GQ1KC521JKB7,,POR_AMC,PRE_LPCLEAN,,UNDEFINED,NOT_CHOZO,,11/27/2025 3:26:15 PM,11/27/2025 3:26:15 PM,,11/27/2025 3:26:15 PM,11/27/2025 3:26:15 PM
D531193,522,GQ1KC522JKG1,AR189_1000_NON_HVM_BATCH,CIP_AMC,PRE_LPCLEAN,NO ESD FORK,UNDEFINED,NOT_CHOZO,08/09/2026 4:25:23 AM,08/08/2026 10:59:18 AM,08/09/2026 4:25:23 AM,08/09/2026 4:25:23 AM,08/09/2026 4:25:23 AM,08/09/2026 4:25:23 AM
D531193,523,GQ1KC523JKD0,,POR_AMC,PRE_LPCLEAN,,UNDEFINED,NOT_CHOZO,,11/27/2025 3:26:27 PM,11/27/2025 3:26:27 PM,,11/27/2025 3:26:27 PM,11/27/2025 3:26:27 PM
D531193,524,GQ1KC524JKH2,AR189_1000_NON_HVM_BATCH,CIP_AMC,PRE_LPCLEAN,NO ESD FORK,UNDEFINED,NOT_CHOZO,08/09/2026 4:25:19 AM,08/08/2026 10:59:13 AM,08/09/2026 4:25:19 AM,08/09/2026 4:25:19 AM,08/09/2026 4:25:19 AM,08/09/2026 4:25:19 AM
D531193,526,GQ1KC526JKB0,AR189_1000_NON_HVM_BATCH,CIP_AMC,PRE_LPCLEAN,NO ESD FORK,UNDEFINED,NOT_CHOZO,08/09/2026 4:24:49 AM,08/08/2026 10:58:54 AM,08/09/2026 4:24:49 AM,08/09/2026 4:24:49 AM,08/09/2026 4:24:49 AM,08/09/2026 4:24:49 AM
D613144,11,KJCHY011WFB2,AR189_1000_NON_HVM_BATCH,CIP_AMC,LPCLEAN_1,NO ESD FORK,UNDEFINED,NOT_CHOZO,07/13/2026 6:48:21 PM,07/13/2026 6:48:21 PM,07/13/2026 6:48:21 PM,07/13/2026 6:48:21 PM,07/13/2026 6:48:21 PM,07/13/2026 6:48:21 PM
D613144,17,KJCHY017WFE5,AR189_1000_NON_HVM_BATCH,CIP_AMC,LPCLEAN_1,NO ESD FORK,UNDEFINED,NOT_CHOZO,07/13/2026 6:47:01 PM,07/13/2026 6:47:01 PM,07/13/2026 6:47:01 PM,07/13/2026 6:47:01 PM,07/13/2026 6:47:01 PM,07/13/2026 6:47:01 PM
D613144,20,KJCHY020WFB4,AR189_1000_NON_HVM_BATCH,CIP_AMC,LPCLEAN_1,NO ESD FORK,UNDEFINED,NOT_CHOZO,07/13/2026 6:46:52 PM,07/13/2026 6:46:52 PM,07/13/2026 6:46:52 PM,07/13/2026 6:46:52 PM,07/13/2026 6:46:52 PM,07/13/2026 6:46:52 PM
D613144,23,KJCHY023WFG7,AR189_1000_NON_HVM_BATCH,CIP_AMC,LPCLEAN_1,NO ESD FORK,UNDEFINED,NOT_CHOZO,07/13/2026 6:48:47 PM,07/13/2026 6:48:47 PM,07/13/2026 6:48:47 PM,07/13/2026 6:48:47 PM,07/13/2026 6:48:47 PM,07/13/2026 6:48:47 PM
D613144,29,KJCHY029WFC7,AR189_1000_NON_HVM_BATCH,CIP_AMC,LPCLEAN_1,NO ESD FORK,UNDEFINED,NOT_CHOZO,07/13/2026 6:47:53 PM,07/13/2026 6:47:53 PM,07/13/2026 6:47:53 PM,07/13/2026 6:47:53 PM,07/13/2026 6:47:53 PM,07/13/2026 6:47:53 PM
D613144,45,KJAAA045WFF3,AR189_1000_NON_HVM_BATCH,CIP_AMC,LPCLEAN_1,NO ESD FORK,UNDEFINED,NOT_CHOZO,07/13/2026 6:47:58 PM,07/13/2026 6:47:58 PM,07/13/2026 6:47:58 PM,07/13/2026 6:47:58 PM,07/13/2026 6:47:58 PM,07/13/2026 6:47:58 PM
D613144,48,KJAAA048WFD3,AR189_1000_NON_HVM_BATCH,CIP_AMC,LPCLEAN_1,NO ESD FORK,UNDEFINED,NOT_CHOZO,07/13/2026 6:47:07 PM,07/13/2026 6:47:07 PM,07/13/2026 6:47:07 PM,07/13/2026 6:47:07 PM,07/13/2026 6:47:07 PM,07/13/2026 6:47:07 PM
D613144,52,KJCHY052WFB3,AR189_1000_NON_HVM_BATCH,CIP_AMC,LPCLEAN_1,NO ESD FORK,UNDEFINED,NOT_CHOZO,07/13/2026 6:47:16 PM,07/13/2026 6:47:16 PM,07/13/2026 6:47:16 PM,07/13/2026 6:47:16 PM,07/13/2026 6:47:16 PM,07/13/2026 6:47:16 PM
D613144,55,KJCHY055WFG6,AR189_1000_NON_HVM_BATCH,CIP_AMC,LPCLEAN_1,NO ESD FORK,UNDEFINED,NOT_CHOZO,07/13/2026 6:48:16 PM,07/13/2026 6:48:16 PM,07/13/2026 6:48:16 PM,07/13/2026 6:48:16 PM,07/13/2026 6:48:16 PM,07/13/2026 6:48:16 PM
D613144,56,KJCHY056WFD5,AR189_1000_NON_HVM_BATCH,CIP_AMC,LPCLEAN_1,NO ESD FORK,UNDEFINED,NOT_CHOZO,07/13/2026 6:48:38 PM,07/13/2026 6:48:38 PM,07/13/2026 6:48:38 PM,07/13/2026 6:48:38 PM,07/13/2026 6:48:38 PM,07/13/2026 6:48:38 PM
D613144,156,KJAAA156WFF7,AR189_1000_NON_HVM_BATCH,CIP_AMC,LPCLEAN_1,NO ESD FORK,UNDEFINED,NOT_CHOZO,07/13/2026 6:47:39 PM,07/13/2026 6:47:39 PM,07/13/2026 6:47:39 PM,07/13/2026 6:47:39 PM,07/13/2026 6:47:39 PM,07/13/2026 6:47:39 PM
D613144,163,KJCHY163WFB7,AR189_1000_NON_HVM_BATCH,CIP_AMC,LPCLEAN_1,NO ESD FORK,UNDEFINED,NOT_CHOZO,07/13/2026 6:47:21 PM,07/13/2026 6:47:21 PM,07/13/2026 6:47:21 PM,07/13/2026 6:47:21 PM,07/13/2026 6:47:21 PM,07/13/2026 6:47:21 PM
D613144,165,KJCHY165WFD0,AR189_1000_NON_HVM_BATCH,CIP_AMC,LPCLEAN_1,NO ESD FORK,UNDEFINED,NOT_CHOZO,07/13/2026 6:48:12 PM,07/13/2026 6:48:12 PM,07/13/2026 6:48:12 PM,07/13/2026 6:48:12 PM,07/13/2026 6:48:12 PM,07/13/2026 6:48:12 PM
D613144,167,KJCHY167WFE1,AR189_1000_NON_HVM_BATCH,CIP_AMC,LPCLEAN_1,NO ESD FORK,UNDEFINED,NOT_CHOZO,07/13/2026 6:47:35 PM,07/13/2026 6:47:35 PM,07/13/2026 6:47:35 PM,07/13/2026 6:47:35 PM,07/13/2026 6:47:35 PM,07/13/2026 6:47:35 PM
D613144,181,KJCHY181WFC3,AR189_1000_NON_HVM_BATCH,CIP_AMC,LPCLEAN_1,NO ESD FORK,UNDEFINED,NOT_CHOZO,07/13/2026 6:47:30 PM,07/13/2026 6:47:30 PM,07/13/2026 6:47:30 PM,07/13/2026 6:47:30 PM,07/13/2026 6:47:30 PM,07/13/2026 6:47:30 PM
D613144,183,KJCHY183WFD4,AR189_1000_NON_HVM_BATCH,CIP_AMC,LPCLEAN_1,NO ESD FORK,UNDEFINED,NOT_CHOZO,07/13/2026 6:47:26 PM,07/13/2026 6:47:26 PM,07/13/2026 6:47:26 PM,07/13/2026 6:47:26 PM,07/13/2026 6:47:26 PM,07/13/2026 6:47:26 PM
D613144,184,KJCHY184WFA3,AR189_1000_NON_HVM_BATCH,CIP_AMC,LPCLEAN_1,NO ESD FORK,UNDEFINED,NOT_CHOZO,07/13/2026 6:48:07 PM,07/13/2026 6:48:07 PM,07/13/2026 6:48:07 PM,07/13/2026 6:48:07 PM,07/13/2026 6:48:07 PM,07/13/2026 6:48:07 PM
D613144,187,KJCHY187WFF6,AR189_1000_NON_HVM_BATCH,CIP_AMC,LPCLEAN_1,NO ESD FORK,UNDEFINED,NOT_CHOZO,07/13/2026 6:48:03 PM,07/13/2026 6:48:03 PM,07/13/2026 6:48:03 PM,07/13/2026 6:48:03 PM,07/13/2026 6:48:03 PM,07/13/2026 6:48:03 PM
D613144,196,KJCHY196WFG0,AR189_1000_NON_HVM_BATCH,CIP_AMC,LPCLEAN_1,NO ESD FORK,UNDEFINED,NOT_CHOZO,07/13/2026 6:48:33 PM,07/13/2026 6:48:33 PM,07/13/2026 6:48:33 PM,07/13/2026 6:48:33 PM,07/13/2026 6:48:33 PM,07/13/2026 6:48:33 PM
D613144,199,KJCHY199WFE0,AR189_1000_NON_HVM_BATCH,CIP_AMC,LPCLEAN_1,NO ESD FORK,UNDEFINED,NOT_CHOZO,07/13/2026 6:47:44 PM,07/13/2026 6:47:44 PM,07/13/2026 6:47:44 PM,07/13/2026 6:47:44 PM,07/13/2026 6:47:44 PM,07/13/2026 6:47:44 PM
D613144,204,KJCHY204WFA3,AR189_1000_NON_HVM_BATCH,CIP_AMC,LPCLEAN_1,NO ESD FORK,UNDEFINED,NOT_CHOZO,07/13/2026 6:48:42 PM,07/13/2026 6:48:42 PM,07/13/2026 6:48:42 PM,07/13/2026 6:48:42 PM,07/13/2026 6:48:42 PM,07/13/2026 6:48:42 PM
D613144,213,KJCHY213WFA5,AR189_1000_NON_HVM_BATCH,CIP_AMC,LPCLEAN_1,NO ESD FORK,UNDEFINED,NOT_CHOZO,07/13/2026 6:47:49 PM,07/13/2026 6:47:49 PM,07/13/2026 6:47:49 PM,07/13/2026 6:47:49 PM,07/13/2026 6:47:49 PM,07/13/2026 6:47:49 PM
D613144,226,KJAAA226WFG2,AR189_1000_NON_HVM_BATCH,CIP_AMC,LPCLEAN_1,NO ESD FORK,UNDEFINED,NOT_CHOZO,07/13/2026 6:47:11 PM,07/13/2026 6:47:11 PM,07/13/2026 6:47:11 PM,07/13/2026 6:47:11 PM,07/13/2026 6:47:11 PM,07/13/2026 6:47:11 PM
D613144,230,KJAAA230WFA0,AR189_1000_NON_HVM_BATCH,CIP_AMC,LPCLEAN_1,NO ESD FORK,UNDEFINED,NOT_CHOZO,07/13/2026 6:46:56 PM,07/13/2026 6:46:56 PM,07/13/2026 6:46:56 PM,07/13/2026 6:46:56 PM,07/13/2026 6:46:56 PM,07/13/2026 6:46:56 PM
