YYMM,INSPECTION_TIME,PRIMARY_EQUIP,EVENT,EVENT_WAFER,SLOT_ID,ACTUAL_LOT,WAFER_ID,DEFECT_ID,WAFER_X_MM,WAFER_Y_MM,SIZE_D_UM,CLASS,FINEBIN,N_DEFECTS,ADDER_DEFECTS,ADDER_CLUSTERS,CLUSTERS,ADDER_RANDOM_DEFECTS,STATUS,SRCIP,CCMR2,ICCR2,CV,GF,TS,PILOT_STATUS,LAYER,SCAN_TYPE,WAFER_KEY,LOT7,IMAGE_COUNT,N_WAFERS_IN_RUN,FULLPM_RF,MINIPM_RF,SIZE,ELEMENT,ORIGINAL_ELEMENT,EDX_ELEM_NUM,EDX_COL,EDX_VALUE
2605,2026/05/02 3:48:48 AM,AME403_PM3,SS7,2,7,D317TJX0,FEGDB713MMC6,3,95.642215,-3.922037,0.135,UNCLASSIFIED,UNCLASSIFIED,5,4,0,0,4,BASELINE,ON,OFF,ON,ON,OFF,ON,SRCIP,6BARE_L029_PST,POST,3120612,D317TJX,16,10,10,45,SMALL,YPO,YTTRIUM,39,EDX_ELEM39_YTTRIUM,11.4319
2604,2026/04/11 2:56:48 PM,AME411_PM4,SS1,1,14,D317TJX0,DFEWE633MME2,2,10.085344,-8.170913,0.067,UNCLASSIFIED,UNCLASSIFIED,10,6,0,0,6,BASELINE,OFF,OFF,ON,ON,ON,ON,ICCR2+CV+GF,6BARE_L029_PST,POST,3248242,D317TJX,16,3,12,12,SMALL,YPO,PHOSPHORUS,15,EDX_ELEM15_PHOSPHORUS,5.1143
2604,2026/04/11 2:56:48 PM,AME411_PM4,SS1,3,16,D317TJX0,DIDPF700MMH0,1,-0.901389,-4.863959,0.059,UNCLASSIFIED,UNCLASSIFIED,12,10,0,0,10,HIGHFLIER,OFF,OFF,ON,ON,ON,ON,ICCR2+CV+GF,6BARE_L029_PST,POST,3260828,D317TJX,16,3,12,12,SMALL,YPO,PHOSPHORUS,15,EDX_ELEM15_PHOSPHORUS,3.9845
2604,2026/04/11 2:56:48 PM,AME411_PM4,SS1,3,16,D317TJX0,DIDPF700MMH0,2,0.076025,-11.453383,0.059,UNCLASSIFIED,UNCLASSIFIED,12,10,0,0,10,HIGHFLIER,OFF,OFF,ON,ON,ON,ON,ICCR2+CV+GF,6BARE_L029_PST,POST,3260828,D317TJX,16,3,12,12,SMALL,YPO,OSMIUM,76,EDX_ELEM76_OSMIUM,3.7981
2604,2026/04/11 2:56:48 PM,AME411_PM4,SS1,3,16,D317TJX0,DIDPF700MMH0,6,-25.063992,-19.17464,0.066,UNCLASSIFIED,UNCLASSIFIED,12,10,0,0,10,HIGHFLIER,OFF,OFF,ON,ON,ON,ON,ICCR2+CV+GF,6BARE_L029_PST,POST,3260828,D317TJX,16,3,12,12,SMALL,YPO,OSMIUM,76,EDX_ELEM76_OSMIUM,4.3964
2604,2026/04/11 2:56:48 PM,AME411_PM4,SS1,2,15,D317TJX0,DFEWE639MMA2,3,108.193494,84.491941,0.071,UNCLASSIFIED,UNCLASSIFIED,40,8,0,2,8,BASELINE,OFF,OFF,ON,ON,ON,ON,ICCR2+CV+GF,6BARE_L029_PST,POST,3260850,D317TJX,16,3,12,12,SMALL,YPO,YTTRIUM,39,EDX_ELEM39_YTTRIUM,11.0784
2606,2026/06/04 11:50:13 AM,AME421_PM4,SS1,3,3,D317TJX0,ET2KK542SEF0,13,-15.609913,-9.440091,0.102,UNCLASSIFIED,UNCLASSIFIED,237,225,11,12,175,HIGHFLIER,OFF,OFF,ON,ON,OFF,ON,ICCR2+CV,6BARE_L029_PST,POST,3579529,D317TJX,16,3,784,784,SMALL,YPO,YTTRIUM,39,EDX_ELEM39_YTTRIUM,10.619
2606,2026/06/04 11:50:13 AM,AME421_PM4,SS1,3,3,D317TJX0,ET2KK542SEF0,117,-34.778752,51.658966,100,UNCLASSIFIED,UNCLASSIFIED,237,225,11,12,175,HIGHFLIER,OFF,OFF,ON,ON,OFF,ON,ICCR2+CV,6BARE_L029_PST,POST,3579529,D317TJX,16,3,784,784,LARGE,YPO,YTTRIUM,39,EDX_ELEM39_YTTRIUM,9.8192
2606,2026/06/04 11:50:13 AM,AME421_PM4,SS1,3,3,D317TJX0,ET2KK542SEF0,117,-34.778752,51.658966,100,UNCLASSIFIED,UNCLASSIFIED,237,225,11,12,175,HIGHFLIER,OFF,OFF,ON,ON,OFF,ON,ICCR2+CV,6BARE_L029_PST,POST,3579529,D317TJX,16,3,784,784,LARGE,YPO,OSMIUM,76,EDX_ELEM76_OSMIUM,9.8192
2606,2026/06/04 11:50:13 AM,AME421_PM4,SS1,3,3,D317TJX0,ET2KK542SEF0,136,-60.773007,59.083506,100,UNCLASSIFIED,UNCLASSIFIED,237,225,11,12,175,HIGHFLIER,OFF,OFF,ON,ON,OFF,ON,ICCR2+CV,6BARE_L029_PST,POST,3579529,D317TJX,16,3,784,784,LARGE,YPO,YTTRIUM,39,EDX_ELEM39_YTTRIUM,13.6387
2604,2026/04/11 10:31:31 AM,AME411_PM4,SS1,1,11,D317TJX0,AFSMF695MMA7,2,-17.816537,-2.876739,0.066,UNCLASSIFIED,UNCLASSIFIED,23,17,0,1,17,HIGHFLIER,OFF,OFF,ON,ON,ON,ON,ICCR2+CV+GF,6BARE_L029_PST,POST,4304926,D317TJX,16,3,10,10,SMALL,YPO,OSMIUM,76,EDX_ELEM76_OSMIUM,4.7194
2603,2026/03/25 5:03:14 AM,AME411_PM3,SS0,1,6,D204TH1B2,CJCGB763MMH2,1,26.135161,-32.282933,0.069,UNCLASSIFIED,UNCLASSIFIED,7,6,0,0,6,BASELINE,OFF,OFF,ON,ON,ON,OFF,ICCR2+CV+GF,6BARE_L029_PST,POST,6410525,D204TH1,16,1,755,755,SMALL,YPO,PHOSPHORUS,15,EDX_ELEM15_PHOSPHORUS,3.7572
2604,2026/04/03 2:06:56 PM,AME419_PM3,SS7,6,6,D204TH1B2,CJCGB763MMH2,1,-83.618898,-119.91738,100,UNCLASSIFIED,UNCLASSIFIED,3,2,0,0,2,BASELINE,OFF,OFF,ON,ON,ON,OFF,ICCR2+CV+GF,6BARE_L029_PST,POST,6410525,D204TH1,16,10,1520,718,LARGE,YPO,OSMIUM,76,EDX_ELEM76_OSMIUM,2.0945
2604,2026/04/22 7:42:35 PM,AME403_PM2,SS0,1,15,D014T1H711,5DRGQ319MVF0,1,-12.277478,72.505617,0.048,UNCLASSIFIED,UNCLASSIFIED,52,35,3,3,18,HIGHFLIER,OFF,OFF,ON,ON,OFF,ON,ICCR2+CV,6BARE_L029_PST,POST,6470827,D014T1H,16,1,581,581,SMALL,YPO,YTTRIUM,39,EDX_ELEM39_YTTRIUM,5.1701
2606,2026/06/01 9:14:05 AM,AME401_PM1,SS0,1,19,D014T1H711,FK3DS658SED0,1,20.611149,-42.732642,0.048,UNCLASSIFIED,UNCLASSIFIED,14,12,0,0,12,HIGHFLIER,OFF,OFF,ON,ON,ON,OFF,ICCR2+CV+GF,6BARE_L029_PST,POST,6470845,D014T1H,16,1,946,918,SMALL,YPO,PHOSPHORUS,15,EDX_ELEM15_PHOSPHORUS,4.6945
2606,2026/06/01 9:14:05 AM,AME401_PM1,SS0,1,19,D014T1H711,FK3DS658SED0,1,20.611149,-42.732642,0.048,UNCLASSIFIED,UNCLASSIFIED,14,12,0,0,12,HIGHFLIER,OFF,OFF,ON,ON,ON,OFF,ICCR2+CV+GF,6BARE_L029_PST,POST,6470845,D014T1H,16,1,946,918,SMALL,YPO,OSMIUM,76,EDX_ELEM76_OSMIUM,4.6945
2606,2026/06/01 9:14:05 AM,AME401_PM1,SS0,1,19,D014T1H711,FK3DS658SED0,2,-17.701296,-83.745013,0.062,UNCLASSIFIED,UNCLASSIFIED,14,12,0,0,12,HIGHFLIER,OFF,OFF,ON,ON,ON,OFF,ICCR2+CV+GF,6BARE_L029_PST,POST,6470845,D014T1H,16,1,946,918,SMALL,YPO,OSMIUM,76,EDX_ELEM76_OSMIUM,6.2441
2604,2026/04/12 1:54:12 PM,AME419_PM3,SS7,6,6,D321T4UF2,ET2KK543SEB7,2,38.833494,11.193161,0.047,UNCLASSIFIED,UNCLASSIFIED,5,2,0,0,2,BASELINE,OFF,OFF,ON,ON,ON,ON,ICCR2+CV+GF,6BARE_L029_PST,POST,6557012,D321T4U,16,10,7,7,SMALL,YPO,OSMIUM,76,EDX_ELEM76_OSMIUM,4.022
2604,2026/04/12 1:54:12 PM,AME419_PM3,SS7,8,8,D321T4UF2,FK3DS650SEF7,2,-22.528626,-4.545788,0.06,UNCLASSIFIED,UNCLASSIFIED,7,5,0,0,5,BASELINE,OFF,OFF,ON,ON,ON,ON,ICCR2+CV+GF,6BARE_L029_PST,POST,6563768,D321T4U,16,10,8,8,SMALL,YPO,OSMIUM,76,EDX_ELEM76_OSMIUM,5.1181
2605,2026/05/17 8:23:43 PM,AME401_PM1,SS1,1,17,D321T4UF2,AFSQI583MMB7,1,-71.497947,66.721377,0.061,UNCLASSIFIED,UNCLASSIFIED,24,10,1,3,6,HIGHFLIER,OFF,OFF,ON,ON,ON,OFF,ICCR2+CV+GF,6BARE_L029_PST,POST,6564644,D321T4U,16,3,823,795,SMALL,YPO,YTTRIUM,39,EDX_ELEM39_YTTRIUM,6.1282
2604,2026/04/07 6:03:45 PM,AME411_PM4,SS7,3,11,D321T4UH1,AFSQI675MMF0,1,-71.942607,22.087568,0.059,UNCLASSIFIED,UNCLASSIFIED,2,1,0,0,1,BASELINE,OFF,OFF,ON,ON,ON,OFF,ICCR2+CV+GF,6BARE_L029_PST,POST,6589582,D321T4U,16,10,939,939,SMALL,YPO,PHOSPHORUS,15,EDX_ELEM15_PHOSPHORUS,7.1412
2604,2026/04/07 6:03:45 PM,AME411_PM4,SS7,3,11,D321T4UH1,AFSQI675MMF0,1,-71.942607,22.087568,0.059,UNCLASSIFIED,UNCLASSIFIED,2,1,0,0,1,BASELINE,OFF,OFF,ON,ON,ON,OFF,ICCR2+CV+GF,6BARE_L029_PST,POST,6589582,D321T4U,16,10,939,939,SMALL,YPO,OSMIUM,76,EDX_ELEM76_OSMIUM,7.1412
2605,2026/05/14 6:24:36 PM,AME423_PM3,SS0,1,24,D321T4UH1,3HPKT064SLG2,2,54.60881,-66.423829,0.052,UNCLASSIFIED,UNCLASSIFIED,28,8,0,3,8,BASELINE,OFF,OFF,ON,ON,ON,OFF,ICCR2+CV+GF,6BARE_L029_PST,POST,6589588,D321T4U,16,1,868,868,SMALL,YPO,PHOSPHORUS,15,EDX_ELEM15_PHOSPHORUS,5.2591
2605,2026/05/14 6:24:36 PM,AME423_PM3,SS0,1,24,D321T4UH1,3HPKT064SLG2,2,54.60881,-66.423829,0.052,UNCLASSIFIED,UNCLASSIFIED,28,8,0,3,8,BASELINE,OFF,OFF,ON,ON,ON,OFF,ICCR2+CV+GF,6BARE_L029_PST,POST,6589588,D321T4U,16,1,868,868,SMALL,YPO,OSMIUM,76,EDX_ELEM76_OSMIUM,5.2591
2604,2026/04/07 6:03:45 PM,AME411_PM4,SS7,2,10,D321T4UH1,AFSQI674MMA6,2,-88.191164,-79.917216,0.065,UNCLASSIFIED,UNCLASSIFIED,14,6,0,0,6,BASELINE,OFF,OFF,ON,ON,ON,OFF,ICCR2+CV+GF,6BARE_L029_PST,POST,6589614,D321T4U,16,10,938,938,SMALL,YPO,YTTRIUM,39,EDX_ELEM39_YTTRIUM,7.7214
2604,2026/04/07 6:03:45 PM,AME411_PM4,SS7,2,10,D321T4UH1,AFSQI674MMA6,2,-88.191164,-79.917216,0.065,UNCLASSIFIED,UNCLASSIFIED,14,6,0,0,6,BASELINE,OFF,OFF,ON,ON,ON,OFF,ICCR2+CV+GF,6BARE_L029_PST,POST,6589614,D321T4U,16,10,938,938,SMALL,YPO,OSMIUM,76,EDX_ELEM76_OSMIUM,7.7214
2604,2026/04/07 6:03:45 PM,AME411_PM4,SS7,2,10,D321T4UH1,AFSQI674MMA6,3,-138.927978,-7.758135,0.06,UNCLASSIFIED,UNCLASSIFIED,14,6,0,0,6,BASELINE,OFF,OFF,ON,ON,ON,OFF,ICCR2+CV+GF,6BARE_L029_PST,POST,6589614,D321T4U,16,10,938,938,SMALL,YPO,OSMIUM,76,EDX_ELEM76_OSMIUM,7.8568
2604,2026/04/07 6:03:45 PM,AME411_PM4,SS7,5,13,D321T4UH1,HACGB652MMH1,1,84.389999,-25.219344,0.064,UNCLASSIFIED,UNCLASSIFIED,12,2,0,1,2,BASELINE,OFF,OFF,ON,ON,ON,OFF,ICCR2+CV+GF,6BARE_L029_PST,POST,6589638,D321T4U,16,10,939,939,SMALL,YPO,OSMIUM,76,EDX_ELEM76_OSMIUM,6.5376
2604,2026/04/07 6:03:45 PM,AME411_PM4,SS7,7,16,D321T4UH1,HACGB671MME4,12,119.454967,45.994433,0.045,UNCLASSIFIED,UNCLASSIFIED,16,2,0,0,2,BASELINE,OFF,OFF,ON,ON,ON,OFF,ICCR2+CV+GF,6BARE_L029_PST,POST,6589642,D321T4U,16,10,939,939,SMALL,YPO,OSMIUM,76,EDX_ELEM76_OSMIUM,5.2679
2604,2026/04/08 7:19:47 PM,AME411_PM1,SS7,1,10,D344TD291,CJCGB749MMB5,3,-18.584989,-132.493855,0.051,UNCLASSIFIED,UNCLASSIFIED,6,5,0,0,5,BASELINE,ON,OFF,ON,ON,ON,ON,SRCIP,6BARE_L029_PST,POST,6597736,D344TD2,16,10,850,850,SMALL,YPO,YTTRIUM,39,EDX_ELEM39_YTTRIUM,3.7238
2604,2026/04/08 7:19:47 PM,AME411_PM1,SS7,1,10,D344TD291,CJCGB749MMB5,6,-90.351652,113.377375,0.049,UNCLASSIFIED,UNCLASSIFIED,6,5,0,0,5,BASELINE,ON,OFF,ON,ON,ON,ON,SRCIP,6BARE_L029_PST,POST,6597736,D344TD2,16,10,850,850,SMALL,YPO,OSMIUM,76,EDX_ELEM76_OSMIUM,4.5211
2604,2026/04/12 9:59:19 AM,AME419_PM3,SS1,2,12,D344TD291,5DRGQ309MVA4,2,-139.74838,-14.418325,100,UNCLASSIFIED,UNCLASSIFIED,15,7,0,0,7,BASELINE,OFF,OFF,ON,ON,ON,ON,ICCR2+CV+GF,6BARE_L029_PST,POST,6597762,D344TD2,16,3,6,6,LARGE,YPO,YTTRIUM,39,EDX_ELEM39_YTTRIUM,22.0949
2604,2026/04/12 9:59:19 AM,AME419_PM3,SS1,2,12,D344TD291,5DRGQ309MVA4,2,-139.74838,-14.418325,100,UNCLASSIFIED,UNCLASSIFIED,15,7,0,0,7,BASELINE,OFF,OFF,ON,ON,ON,ON,ICCR2+CV+GF,6BARE_L029_PST,POST,6597762,D344TD2,16,3,6,6,LARGE,YPO,OSMIUM,76,EDX_ELEM76_OSMIUM,22.0949
2604,2026/04/08 7:19:47 PM,AME411_PM1,SS7,4,13,D344TD291,5DRGQ313MVB5,1,9.276196,-93.761184,0.089,UNCLASSIFIED,UNCLASSIFIED,7,3,0,0,3,BASELINE,ON,OFF,ON,ON,ON,ON,SRCIP,6BARE_L029_PST,POST,6597783,D344TD2,16,10,851,851,SMALL,YPO,YTTRIUM,39,EDX_ELEM39_YTTRIUM,10.972
2604,2026/04/08 7:19:47 PM,AME411_PM1,SS7,4,13,D344TD291,5DRGQ313MVB5,1,9.276196,-93.761184,0.089,UNCLASSIFIED,UNCLASSIFIED,7,3,0,0,3,BASELINE,ON,OFF,ON,ON,ON,ON,SRCIP,6BARE_L029_PST,POST,6597783,D344TD2,16,10,851,851,SMALL,YPO,OSMIUM,76,EDX_ELEM76_OSMIUM,10.972
2604,2026/04/11 10:03:54 PM,AME411_PM4,SS7,2,2,D321T4UH1,FK4EL100JKB6,1,-2.11615,20.032865,0.067,UNCLASSIFIED,UNCLASSIFIED,6,4,0,0,4,BASELINE,OFF,OFF,ON,ON,ON,ON,ICCR2+CV+GF,6BARE_L029_PST,POST,6636613,D321T4U,16,10,14,14,SMALL,YPO,PHOSPHORUS,15,EDX_ELEM15_PHOSPHORUS,5.1033
2604,2026/04/11 10:03:54 PM,AME411_PM4,SS7,2,2,D321T4UH1,FK4EL100JKB6,1,-2.11615,20.032865,0.067,UNCLASSIFIED,UNCLASSIFIED,6,4,0,0,4,BASELINE,OFF,OFF,ON,ON,ON,ON,ICCR2+CV+GF,6BARE_L029_PST,POST,6636613,D321T4U,16,10,14,14,SMALL,YPO,OSMIUM,76,EDX_ELEM76_OSMIUM,5.1033
2604,2026/04/11 10:03:54 PM,AME411_PM4,SS7,5,5,D321T4UH1,FK3DS669SEE3,2,9.776887,-7.739818,0.057,UNCLASSIFIED,UNCLASSIFIED,6,4,0,0,4,BASELINE,OFF,OFF,ON,ON,ON,ON,ICCR2+CV+GF,6BARE_L029_PST,POST,6637341,D321T4U,16,10,14,14,SMALL,YPO,OSMIUM,76,EDX_ELEM76_OSMIUM,4.273
2604,2026/04/11 10:03:54 PM,AME411_PM4,SS7,5,5,D321T4UH1,FK3DS669SEE3,3,0.419751,33.019151,0.062,UNCLASSIFIED,UNCLASSIFIED,6,4,0,0,4,BASELINE,OFF,OFF,ON,ON,ON,ON,ICCR2+CV+GF,6BARE_L029_PST,POST,6637341,D321T4U,16,10,14,14,SMALL,YPO,PHOSPHORUS,15,EDX_ELEM15_PHOSPHORUS,5.1164
2604,2026/04/11 10:03:54 PM,AME411_PM4,SS7,5,5,D321T4UH1,FK3DS669SEE3,3,0.419751,33.019151,0.062,UNCLASSIFIED,UNCLASSIFIED,6,4,0,0,4,BASELINE,OFF,OFF,ON,ON,ON,ON,ICCR2+CV+GF,6BARE_L029_PST,POST,6637341,D321T4U,16,10,14,14,SMALL,YPO,OSMIUM,76,EDX_ELEM76_OSMIUM,5.1164
2604,2026/04/11 10:03:54 PM,AME411_PM4,SS7,8,8,D321T4UH1,5DRGQ316MVH0,1,-27.773628,8.362412,0.116,UNCLASSIFIED,UNCLASSIFIED,17,4,0,0,4,BASELINE,OFF,OFF,ON,ON,ON,ON,ICCR2+CV+GF,6BARE_L029_PST,POST,6637371,D321T4U,16,10,15,15,SMALL,YPO,PHOSPHORUS,15,EDX_ELEM15_PHOSPHORUS,4.3865
2604,2026/04/11 10:03:54 PM,AME411_PM4,SS7,8,8,D321T4UH1,5DRGQ316MVH0,1,-27.773628,8.362412,0.116,UNCLASSIFIED,UNCLASSIFIED,17,4,0,0,4,BASELINE,OFF,OFF,ON,ON,ON,ON,ICCR2+CV+GF,6BARE_L029_PST,POST,6637371,D321T4U,16,10,15,15,SMALL,YPO,OSMIUM,76,EDX_ELEM76_OSMIUM,4.3865
2604,2026/04/11 10:03:54 PM,AME411_PM4,SS7,9,9,D321T4UH1,5DRGQ318MVA6,1,-16.233462,-9.051272,0.071,UNCLASSIFIED,UNCLASSIFIED,12,7,0,0,7,BASELINE,OFF,OFF,ON,ON,ON,ON,ICCR2+CV+GF,6BARE_L029_PST,POST,6637372,D321T4U,16,10,15,15,SMALL,YPO,PHOSPHORUS,15,EDX_ELEM15_PHOSPHORUS,4.6284
2604,2026/04/07 6:03:45 PM,AME411_PM4,SS7,1,9,D321T4UH1,5DRGQ318MVA6,2,48.869732,-92.002918,0.064,UNCLASSIFIED,UNCLASSIFIED,13,8,0,0,8,BASELINE,OFF,OFF,ON,ON,ON,OFF,ICCR2+CV+GF,6BARE_L029_PST,POST,6637372,D321T4U,16,10,938,938,SMALL,YPO,YTTRIUM,39,EDX_ELEM39_YTTRIUM,8.4274
2604,2026/04/07 6:03:45 PM,AME411_PM4,SS7,1,9,D321T4UH1,5DRGQ318MVA6,4,-91.321993,-108.198133,0.046,UNCLASSIFIED,UNCLASSIFIED,13,8,0,0,8,BASELINE,OFF,OFF,ON,ON,ON,OFF,ICCR2+CV+GF,6BARE_L029_PST,POST,6637372,D321T4U,16,10,938,938,SMALL,YPO,YTTRIUM,39,EDX_ELEM39_YTTRIUM,5.9399
2605,2026/05/01 5:16:38 PM,AME427_PM4,SS7,2,18,D450TS40,3JMAD229SLD4,1,-9.12445,-81.084601,0.081,UNCLASSIFIED,UNCLASSIFIED,5,2,0,0,2,BASELINE,OFF,OFF,ON,ON,ON,ON,ICCR2+CV+GF,6BARE_L029_PST,POST,6678404,D450TS4,16,10,690,690,SMALL,YPO,PHOSPHORUS,15,EDX_ELEM15_PHOSPHORUS,5.182
2603,2026/03/24 5:42:40 PM,AME419_PM3,SS7,1,1,D344TD1N1,FK6EX217JKG4,10,-81.910403,-122.487338,0.032,UNCLASSIFIED,UNCLASSIFIED,17,2,0,0,2,BASELINE,OFF,OFF,ON,ON,ON,OFF,ICCR2+CV+GF,6BARE_L029_PST,POST,6927055,D344TD1,16,10,1462,659,SMALL,YPO,OSMIUM,76,EDX_ELEM76_OSMIUM,4.1552
2604,2026/04/11 1:07:35 PM,AME419_PM5,SS0,1,20,D204TH1B2,FB03H647MMA4,1,22.621844,0.137597,100,UNCLASSIFIED,UNCLASSIFIED,34,20,0,2,20,HIGHFLIER,OFF,ON,ON,ON,OFF,ON,CCMR2+ICCR2+CV,6BARE_L029_PST,POST,6931829,D204TH1,16,1,335,335,LARGE,YPO,YTTRIUM,39,EDX_ELEM39_YTTRIUM,4.5755
2604,2026/04/11 1:07:35 PM,AME419_PM5,SS0,1,20,D204TH1B2,FB03H647MMA4,8,38.675307,-46.925432,100,UNCLASSIFIED,UNCLASSIFIED,34,20,0,2,20,HIGHFLIER,OFF,ON,ON,ON,OFF,ON,CCMR2+ICCR2+CV,6BARE_L029_PST,POST,6931829,D204TH1,16,1,335,335,LARGE,YPO,PHOSPHORUS,15,EDX_ELEM15_PHOSPHORUS,14.9137
2604,2026/04/11 1:07:35 PM,AME419_PM5,SS0,1,20,D204TH1B2,FB03H647MMA4,8,38.675307,-46.925432,100,UNCLASSIFIED,UNCLASSIFIED,34,20,0,2,20,HIGHFLIER,OFF,ON,ON,ON,OFF,ON,CCMR2+ICCR2+CV,6BARE_L029_PST,POST,6931829,D204TH1,16,1,335,335,LARGE,YPO,OSMIUM,76,EDX_ELEM76_OSMIUM,14.9137
2604,2026/04/12 4:23:48 AM,AME419_PM3,SS1,2,12,D450TS4T1,HACGB647MMB6,2,9.811867,2.142028,0.071,UNCLASSIFIED,UNCLASSIFIED,13,11,0,0,11,HIGHFLIER,OFF,OFF,ON,ON,ON,ON,ICCR2+CV+GF,6BARE_L029_PST,POST,6936790,D450TS4,16,3,4,4,SMALL,YPO,PHOSPHORUS,15,EDX_ELEM15_PHOSPHORUS,4.4653
2604,2026/04/12 4:23:48 AM,AME419_PM3,SS1,2,12,D450TS4T1,HACGB647MMB6,2,9.811867,2.142028,0.071,UNCLASSIFIED,UNCLASSIFIED,13,11,0,0,11,HIGHFLIER,OFF,OFF,ON,ON,ON,ON,ICCR2+CV+GF,6BARE_L029_PST,POST,6936790,D450TS4,16,3,4,4,SMALL,YPO,OSMIUM,76,EDX_ELEM76_OSMIUM,4.4653
2604,2026/04/12 4:23:48 AM,AME419_PM3,SS1,2,12,D450TS4T1,HACGB647MMB6,4,-68.695234,40.093451,100,UNCLASSIFIED,UNCLASSIFIED,13,11,0,0,11,HIGHFLIER,OFF,OFF,ON,ON,ON,ON,ICCR2+CV+GF,6BARE_L029_PST,POST,6936790,D450TS4,16,3,4,4,LARGE,YPO,YTTRIUM,39,EDX_ELEM39_YTTRIUM,33.8426
2604,2026/04/12 4:23:48 AM,AME419_PM3,SS1,2,12,D450TS4T1,HACGB647MMB6,6,25.130978,-135.081727,0.137,UNCLASSIFIED,UNCLASSIFIED,13,11,0,0,11,HIGHFLIER,OFF,OFF,ON,ON,ON,ON,ICCR2+CV+GF,6BARE_L029_PST,POST,6936790,D450TS4,16,3,4,4,SMALL,YPO,YTTRIUM,39,EDX_ELEM39_YTTRIUM,25.1921
2605,2026/05/07 11:43:07 PM,AME421_PM3,SS0,1,1,D450TS40,DX9TC399SEG5,6,50.708293,-60.448598,0.068,UNCLASSIFIED,UNCLASSIFIED,69,55,1,1,27,HIGHFLIER,OFF,OFF,ON,ON,ON,OFF,ICCR2+CV+GF,6BARE_L029_PST,POST,6942364,D450TS4,16,1,934,934,SMALL,YPO,YTTRIUM,39,EDX_ELEM39_YTTRIUM,8.3565
2605,2026/05/07 11:43:07 PM,AME421_PM3,SS0,1,1,D450TS40,DX9TC399SEG5,6,50.708293,-60.448598,0.068,UNCLASSIFIED,UNCLASSIFIED,69,55,1,1,27,HIGHFLIER,OFF,OFF,ON,ON,ON,OFF,ICCR2+CV+GF,6BARE_L029_PST,POST,6942364,D450TS4,16,1,934,934,SMALL,YPO,OSMIUM,76,EDX_ELEM76_OSMIUM,8.3565
2605,2026/05/07 11:43:07 PM,AME421_PM3,SS0,1,1,D450TS40,DX9TC399SEG5,10,113.976315,-0.932831,0.04,UNCLASSIFIED,UNCLASSIFIED,69,55,1,1,27,HIGHFLIER,OFF,OFF,ON,ON,ON,OFF,ICCR2+CV+GF,6BARE_L029_PST,POST,6942364,D450TS4,16,1,934,934,SMALL,YPO,PHOSPHORUS,15,EDX_ELEM15_PHOSPHORUS,4.5331
2605,2026/05/07 11:43:07 PM,AME421_PM3,SS0,1,1,D450TS40,DX9TC399SEG5,10,113.976315,-0.932831,0.04,UNCLASSIFIED,UNCLASSIFIED,69,55,1,1,27,HIGHFLIER,OFF,OFF,ON,ON,ON,OFF,ICCR2+CV+GF,6BARE_L029_PST,POST,6942364,D450TS4,16,1,934,934,SMALL,YPO,OSMIUM,76,EDX_ELEM76_OSMIUM,4.5331
2604,2026/04/29 6:22:27 PM,AME403_PM6,SS1,1,7,D307THPV1,ET2KK545SED0,2,28.291038,-77.849683,0.094,UNCLASSIFIED,UNCLASSIFIED,5,2,0,0,2,BASELINE,OFF,OFF,ON,ON,OFF,ON,ICCR2+CV,6BARE_L029_PST,POST,6962371,D307THP,16,3,371,371,SMALL,YPO,PHOSPHORUS,15,EDX_ELEM15_PHOSPHORUS,6.2413
2604,2026/04/29 6:22:27 PM,AME403_PM6,SS1,1,7,D307THPV1,ET2KK545SED0,2,28.291038,-77.849683,0.094,UNCLASSIFIED,UNCLASSIFIED,5,2,0,0,2,BASELINE,OFF,OFF,ON,ON,OFF,ON,ICCR2+CV,6BARE_L029_PST,POST,6962371,D307THP,16,3,371,371,SMALL,YPO,OSMIUM,76,EDX_ELEM76_OSMIUM,6.2413
2604,2026/04/29 6:22:27 PM,AME403_PM6,SS1,1,7,D307THPV1,ET2KK545SED0,5,-134.29062,49.119227,0.075,UNCLASSIFIED,UNCLASSIFIED,5,2,0,0,2,BASELINE,OFF,OFF,ON,ON,OFF,ON,ICCR2+CV,6BARE_L029_PST,POST,6962371,D307THP,16,3,371,371,SMALL,YPO,PHOSPHORUS,15,EDX_ELEM15_PHOSPHORUS,5.6959
2604,2026/04/29 6:22:27 PM,AME403_PM6,SS1,1,7,D307THPV1,ET2KK545SED0,5,-134.29062,49.119227,0.075,UNCLASSIFIED,UNCLASSIFIED,5,2,0,0,2,BASELINE,OFF,OFF,ON,ON,OFF,ON,ICCR2+CV,6BARE_L029_PST,POST,6962371,D307THP,16,3,371,371,SMALL,YPO,OSMIUM,76,EDX_ELEM76_OSMIUM,5.6959
2604,2026/04/12 10:34:04 PM,AME419_PM3,M_LIFT10X_SEG,2,5,D450TS40,3HPR2016SLA4,3,128.02412,-68.551988,100,UNCLASSIFIED,UNCLASSIFIED,14,11,0,0,11,HIGHFLIER,OFF,OFF,ON,ON,ON,ON,ICCR2+CV+GF,MAMEBARE_L029_PST,POST,6968134,D450TS4,16,21,9,9,LARGE,YPO,YTTRIUM,39,EDX_ELEM39_YTTRIUM,2.5965
2604,2026/04/12 10:34:04 PM,AME419_PM3,M_LIFT10X_SEG,1,4,D450TS40,3HPKT051SLD6,2,-12.412429,-3.427652,100,UNCLASSIFIED,UNCLASSIFIED,31,25,0,0,25,HIGHFLIER,OFF,OFF,ON,ON,ON,ON,ICCR2+CV+GF,MAMEBARE_L029_PST,POST,6968167,D450TS4,16,21,9,9,LARGE,YPO,PHOSPHORUS,15,EDX_ELEM15_PHOSPHORUS,2.1173
2604,2026/04/12 10:34:04 PM,AME419_PM3,M_LIFT10X_SEG,1,4,D450TS40,3HPKT051SLD6,2,-12.412429,-3.427652,100,UNCLASSIFIED,UNCLASSIFIED,31,25,0,0,25,HIGHFLIER,OFF,OFF,ON,ON,ON,ON,ICCR2+CV+GF,MAMEBARE_L029_PST,POST,6968167,D450TS4,16,21,9,9,LARGE,YPO,YTTRIUM,39,EDX_ELEM39_YTTRIUM,2.1173
2604,2026/04/12 10:34:04 PM,AME419_PM3,M_LIFT10X_SEG,1,4,D450TS40,3HPKT051SLD6,3,8.744897,29.525041,100,UNCLASSIFIED,UNCLASSIFIED,31,25,0,0,25,HIGHFLIER,OFF,OFF,ON,ON,ON,ON,ICCR2+CV+GF,MAMEBARE_L029_PST,POST,6968167,D450TS4,16,21,9,9,LARGE,YPO,YTTRIUM,39,EDX_ELEM39_YTTRIUM,1.7788
2604,2026/04/12 10:34:04 PM,AME419_PM3,M_LIFT10X_SEG,1,4,D450TS40,3HPKT051SLD6,5,44.857629,27.728098,100,UNCLASSIFIED,UNCLASSIFIED,31,25,0,0,25,HIGHFLIER,OFF,OFF,ON,ON,ON,ON,ICCR2+CV+GF,MAMEBARE_L029_PST,POST,6968167,D450TS4,16,21,9,9,LARGE,YPO,YTTRIUM,39,EDX_ELEM39_YTTRIUM,2.9513
2604,2026/04/12 10:34:04 PM,AME419_PM3,M_LIFT10X_SEG,1,4,D450TS40,3HPKT051SLD6,13,-16.780805,75.661063,100,UNCLASSIFIED,UNCLASSIFIED,31,25,0,0,25,HIGHFLIER,OFF,OFF,ON,ON,ON,ON,ICCR2+CV+GF,MAMEBARE_L029_PST,POST,6968167,D450TS4,16,21,9,9,LARGE,YPO,YTTRIUM,39,EDX_ELEM39_YTTRIUM,2.8417
2604,2026/04/12 10:34:04 PM,AME419_PM3,M_LIFT10X_SEG,1,4,D450TS40,3HPKT051SLD6,20,110.622881,-1.805466,100,UNCLASSIFIED,UNCLASSIFIED,31,25,0,0,25,HIGHFLIER,OFF,OFF,ON,ON,ON,ON,ICCR2+CV+GF,MAMEBARE_L029_PST,POST,6968167,D450TS4,16,21,9,9,LARGE,YPO,YTTRIUM,39,EDX_ELEM39_YTTRIUM,2.875
2604,2026/04/12 10:34:04 PM,AME419_PM3,M_LIFT10X_SEG,1,4,D450TS40,3HPKT051SLD6,22,-126.91025,-1.340521,100,UNCLASSIFIED,UNCLASSIFIED,31,25,0,0,25,HIGHFLIER,OFF,OFF,ON,ON,ON,ON,ICCR2+CV+GF,MAMEBARE_L029_PST,POST,6968167,D450TS4,16,21,9,9,LARGE,YPO,YTTRIUM,39,EDX_ELEM39_YTTRIUM,2.1997
2604,2026/04/12 10:34:04 PM,AME419_PM3,M_LIFT10X_SEG,1,4,D450TS40,3HPKT051SLD6,25,132.475101,-51.078318,100,UNCLASSIFIED,UNCLASSIFIED,31,25,0,0,25,HIGHFLIER,OFF,OFF,ON,ON,ON,ON,ICCR2+CV+GF,MAMEBARE_L029_PST,POST,6968167,D450TS4,16,21,9,9,LARGE,YPO,YTTRIUM,39,EDX_ELEM39_YTTRIUM,1.9444
2603,2026/03/24 5:42:40 PM,AME419_PM3,SS7,5,5,D344TD1N1,5DRGQ383MVD5,2,58.125832,32.139884,0.144,UNCLASSIFIED,UNCLASSIFIED,55,3,0,0,3,BASELINE,OFF,OFF,ON,ON,ON,OFF,ICCR2+CV+GF,6BARE_L029_PST,POST,6983107,D344TD1,17,10,1462,659,SMALL,YPO,PHOSPHORUS,15,EDX_ELEM15_PHOSPHORUS,10.8067
2603,2026/03/24 5:42:40 PM,AME419_PM3,SS7,5,5,D344TD1N1,5DRGQ383MVD5,2,58.125832,32.139884,0.144,UNCLASSIFIED,UNCLASSIFIED,55,3,0,0,3,BASELINE,OFF,OFF,ON,ON,ON,OFF,ICCR2+CV+GF,6BARE_L029_PST,POST,6983107,D344TD1,17,10,1462,659,SMALL,YPO,YTTRIUM,39,EDX_ELEM39_YTTRIUM,10.8067
2604,2026/04/26 11:27:47 AM,AME421_PM6,SS0,1,5,D344TD1N1,5DRGQ383MVD5,9,61.261111,92.10789,0.05,UNCLASSIFIED,UNCLASSIFIED,72,26,0,0,26,HIGHFLIER,ON,OFF,ON,ON,ON,ON,SRCIP,6BARE_L029_PST,POST,6983107,D344TD1,16,1,946,946,SMALL,YPO,YTTRIUM,39,EDX_ELEM39_YTTRIUM,4.7009
2604,2026/04/26 11:27:47 AM,AME421_PM6,SS0,1,5,D344TD1N1,5DRGQ383MVD5,9,61.261111,92.10789,0.05,UNCLASSIFIED,UNCLASSIFIED,72,26,0,0,26,HIGHFLIER,ON,OFF,ON,ON,ON,ON,SRCIP,6BARE_L029_PST,POST,6983107,D344TD1,16,1,946,946,SMALL,YPO,OSMIUM,76,EDX_ELEM76_OSMIUM,4.7009
2604,2026/04/26 11:27:47 AM,AME421_PM6,SS0,1,5,D344TD1N1,5DRGQ383MVD5,10,110.87509,-23.15607,0.047,UNCLASSIFIED,UNCLASSIFIED,72,26,0,0,26,HIGHFLIER,ON,OFF,ON,ON,ON,ON,SRCIP,6BARE_L029_PST,POST,6983107,D344TD1,16,1,946,946,SMALL,YPO,YTTRIUM,39,EDX_ELEM39_YTTRIUM,6.1787
2604,2026/04/26 11:27:47 AM,AME421_PM6,SS0,1,5,D344TD1N1,5DRGQ383MVD5,14,-80.34876,97.333424,0.059,UNCLASSIFIED,UNCLASSIFIED,72,26,0,0,26,HIGHFLIER,ON,OFF,ON,ON,ON,ON,SRCIP,6BARE_L029_PST,POST,6983107,D344TD1,16,1,946,946,SMALL,YPO,OSMIUM,76,EDX_ELEM76_OSMIUM,5.9335
2604,2026/04/26 11:27:47 AM,AME421_PM6,SS0,1,5,D344TD1N1,5DRGQ383MVD5,15,-39.309857,126.566547,0.048,UNCLASSIFIED,UNCLASSIFIED,72,26,0,0,26,HIGHFLIER,ON,OFF,ON,ON,ON,ON,SRCIP,6BARE_L029_PST,POST,6983107,D344TD1,16,1,946,946,SMALL,YPO,OSMIUM,76,EDX_ELEM76_OSMIUM,5.0031
2604,2026/04/26 11:27:47 AM,AME421_PM6,SS0,1,5,D344TD1N1,5DRGQ383MVD5,17,136.337611,2.006622,0.057,UNCLASSIFIED,UNCLASSIFIED,72,26,0,0,26,HIGHFLIER,ON,OFF,ON,ON,ON,ON,SRCIP,6BARE_L029_PST,POST,6983107,D344TD1,16,1,946,946,SMALL,YPO,PHOSPHORUS,15,EDX_ELEM15_PHOSPHORUS,6.3834
2604,2026/04/26 11:27:47 AM,AME421_PM6,SS0,1,5,D344TD1N1,5DRGQ383MVD5,17,136.337611,2.006622,0.057,UNCLASSIFIED,UNCLASSIFIED,72,26,0,0,26,HIGHFLIER,ON,OFF,ON,ON,ON,ON,SRCIP,6BARE_L029_PST,POST,6983107,D344TD1,16,1,946,946,SMALL,YPO,OSMIUM,76,EDX_ELEM76_OSMIUM,6.3834
2604,2026/04/13 6:10:39 PM,AME411_PM4,SS7,7,7,D344TD1N1,FK4EL070JKE5,1,-68.601265,38.524222,100,UNCLASSIFIED,UNCLASSIFIED,4,2,0,0,2,BASELINE,OFF,OFF,ON,ON,ON,ON,ICCR2+CV+GF,6BARE_L029_PST,POST,6983109,D344TD1,16,10,19,19,LARGE,YPO,YTTRIUM,39,EDX_ELEM39_YTTRIUM,22.1899
2604,2026/04/13 6:10:39 PM,AME411_PM4,SS7,7,7,D344TD1N1,FK4EL070JKE5,1,-68.601265,38.524222,100,UNCLASSIFIED,UNCLASSIFIED,4,2,0,0,2,BASELINE,OFF,OFF,ON,ON,ON,ON,ICCR2+CV+GF,6BARE_L029_PST,POST,6983109,D344TD1,16,10,19,19,LARGE,YPO,OSMIUM,76,EDX_ELEM76_OSMIUM,22.1899
2604,2026/04/29 11:13:56 PM,AME403_PM3,SS7,2,13,D307THPV1,AFSQI671MMC6,2,-0.581216,-27.666954,0.122,UNCLASSIFIED,UNCLASSIFIED,6,3,0,0,3,BASELINE,ON,OFF,ON,ON,OFF,ON,SRCIP,6BARE_L029_PST,POST,6983145,D307THP,16,10,1688,32,SMALL,YPO,YTTRIUM,39,EDX_ELEM39_YTTRIUM,9.9411
2604,2026/04/27 11:13:54 PM,AME403_PM3,SS1,3,12,D344TD1N1,ET2KK415SEF1,3,18.854975,-69.363584,0.094,UNCLASSIFIED,UNCLASSIFIED,9,6,0,0,6,BASELINE,ON,OFF,ON,ON,OFF,ON,SRCIP,6BARE_L029_PST,POST,7016093,D344TD1,16,3,1684,27,SMALL,YPO,YTTRIUM,39,EDX_ELEM39_YTTRIUM,11.9448
2604,2026/04/27 11:13:54 PM,AME403_PM3,SS1,3,12,D344TD1N1,ET2KK415SEF1,3,18.854975,-69.363584,0.094,UNCLASSIFIED,UNCLASSIFIED,9,6,0,0,6,BASELINE,ON,OFF,ON,ON,OFF,ON,SRCIP,6BARE_L029_PST,POST,7016093,D344TD1,16,3,1684,27,SMALL,YPO,OSMIUM,76,EDX_ELEM76_OSMIUM,11.9448
2604,2026/04/13 8:10:11 PM,AME417_PM1,SS1,2,13,D344TD1N1,FK6EW662JKD7,2,24.719426,-109.880702,100,UNCLASSIFIED,UNCLASSIFIED,7,7,0,0,7,BASELINE,OFF,ON,ON,ON,ON,ON,CCMR2+ICCR2+CV+GF,6BARE_L029_PST,POST,7018133,D344TD1,16,3,362,362,LARGE,YPO,YTTRIUM,39,EDX_ELEM39_YTTRIUM,16.7244
2604,2026/04/08 8:30:42 AM,AME401_PM2,SS7,3,14,D344TD1N1,FK6EW658JKC6,1,122.805957,60.297869,100,UNCLASSIFIED,UNCLASSIFIED,21,5,0,2,5,BASELINE,OFF,OFF,ON,ON,ON,OFF,ICCR2+CV+GF,6BARE_L029_PST,POST,7019808,D344TD1,16,10,489,430,LARGE,YPO,YTTRIUM,39,EDX_ELEM39_YTTRIUM,3.3601
2604,2026/04/08 8:30:42 AM,AME401_PM2,SS7,3,14,D344TD1N1,FK6EW658JKC6,2,113.279041,78.446151,100,UNCLASSIFIED,UNCLASSIFIED,21,5,0,2,5,BASELINE,OFF,OFF,ON,ON,ON,OFF,ICCR2+CV+GF,6BARE_L029_PST,POST,7019808,D344TD1,16,10,489,430,LARGE,YPO,PHOSPHORUS,15,EDX_ELEM15_PHOSPHORUS,3.0867
2604,2026/04/08 8:30:42 AM,AME401_PM2,SS7,3,14,D344TD1N1,FK6EW658JKC6,2,113.279041,78.446151,100,UNCLASSIFIED,UNCLASSIFIED,21,5,0,2,5,BASELINE,OFF,OFF,ON,ON,ON,OFF,ICCR2+CV+GF,6BARE_L029_PST,POST,7019808,D344TD1,16,10,489,430,LARGE,YPO,OSMIUM,76,EDX_ELEM76_OSMIUM,3.0867
2604,2026/04/08 8:30:42 AM,AME401_PM2,SS7,3,14,D344TD1N1,FK6EW658JKC6,3,121.63393,65.271568,100,UNCLASSIFIED,UNCLASSIFIED,21,5,0,2,5,BASELINE,OFF,OFF,ON,ON,ON,OFF,ICCR2+CV+GF,6BARE_L029_PST,POST,7019808,D344TD1,16,10,489,430,LARGE,YPO,YTTRIUM,39,EDX_ELEM39_YTTRIUM,3.9395
2604,2026/04/29 11:13:56 PM,AME403_PM3,SS7,6,18,D307THPV1,FK6EW657JKF7,2,-26.584462,45.541445,0.056,UNCLASSIFIED,UNCLASSIFIED,6,1,0,0,1,BASELINE,ON,OFF,ON,ON,OFF,ON,SRCIP,6BARE_L029_PST,POST,7022668,D307THP,16,10,1688,32,SMALL,YPO,OSMIUM,76,EDX_ELEM76_OSMIUM,3.8628
2604,2026/04/24 1:25:30 AM,AME419_PM5,SS7,4,5,D344TD1N2,FK4EL074JKG7,1,39.900714,-13.605134,100,UNCLASSIFIED,UNCLASSIFIED,23,15,1,1,10,HIGHFLIER,OFF,ON,ON,ON,OFF,ON,CCMR2+ICCR2+CV,6BARE_L029_PST,POST,7041813,D344TD1,16,10,425,425,LARGE,YPO,YTTRIUM,39,EDX_ELEM39_YTTRIUM,20.3265
2604,2026/04/24 1:25:30 AM,AME419_PM5,SS7,4,5,D344TD1N2,FK4EL074JKG7,1,39.900714,-13.605134,100,UNCLASSIFIED,UNCLASSIFIED,23,15,1,1,10,HIGHFLIER,OFF,ON,ON,ON,OFF,ON,CCMR2+ICCR2+CV,6BARE_L029_PST,POST,7041813,D344TD1,16,10,425,425,LARGE,YPO,OSMIUM,76,EDX_ELEM76_OSMIUM,20.3265
2604,2026/04/24 1:25:30 AM,AME419_PM5,SS7,4,5,D344TD1N2,FK4EL074JKG7,4,44.100247,-68.580756,100,UNCLASSIFIED,UNCLASSIFIED,23,15,1,1,10,HIGHFLIER,OFF,ON,ON,ON,OFF,ON,CCMR2+ICCR2+CV,6BARE_L029_PST,POST,7041813,D344TD1,16,10,425,425,LARGE,YPO,YTTRIUM,39,EDX_ELEM39_YTTRIUM,4.3739
2604,2026/04/24 1:25:30 AM,AME419_PM5,SS7,3,4,D344TD1N2,FC9QI784MMB6,7,-39.182008,-84.150847,100,UNCLASSIFIED,UNCLASSIFIED,10,8,0,0,8,BASELINE,OFF,ON,ON,ON,OFF,ON,CCMR2+ICCR2+CV,6BARE_L029_PST,POST,7041825,D344TD1,16,10,425,425,LARGE,YPO,YTTRIUM,39,EDX_ELEM39_YTTRIUM,6.4771
2604,2026/04/27 9:23:12 PM,AME403_PM3,SS1,1,21,D344TD1N2,FK6EX177JKE7,2,-9.214458,-11.760135,0.061,UNCLASSIFIED,UNCLASSIFIED,33,16,0,1,16,HIGHFLIER,ON,OFF,ON,ON,OFF,ON,SRCIP,6BARE_L029_PST,POST,7068858,D344TD1,16,3,1683,26,SMALL,YPO,YTTRIUM,39,EDX_ELEM39_YTTRIUM,4.9622
2604,2026/04/27 9:23:12 PM,AME403_PM3,SS1,2,22,D344TD1N2,FK6EX208JKG2,2,25.176094,15.091234,0.062,UNCLASSIFIED,UNCLASSIFIED,44,18,0,0,18,HIGHFLIER,ON,OFF,ON,ON,OFF,ON,SRCIP,6BARE_L029_PST,POST,7072627,D344TD1,16,3,1683,26,SMALL,YPO,OSMIUM,76,EDX_ELEM76_OSMIUM,3.6846
2604,2026/04/27 9:23:12 PM,AME403_PM3,SS1,3,23,D344TD1N2,HC9MF812MMD3,35,-86.086161,-107.430244,100,UNCLASSIFIED,UNCLASSIFIED,74,7,0,4,7,BASELINE,ON,OFF,ON,ON,OFF,ON,SRCIP,6BARE_L029_PST,POST,7073872,D344TD1,16,3,1683,27,LARGE,YPO,YTTRIUM,39,EDX_ELEM39_YTTRIUM,28.2569
2604,2026/04/27 9:23:12 PM,AME403_PM3,SS1,3,23,D344TD1N2,HC9MF812MMD3,35,-86.086161,-107.430244,100,UNCLASSIFIED,UNCLASSIFIED,74,7,0,4,7,BASELINE,ON,OFF,ON,ON,OFF,ON,SRCIP,6BARE_L029_PST,POST,7073872,D344TD1,16,3,1683,27,LARGE,YPO,OSMIUM,76,EDX_ELEM76_OSMIUM,28.2569
2604,2026/04/11 10:31:31 AM,AME411_PM4,SS1,2,12,D317TJX0,CJCGB761MMG1,1,0.922496,5.453389,0.056,UNCLASSIFIED,UNCLASSIFIED,13,11,0,0,11,HIGHFLIER,OFF,OFF,ON,ON,ON,ON,ICCR2+CV+GF,6BARE_L029_PST,POST,7074673,D317TJX,16,3,10,10,SMALL,YPO,PHOSPHORUS,15,EDX_ELEM15_PHOSPHORUS,3.3828
2604,2026/04/11 10:31:31 AM,AME411_PM4,SS1,2,12,D317TJX0,CJCGB761MMG1,1,0.922496,5.453389,0.056,UNCLASSIFIED,UNCLASSIFIED,13,11,0,0,11,HIGHFLIER,OFF,OFF,ON,ON,ON,ON,ICCR2+CV+GF,6BARE_L029_PST,POST,7074673,D317TJX,16,3,10,10,SMALL,YPO,OSMIUM,76,EDX_ELEM76_OSMIUM,3.3828
2604,2026/04/11 10:31:31 AM,AME411_PM4,SS1,2,12,D317TJX0,CJCGB761MMG1,4,19.768227,-21.212727,0.077,UNCLASSIFIED,UNCLASSIFIED,13,11,0,0,11,HIGHFLIER,OFF,OFF,ON,ON,ON,ON,ICCR2+CV+GF,6BARE_L029_PST,POST,7074673,D317TJX,16,3,10,10,SMALL,YPO,OSMIUM,76,EDX_ELEM76_OSMIUM,5.2801
2604,2026/04/09 7:47:25 PM,AME425_PM4,SS7,5,5,D050TNFX21,3FV78103SLC7,1,-5.942859,0.29189,0.057,UNCLASSIFIED,UNCLASSIFIED,2,1,0,0,1,BASELINE,OFF,OFF,ON,ON,ON,ON,ICCR2+CV+GF,6BARE_L029_PST,POST,7107181,D050TNF,16,10,1819,866,SMALL,YPO,YTTRIUM,39,EDX_ELEM39_YTTRIUM,4.9088
2603,2026/03/25 4:27:31 PM,AME423_PM4,M_GO_E_SEG,2,22,D450TS4T1,DFEWE630MMG2,1,-42.780762,-16.922339,100,UNCLASSIFIED,UNCLASSIFIED,13,1,0,0,1,BASELINE,OFF,OFF,ON,ON,ON,ON,ICCR2+CV+GF,MAMEBARE_L029_PST,POST,7113731,D450TS4,16,21,96,96,LARGE,YPO,YTTRIUM,39,EDX_ELEM39_YTTRIUM,17.0732
2604,2026/04/01 3:37:12 AM,AME421_PM1,SS0,1,4,D050TNFZ31,3JMAD226SLF4,5,-25.590546,18.392078,100,UNCLASSIFIED,UNCLASSIFIED,29,26,0,0,26,HIGHFLIER,OFF,ON,ON,ON,ON,ON,CCMR2+ICCR2+CV+GF,6BARE_L029_PST,POST,7124984,D050TNF,31,1,630,630,LARGE,YPO,YTTRIUM,39,EDX_ELEM39_YTTRIUM,8.0433
2604,2026/04/01 3:37:12 AM,AME421_PM1,SS0,1,4,D050TNFZ31,3JMAD226SLF4,18,-76.886661,-44.091736,100,UNCLASSIFIED,UNCLASSIFIED,29,26,0,0,26,HIGHFLIER,OFF,ON,ON,ON,ON,ON,CCMR2+ICCR2+CV+GF,6BARE_L029_PST,POST,7124984,D050TNF,31,1,630,630,LARGE,YPO,YTTRIUM,39,EDX_ELEM39_YTTRIUM,14.2765
2604,2026/04/01 3:37:12 AM,AME421_PM1,SS0,1,4,D050TNFZ31,3JMAD226SLF4,19,-44.348599,82.293595,100,UNCLASSIFIED,UNCLASSIFIED,29,26,0,0,26,HIGHFLIER,OFF,ON,ON,ON,ON,ON,CCMR2+ICCR2+CV+GF,6BARE_L029_PST,POST,7124984,D050TNF,31,1,630,630,LARGE,YPO,OSMIUM,76,EDX_ELEM76_OSMIUM,4.1939
2605,2026/05/05 7:33:27 PM,AME409_PM3,SS1,1,1,D344TD2X11,DFEWE581MME3,1,84.958825,-10.803623,0.049,UNCLASSIFIED,UNCLASSIFIED,58,15,0,2,15,HIGHFLIER,OFF,OFF,ON,ON,ON,OFF,ICCR2+CV+GF,6BARE_L029_PST,POST,7125227,D344TD2,16,3,900,900,SMALL,YPO,YTTRIUM,39,EDX_ELEM39_YTTRIUM,4.2469
2605,2026/05/05 7:33:27 PM,AME409_PM3,SS1,1,1,D344TD2X11,DFEWE581MME3,1,84.958825,-10.803623,0.049,UNCLASSIFIED,UNCLASSIFIED,58,15,0,2,15,HIGHFLIER,OFF,OFF,ON,ON,ON,OFF,ICCR2+CV+GF,6BARE_L029_PST,POST,7125227,D344TD2,16,3,900,900,SMALL,YPO,OSMIUM,76,EDX_ELEM76_OSMIUM,4.2469
2605,2026/05/05 7:33:27 PM,AME409_PM3,SS1,1,1,D344TD2X11,DFEWE581MME3,2,-87.494586,-39.75817,0.07,UNCLASSIFIED,UNCLASSIFIED,58,15,0,2,15,HIGHFLIER,OFF,OFF,ON,ON,ON,OFF,ICCR2+CV+GF,6BARE_L029_PST,POST,7125227,D344TD2,16,3,900,900,SMALL,YPO,YTTRIUM,39,EDX_ELEM39_YTTRIUM,8.4497
2605,2026/05/05 7:33:27 PM,AME409_PM3,SS1,1,1,D344TD2X11,DFEWE581MME3,3,-44.637296,85.679455,0.05,UNCLASSIFIED,UNCLASSIFIED,58,15,0,2,15,HIGHFLIER,OFF,OFF,ON,ON,ON,OFF,ICCR2+CV+GF,6BARE_L029_PST,POST,7125227,D344TD2,16,3,900,900,SMALL,YPO,YTTRIUM,39,EDX_ELEM39_YTTRIUM,4.1938
2605,2026/05/05 7:33:27 PM,AME409_PM3,SS1,1,1,D344TD2X11,DFEWE581MME3,9,12.689364,-124.506962,0.071,UNCLASSIFIED,UNCLASSIFIED,58,15,0,2,15,HIGHFLIER,OFF,OFF,ON,ON,ON,OFF,ICCR2+CV+GF,6BARE_L029_PST,POST,7125227,D344TD2,16,3,900,900,SMALL,YPO,YTTRIUM,39,EDX_ELEM39_YTTRIUM,4.4726
2605,2026/05/05 7:33:27 PM,AME409_PM3,SS1,1,1,D344TD2X11,DFEWE581MME3,16,-56.053329,-77.298082,0.034,UNCLASSIFIED,UNCLASSIFIED,58,15,0,2,15,HIGHFLIER,OFF,OFF,ON,ON,ON,OFF,ICCR2+CV+GF,6BARE_L029_PST,POST,7125227,D344TD2,16,3,900,900,SMALL,YPO,YTTRIUM,39,EDX_ELEM39_YTTRIUM,3.607
2605,2026/05/05 7:33:27 PM,AME409_PM3,SS1,1,1,D344TD2X11,DFEWE581MME3,17,108.514271,-73.728632,0.037,UNCLASSIFIED,UNCLASSIFIED,58,15,0,2,15,HIGHFLIER,OFF,OFF,ON,ON,ON,OFF,ICCR2+CV+GF,6BARE_L029_PST,POST,7125227,D344TD2,16,3,900,900,SMALL,YPO,YTTRIUM,39,EDX_ELEM39_YTTRIUM,4.3218
2605,2026/05/05 7:33:27 PM,AME409_PM3,SS1,1,1,D344TD2X11,DFEWE581MME3,17,108.514271,-73.728632,0.037,UNCLASSIFIED,UNCLASSIFIED,58,15,0,2,15,HIGHFLIER,OFF,OFF,ON,ON,ON,OFF,ICCR2+CV+GF,6BARE_L029_PST,POST,7125227,D344TD2,16,3,900,900,SMALL,YPO,OSMIUM,76,EDX_ELEM76_OSMIUM,4.3218
2605,2026/05/05 7:33:27 PM,AME409_PM3,SS1,1,1,D344TD2X11,DFEWE581MME3,28,6.623232,-6.84025,0.03,UNCLASSIFIED,UNCLASSIFIED,58,15,0,2,15,HIGHFLIER,OFF,OFF,ON,ON,ON,OFF,ICCR2+CV+GF,6BARE_L029_PST,POST,7125227,D344TD2,16,3,900,900,SMALL,YPO,OSMIUM,76,EDX_ELEM76_OSMIUM,4.1693
2605,2026/05/05 7:33:27 PM,AME409_PM3,SS1,2,2,D344TD2X11,ET2KK572SED6,1,29.18995,43.781257,0.05,UNCLASSIFIED,UNCLASSIFIED,11,8,0,0,8,BASELINE,OFF,OFF,ON,ON,ON,OFF,ICCR2+CV+GF,6BARE_L029_PST,POST,7129692,D344TD2,16,3,901,901,SMALL,YPO,YTTRIUM,39,EDX_ELEM39_YTTRIUM,5.5898
2605,2026/05/05 7:33:27 PM,AME409_PM3,SS1,2,2,D344TD2X11,ET2KK572SED6,2,-42.239543,51.460446,0.055,UNCLASSIFIED,UNCLASSIFIED,11,8,0,0,8,BASELINE,OFF,OFF,ON,ON,ON,OFF,ICCR2+CV+GF,6BARE_L029_PST,POST,7129692,D344TD2,16,3,901,901,SMALL,YPO,YTTRIUM,39,EDX_ELEM39_YTTRIUM,4.8234
2605,2026/05/05 7:33:27 PM,AME409_PM3,SS1,2,2,D344TD2X11,ET2KK572SED6,2,-42.239543,51.460446,0.055,UNCLASSIFIED,UNCLASSIFIED,11,8,0,0,8,BASELINE,OFF,OFF,ON,ON,ON,OFF,ICCR2+CV+GF,6BARE_L029_PST,POST,7129692,D344TD2,16,3,901,901,SMALL,YPO,OSMIUM,76,EDX_ELEM76_OSMIUM,4.8234
2605,2026/05/05 7:33:27 PM,AME409_PM3,SS1,2,2,D344TD2X11,ET2KK572SED6,3,-25.14997,82.953442,0.043,UNCLASSIFIED,UNCLASSIFIED,11,8,0,0,8,BASELINE,OFF,OFF,ON,ON,ON,OFF,ICCR2+CV+GF,6BARE_L029_PST,POST,7129692,D344TD2,16,3,901,901,SMALL,YPO,YTTRIUM,39,EDX_ELEM39_YTTRIUM,4.944
2604,2026/04/14 2:43:33 PM,AME419_PM3,SS1,1,4,D344TD2X11,FK6EW656JKB5,1,7.674469,3.066608,0.064,UNCLASSIFIED,UNCLASSIFIED,10,7,0,0,7,BASELINE,OFF,OFF,ON,ON,ON,ON,ICCR2+CV+GF,6BARE_L029_PST,POST,7139333,D344TD2,16,3,10,10,SMALL,YPO,YTTRIUM,39,EDX_ELEM39_YTTRIUM,3.8723
2604,2026/04/11 10:23:19 PM,AME419_PM3,SS1,2,18,D050TNFX21,DV7LT677JKF7,8,-28.425107,-3.950647,0.064,UNCLASSIFIED,UNCLASSIFIED,41,14,0,0,14,HIGHFLIER,OFF,OFF,ON,ON,ON,ON,ICCR2+CV+GF,6BARE_L029_PST,POST,7146731,D050TNF,16,3,2,2,SMALL,YPO,YTTRIUM,39,EDX_ELEM39_YTTRIUM,5.0994
2604,2026/04/11 10:23:19 PM,AME419_PM3,SS1,2,18,D050TNFX21,DV7LT677JKF7,8,-28.425107,-3.950647,0.064,UNCLASSIFIED,UNCLASSIFIED,41,14,0,0,14,HIGHFLIER,OFF,OFF,ON,ON,ON,ON,ICCR2+CV+GF,6BARE_L029_PST,POST,7146731,D050TNF,16,3,2,2,SMALL,YPO,OSMIUM,76,EDX_ELEM76_OSMIUM,5.0994
2604,2026/04/11 10:23:19 PM,AME419_PM3,SS1,3,19,D050TNFX21,3G28W231SLG0,3,43.68786,10.891184,0.062,UNCLASSIFIED,UNCLASSIFIED,40,12,0,2,12,HIGHFLIER,OFF,OFF,ON,ON,ON,ON,ICCR2+CV+GF,6BARE_L029_PST,POST,7157289,D050TNF,16,3,2,2,SMALL,YPO,PHOSPHORUS,15,EDX_ELEM15_PHOSPHORUS,5.0098
2604,2026/04/11 10:23:19 PM,AME419_PM3,SS1,3,19,D050TNFX21,3G28W231SLG0,3,43.68786,10.891184,0.062,UNCLASSIFIED,UNCLASSIFIED,40,12,0,2,12,HIGHFLIER,OFF,OFF,ON,ON,ON,ON,ICCR2+CV+GF,6BARE_L029_PST,POST,7157289,D050TNF,16,3,2,2,SMALL,YPO,OSMIUM,76,EDX_ELEM76_OSMIUM,5.0098
2604,2026/04/04 10:26:43 AM,AME403_PM3,SS0,1,20,D050TNFX21,DX9TC387SEB0,1,-19.077596,33.617672,0.129,UNCLASSIFIED,UNCLASSIFIED,27,7,0,0,7,BASELINE,OFF,OFF,ON,ON,OFF,OFF,ICCR2+CV,6BARE_L029_PST,POST,7159459,D050TNF,16,1,1651,942,SMALL,YPO,PHOSPHORUS,15,EDX_ELEM15_PHOSPHORUS,4.7419
2604,2026/04/04 10:26:43 AM,AME403_PM3,SS0,1,20,D050TNFX21,DX9TC387SEB0,2,-28.631177,30.617418,100,UNCLASSIFIED,UNCLASSIFIED,27,7,0,0,7,BASELINE,OFF,OFF,ON,ON,OFF,OFF,ICCR2+CV,6BARE_L029_PST,POST,7159459,D050TNF,16,1,1651,942,LARGE,YPO,PHOSPHORUS,15,EDX_ELEM15_PHOSPHORUS,2.4246
2605,2026/05/27 5:27:47 AM,AME401_PM1,SS0,1,20,D050TNFX21,DX9TC387SEB0,4,-78.528222,-45.190417,0.082,UNCLASSIFIED,UNCLASSIFIED,18,10,0,0,10,HIGHFLIER,OFF,OFF,ON,ON,ON,OFF,ICCR2+CV+GF,6BARE_L029_PST,POST,7159459,D050TNF,16,1,904,876,SMALL,YPO,YTTRIUM,39,EDX_ELEM39_YTTRIUM,7.8676
2605,2026/05/27 5:27:47 AM,AME401_PM1,SS0,1,20,D050TNFX21,DX9TC387SEB0,6,7.113148,-111.449814,0.064,UNCLASSIFIED,UNCLASSIFIED,18,10,0,0,10,HIGHFLIER,OFF,OFF,ON,ON,ON,OFF,ICCR2+CV+GF,6BARE_L029_PST,POST,7159459,D050TNF,16,1,904,876,SMALL,YPO,YTTRIUM,39,EDX_ELEM39_YTTRIUM,9.0411
2605,2026/05/27 5:27:47 AM,AME401_PM1,SS0,1,20,D050TNFX21,DX9TC387SEB0,8,-81.317367,98.931951,0.058,UNCLASSIFIED,UNCLASSIFIED,18,10,0,0,10,HIGHFLIER,OFF,OFF,ON,ON,ON,OFF,ICCR2+CV+GF,6BARE_L029_PST,POST,7159459,D050TNF,16,1,904,876,SMALL,YPO,OSMIUM,76,EDX_ELEM76_OSMIUM,4.7349
2605,2026/05/27 5:27:47 AM,AME401_PM1,SS0,1,20,D050TNFX21,DX9TC387SEB0,9,74.497242,-117.984029,0.058,UNCLASSIFIED,UNCLASSIFIED,18,10,0,0,10,HIGHFLIER,OFF,OFF,ON,ON,ON,OFF,ICCR2+CV+GF,6BARE_L029_PST,POST,7159459,D050TNF,16,1,904,876,SMALL,YPO,OSMIUM,76,EDX_ELEM76_OSMIUM,6.25
2604,2026/04/04 10:26:43 AM,AME403_PM3,SS0,1,20,D050TNFX21,DX9TC387SEB0,11,-103.026951,52.994394,100,UNCLASSIFIED,UNCLASSIFIED,27,7,0,0,7,BASELINE,OFF,OFF,ON,ON,OFF,OFF,ICCR2+CV,6BARE_L029_PST,POST,7159459,D050TNF,16,1,1651,942,LARGE,YPO,PHOSPHORUS,15,EDX_ELEM15_PHOSPHORUS,23.8046
2605,2026/05/27 5:27:47 AM,AME401_PM1,SS0,1,20,D050TNFX21,DX9TC387SEB0,16,99.186729,-109.605308,0.041,UNCLASSIFIED,UNCLASSIFIED,18,10,0,0,10,HIGHFLIER,OFF,OFF,ON,ON,ON,OFF,ICCR2+CV+GF,6BARE_L029_PST,POST,7159459,D050TNF,16,1,904,876,SMALL,YPO,OSMIUM,76,EDX_ELEM76_OSMIUM,4.7906
2605,2026/05/30 5:42:03 PM,AME419_PM6,SS1,2,21,D344TD1N1,3FV78024SLC2,1,24.129953,-10.792695,0.073,UNCLASSIFIED,UNCLASSIFIED,36,3,1,3,1,BASELINE,ON,OFF,ON,ON,ON,OFF,SRCIP,6BARE_L029_PST,POST,7182202,D344TD1,15,3,16,16,SMALL,YPO,PHOSPHORUS,15,EDX_ELEM15_PHOSPHORUS,5.5145
2605,2026/05/30 5:42:03 PM,AME419_PM6,SS1,2,21,D344TD1N1,3FV78024SLC2,1,24.129953,-10.792695,0.073,UNCLASSIFIED,UNCLASSIFIED,36,3,1,3,1,BASELINE,ON,OFF,ON,ON,ON,OFF,SRCIP,6BARE_L029_PST,POST,7182202,D344TD1,15,3,16,16,SMALL,YPO,YTTRIUM,39,EDX_ELEM39_YTTRIUM,5.5145
2604,2026/04/26 11:34:58 PM,AME411_PM1,SS0,1,25,D146TL2U11,FK6EW654JKA4,11,-59.198769,109.854397,0.058,UNCLASSIFIED,UNCLASSIFIED,131,6,0,10,6,BASELINE,ON,OFF,ON,ON,ON,ON,SRCIP,6BARE_L029_PST,POST,7208002,D146TL2,16,1,93,93,SMALL,YPO,YTTRIUM,39,EDX_ELEM39_YTTRIUM,3.6183
2605,2026/05/21 8:49:08 AM,AME417_PM5,SS0,1,21,D307THPV1,DV7LT725JKD4,1,-8.698756,-56.754456,0.066,UNCLASSIFIED,UNCLASSIFIED,12,10,0,0,10,HIGHFLIER,OFF,OFF,ON,ON,ON,OFF,ICCR2+CV+GF,6BARE_L029_PST,POST,7236628,D307THP,16,1,906,906,SMALL,YPO,OSMIUM,76,EDX_ELEM76_OSMIUM,5.237
2605,2026/05/21 12:45:37 PM,AME401_PM1,SS0,1,22,D307THPV1,3JMAD238SLD6,7,-134.356778,48.38581,0.059,UNCLASSIFIED,UNCLASSIFIED,15,8,0,0,8,BASELINE,OFF,OFF,ON,ON,ON,OFF,ICCR2+CV+GF,6BARE_L029_PST,POST,7236634,D307THP,16,1,863,835,SMALL,YPO,YTTRIUM,39,EDX_ELEM39_YTTRIUM,6.0925
2605,2026/05/21 12:45:37 PM,AME401_PM1,SS0,1,22,D307THPV1,3JMAD238SLD6,7,-134.356778,48.38581,0.059,UNCLASSIFIED,UNCLASSIFIED,15,8,0,0,8,BASELINE,OFF,OFF,ON,ON,ON,OFF,ICCR2+CV+GF,6BARE_L029_PST,POST,7236634,D307THP,16,1,863,835,SMALL,YPO,OSMIUM,76,EDX_ELEM76_OSMIUM,6.0925
2605,2026/05/29 7:04:02 PM,AME419_PM6,SS7,6,14,D050TNFZ31,FK6EW651JKC4,2,-50.630054,-78.675504,0.058,UNCLASSIFIED,UNCLASSIFIED,7,2,0,0,2,BASELINE,ON,OFF,ON,ON,ON,OFF,SRCIP,6BARE_L029_PST,POST,7275425,D050TNF,16,10,15,15,SMALL,YPO,PHOSPHORUS,15,EDX_ELEM15_PHOSPHORUS,5.134
2605,2026/05/29 7:04:02 PM,AME419_PM6,SS7,6,14,D050TNFZ31,FK6EW651JKC4,2,-50.630054,-78.675504,0.058,UNCLASSIFIED,UNCLASSIFIED,7,2,0,0,2,BASELINE,ON,OFF,ON,ON,ON,OFF,SRCIP,6BARE_L029_PST,POST,7275425,D050TNF,16,10,15,15,SMALL,YPO,OSMIUM,76,EDX_ELEM76_OSMIUM,5.134
2606,2026/06/03 9:32:15 AM,AME427_PM3,SS0,1,18,D344TD291,FK4EL064JKC3,14,-19.423049,-139.686607,0.054,UNCLASSIFIED,UNCLASSIFIED,20,8,0,0,8,BASELINE,ON,OFF,ON,ON,ON,ON,SRCIP,6BARE_L029_PST,POST,7279773,D344TD2,16,1,1143,729,SMALL,YPO,OSMIUM,76,EDX_ELEM76_OSMIUM,5.0105
2605,2026/05/23 8:05:56 AM,AME403_PM2,SS0,1,15,D204TH1B2,HACGB635MMD4,2,99.758126,-95.240507,0.066,UNCLASSIFIED,UNCLASSIFIED,18,13,0,0,13,HIGHFLIER,OFF,OFF,ON,ON,OFF,ON,ICCR2+CV,6BARE_L029_PST,POST,7282409,D204TH1,16,1,843,843,SMALL,YPO,OSMIUM,76,EDX_ELEM76_OSMIUM,5.5314
2604,2026/04/29 5:46:42 PM,AME409_PM3,SS0,1,13,D344TD2X11,FK6EW697JKB6,1,-40.030446,-71.132977,0.074,UNCLASSIFIED,UNCLASSIFIED,10,6,0,0,6,BASELINE,OFF,OFF,ON,ON,ON,OFF,ICCR2+CV+GF,6BARE_L029_PST,POST,7327633,D344TD2,16,1,843,843,SMALL,YPO,PHOSPHORUS,15,EDX_ELEM15_PHOSPHORUS,8.6541
2604,2026/04/29 5:46:42 PM,AME409_PM3,SS0,1,13,D344TD2X11,FK6EW697JKB6,2,-50.015185,87.460792,0.05,UNCLASSIFIED,UNCLASSIFIED,10,6,0,0,6,BASELINE,OFF,OFF,ON,ON,ON,OFF,ICCR2+CV+GF,6BARE_L029_PST,POST,7327633,D344TD2,16,1,843,843,SMALL,YPO,YTTRIUM,39,EDX_ELEM39_YTTRIUM,6.6206
2604,2026/04/29 5:46:42 PM,AME409_PM3,SS0,1,13,D344TD2X11,FK6EW697JKB6,3,28.081157,-117.272998,0.059,UNCLASSIFIED,UNCLASSIFIED,10,6,0,0,6,BASELINE,OFF,OFF,ON,ON,ON,OFF,ICCR2+CV+GF,6BARE_L029_PST,POST,7327633,D344TD2,16,1,843,843,SMALL,YPO,PHOSPHORUS,15,EDX_ELEM15_PHOSPHORUS,5.2176
2604,2026/04/29 5:46:42 PM,AME409_PM3,SS0,1,13,D344TD2X11,FK6EW697JKB6,5,5.999667,132.472966,0.048,UNCLASSIFIED,UNCLASSIFIED,10,6,0,0,6,BASELINE,OFF,OFF,ON,ON,ON,OFF,ICCR2+CV+GF,6BARE_L029_PST,POST,7327633,D344TD2,16,1,843,843,SMALL,YPO,OSMIUM,76,EDX_ELEM76_OSMIUM,3.8728
2604,2026/04/09 5:36:14 AM,AME425_PM4,SS7,3,16,D344TD2X11,FK6EW692JKC5,3,-2.241192,-23.154875,0.058,UNCLASSIFIED,UNCLASSIFIED,21,14,0,0,14,HIGHFLIER,OFF,OFF,ON,ON,ON,ON,ICCR2+CV+GF,6BARE_L029_PST,POST,7340687,D344TD2,16,10,1813,861,SMALL,YPO,YTTRIUM,39,EDX_ELEM39_YTTRIUM,5.8852
2604,2026/04/30 4:25:30 PM,AME403_PM6,SS7,2,16,D611T3M0,HC2LZ545SEG0,2,30.948264,-59.463271,0.074,UNCLASSIFIED,UNCLASSIFIED,10,5,0,0,5,BASELINE,OFF,OFF,ON,ON,OFF,ON,ICCR2+CV,6BARE_L029_PST,POST,8282672,D611T3M,16,10,378,378,SMALL,YPO,PHOSPHORUS,15,EDX_ELEM15_PHOSPHORUS,6.1746
2604,2026/04/30 4:25:30 PM,AME403_PM6,SS7,2,16,D611T3M0,HC2LZ545SEG0,2,30.948264,-59.463271,0.074,UNCLASSIFIED,UNCLASSIFIED,10,5,0,0,5,BASELINE,OFF,OFF,ON,ON,OFF,ON,ICCR2+CV,6BARE_L029_PST,POST,8282672,D611T3M,16,10,378,378,SMALL,YPO,OSMIUM,76,EDX_ELEM76_OSMIUM,6.1746
2604,2026/04/07 8:33:05 PM,AME411_PM1,SS0,1,22,D611T3M0,HC2LZ546SEC7,2,4.846269,33.306804,0.058,UNCLASSIFIED,UNCLASSIFIED,20,16,0,0,16,HIGHFLIER,ON,OFF,ON,ON,ON,ON,SRCIP,6BARE_L029_PST,POST,8288344,D611T3M,16,1,845,845,SMALL,YPO,OSMIUM,76,EDX_ELEM76_OSMIUM,5.9524
2604,2026/04/07 8:33:05 PM,AME411_PM1,SS0,1,22,D611T3M0,HC2LZ546SEC7,3,34.203868,-79.92388,0.048,UNCLASSIFIED,UNCLASSIFIED,20,16,0,0,16,HIGHFLIER,ON,OFF,ON,ON,ON,ON,SRCIP,6BARE_L029_PST,POST,8288344,D611T3M,16,1,845,845,SMALL,YPO,PHOSPHORUS,15,EDX_ELEM15_PHOSPHORUS,4.7492
2604,2026/04/07 8:33:05 PM,AME411_PM1,SS0,1,22,D611T3M0,HC2LZ546SEC7,3,34.203868,-79.92388,0.048,UNCLASSIFIED,UNCLASSIFIED,20,16,0,0,16,HIGHFLIER,ON,OFF,ON,ON,ON,ON,SRCIP,6BARE_L029_PST,POST,8288344,D611T3M,16,1,845,845,SMALL,YPO,OSMIUM,76,EDX_ELEM76_OSMIUM,4.7492
2604,2026/04/07 8:33:05 PM,AME411_PM1,SS0,1,22,D611T3M0,HC2LZ546SEC7,11,-44.370648,-130.56847,0.049,UNCLASSIFIED,UNCLASSIFIED,20,16,0,0,16,HIGHFLIER,ON,OFF,ON,ON,ON,ON,SRCIP,6BARE_L029_PST,POST,8288344,D611T3M,16,1,845,845,SMALL,YPO,PHOSPHORUS,15,EDX_ELEM15_PHOSPHORUS,4.8703
2604,2026/04/07 8:33:05 PM,AME411_PM1,SS0,1,22,D611T3M0,HC2LZ546SEC7,11,-44.370648,-130.56847,0.049,UNCLASSIFIED,UNCLASSIFIED,20,16,0,0,16,HIGHFLIER,ON,OFF,ON,ON,ON,ON,SRCIP,6BARE_L029_PST,POST,8288344,D611T3M,16,1,845,845,SMALL,YPO,OSMIUM,76,EDX_ELEM76_OSMIUM,4.8703
2604,2026/04/07 8:33:05 PM,AME411_PM1,SS0,1,22,D611T3M0,HC2LZ546SEC7,13,137.641019,43.514698,0.044,UNCLASSIFIED,UNCLASSIFIED,20,16,0,0,16,HIGHFLIER,ON,OFF,ON,ON,ON,ON,SRCIP,6BARE_L029_PST,POST,8288344,D611T3M,16,1,845,845,SMALL,YPO,OSMIUM,76,EDX_ELEM76_OSMIUM,4.228
2604,2026/04/07 8:33:05 PM,AME411_PM1,SS0,1,22,D611T3M0,HC2LZ546SEC7,16,-89.462748,7.7345,0.037,UNCLASSIFIED,UNCLASSIFIED,20,16,0,0,16,HIGHFLIER,ON,OFF,ON,ON,ON,ON,SRCIP,6BARE_L029_PST,POST,8288344,D611T3M,16,1,845,845,SMALL,YPO,PHOSPHORUS,15,EDX_ELEM15_PHOSPHORUS,3.6932
2604,2026/04/07 8:33:05 PM,AME411_PM1,SS0,1,22,D611T3M0,HC2LZ546SEC7,16,-89.462748,7.7345,0.037,UNCLASSIFIED,UNCLASSIFIED,20,16,0,0,16,HIGHFLIER,ON,OFF,ON,ON,ON,ON,SRCIP,6BARE_L029_PST,POST,8288344,D611T3M,16,1,845,845,SMALL,YPO,OSMIUM,76,EDX_ELEM76_OSMIUM,3.6932
2605,2026/05/27 2:54:22 AM,AME423_PM3,SS0,1,1,D611T3N0,HC2XT450SEB6,3,-25.302327,-77.581856,0.062,UNCLASSIFIED,UNCLASSIFIED,30,19,1,2,14,HIGHFLIER,OFF,OFF,ON,ON,ON,OFF,ICCR2+CV+GF,6BARE_L029_PST,POST,8290510,D611T3N,16,1,901,901,SMALL,YPO,PHOSPHORUS,15,EDX_ELEM15_PHOSPHORUS,6.3217
2605,2026/05/27 2:54:22 AM,AME423_PM3,SS0,1,1,D611T3N0,HC2XT450SEB6,3,-25.302327,-77.581856,0.062,UNCLASSIFIED,UNCLASSIFIED,30,19,1,2,14,HIGHFLIER,OFF,OFF,ON,ON,ON,OFF,ICCR2+CV+GF,6BARE_L029_PST,POST,8290510,D611T3N,16,1,901,901,SMALL,YPO,OSMIUM,76,EDX_ELEM76_OSMIUM,6.3217
2605,2026/05/27 2:54:22 AM,AME423_PM3,SS0,1,1,D611T3N0,HC2XT450SEB6,6,101.181774,-84.040082,0.05,UNCLASSIFIED,UNCLASSIFIED,30,19,1,2,14,HIGHFLIER,OFF,OFF,ON,ON,ON,OFF,ICCR2+CV+GF,6BARE_L029_PST,POST,8290510,D611T3N,16,1,901,901,SMALL,YPO,OSMIUM,76,EDX_ELEM76_OSMIUM,6.2387
2605,2026/05/27 2:54:22 AM,AME423_PM3,SS0,1,1,D611T3N0,HC2XT450SEB6,11,64.48429,32.865036,0.037,UNCLASSIFIED,UNCLASSIFIED,30,19,1,2,14,HIGHFLIER,OFF,OFF,ON,ON,ON,OFF,ICCR2+CV+GF,6BARE_L029_PST,POST,8290510,D611T3N,16,1,901,901,SMALL,YPO,PHOSPHORUS,15,EDX_ELEM15_PHOSPHORUS,4.7959
2605,2026/05/05 5:21:59 PM,AME409_PM3,SS0,1,6,D611T3N0,HC2XT454SEE0,1,-59.778543,49.870471,0.046,UNCLASSIFIED,UNCLASSIFIED,14,7,0,1,7,BASELINE,OFF,OFF,ON,ON,ON,OFF,ICCR2+CV+GF,6BARE_L029_PST,POST,8290814,D611T3N,16,1,900,900,SMALL,YPO,OSMIUM,76,EDX_ELEM76_OSMIUM,4.1604
2605,2026/05/05 5:21:59 PM,AME409_PM3,SS0,1,6,D611T3N0,HC2XT454SEE0,2,-2.03708,78.44909,0.052,UNCLASSIFIED,UNCLASSIFIED,14,7,0,1,7,BASELINE,OFF,OFF,ON,ON,ON,OFF,ICCR2+CV+GF,6BARE_L029_PST,POST,8290814,D611T3N,16,1,900,900,SMALL,YPO,OSMIUM,76,EDX_ELEM76_OSMIUM,4.6885
2604,2026/04/02 12:33:26 PM,AME411_PM4,SS0,1,7,D611T3N0,HC2XT443SEC5,5,137.524471,-24.569324,0.067,UNCLASSIFIED,UNCLASSIFIED,15,10,0,0,10,HIGHFLIER,OFF,OFF,ON,ON,ON,OFF,ICCR2+CV+GF,6BARE_L029_PST,POST,8292302,D611T3N,16,1,896,896,SMALL,YPO,YTTRIUM,39,EDX_ELEM39_YTTRIUM,10.7598
2604,2026/04/02 12:33:26 PM,AME411_PM4,SS0,1,7,D611T3N0,HC2XT443SEC5,13,15.061021,133.083027,0.05,UNCLASSIFIED,UNCLASSIFIED,15,10,0,0,10,HIGHFLIER,OFF,OFF,ON,ON,ON,OFF,ICCR2+CV+GF,6BARE_L029_PST,POST,8292302,D611T3N,16,1,896,896,SMALL,YPO,PHOSPHORUS,15,EDX_ELEM15_PHOSPHORUS,3.703
2604,2026/04/02 12:33:26 PM,AME411_PM4,SS0,1,7,D611T3N0,HC2XT443SEC5,13,15.061021,133.083027,0.05,UNCLASSIFIED,UNCLASSIFIED,15,10,0,0,10,HIGHFLIER,OFF,OFF,ON,ON,ON,OFF,ICCR2+CV+GF,6BARE_L029_PST,POST,8292302,D611T3N,16,1,896,896,SMALL,YPO,OSMIUM,76,EDX_ELEM76_OSMIUM,3.703
2605,2026/05/28 10:45:01 PM,AME419_PM6,SS1,2,19,D611T3N0,HC2XT435SEG5,12,-14.561238,131.548471,0.115,UNCLASSIFIED,UNCLASSIFIED,25,14,0,0,14,HIGHFLIER,ON,OFF,ON,ON,ON,OFF,SRCIP,6BARE_L029_PST,POST,8294539,D611T3N,16,3,10,10,SMALL,YPO,YTTRIUM,39,EDX_ELEM39_YTTRIUM,12.2604
2605,2026/05/28 10:45:01 PM,AME419_PM6,SS1,2,19,D611T3N0,HC2XT435SEG5,12,-14.561238,131.548471,0.115,UNCLASSIFIED,UNCLASSIFIED,25,14,0,0,14,HIGHFLIER,ON,OFF,ON,ON,ON,OFF,SRCIP,6BARE_L029_PST,POST,8294539,D611T3N,16,3,10,10,SMALL,YPO,OSMIUM,76,EDX_ELEM76_OSMIUM,12.2604
2604,2026/04/28 11:30:57 AM,AME403_PM3,SS7,2,15,D611T3N0,HC2XT432SEB2,3,-69.908252,-114.21426,0.131,UNCLASSIFIED,UNCLASSIFIED,10,2,0,0,2,BASELINE,ON,OFF,ON,ON,OFF,ON,SRCIP,6BARE_L029_PST,POST,8294563,D611T3N,16,10,1685,29,SMALL,YPO,YTTRIUM,39,EDX_ELEM39_YTTRIUM,23.61
2605,2026/05/09 8:10:16 PM,AME421_PM1,SS0,1,17,D611T3N0,HC2XT453SEH1,2,-77.660781,-37.418396,0.05,UNCLASSIFIED,UNCLASSIFIED,13,13,0,0,13,HIGHFLIER,OFF,ON,ON,ON,ON,ON,CCMR2+ICCR2+CV+GF,6BARE_L029_PST,POST,8294568,D611T3N,16,1,881,881,SMALL,YPO,OSMIUM,76,EDX_ELEM76_OSMIUM,4.4535
2605,2026/05/09 8:10:16 PM,AME421_PM1,SS0,1,17,D611T3N0,HC2XT453SEH1,3,65.374417,-74.721641,0.047,UNCLASSIFIED,UNCLASSIFIED,13,13,0,0,13,HIGHFLIER,OFF,ON,ON,ON,ON,ON,CCMR2+ICCR2+CV+GF,6BARE_L029_PST,POST,8294568,D611T3N,16,1,881,881,SMALL,YPO,YTTRIUM,39,EDX_ELEM39_YTTRIUM,6.1297
2605,2026/05/09 8:10:16 PM,AME421_PM1,SS0,1,17,D611T3N0,HC2XT453SEH1,4,-132.960574,3.383647,0.05,UNCLASSIFIED,UNCLASSIFIED,13,13,0,0,13,HIGHFLIER,OFF,ON,ON,ON,ON,ON,CCMR2+ICCR2+CV+GF,6BARE_L029_PST,POST,8294568,D611T3N,16,1,881,881,SMALL,YPO,PHOSPHORUS,15,EDX_ELEM15_PHOSPHORUS,6.1837
2605,2026/05/09 8:10:16 PM,AME421_PM1,SS0,1,17,D611T3N0,HC2XT453SEH1,5,-14.398655,-143.883096,0.046,UNCLASSIFIED,UNCLASSIFIED,13,13,0,0,13,HIGHFLIER,OFF,ON,ON,ON,ON,ON,CCMR2+ICCR2+CV+GF,6BARE_L029_PST,POST,8294568,D611T3N,16,1,881,881,SMALL,YPO,PHOSPHORUS,15,EDX_ELEM15_PHOSPHORUS,4.4235
2605,2026/05/09 8:10:16 PM,AME421_PM1,SS0,1,17,D611T3N0,HC2XT453SEH1,5,-14.398655,-143.883096,0.046,UNCLASSIFIED,UNCLASSIFIED,13,13,0,0,13,HIGHFLIER,OFF,ON,ON,ON,ON,ON,CCMR2+ICCR2+CV+GF,6BARE_L029_PST,POST,8294568,D611T3N,16,1,881,881,SMALL,YPO,OSMIUM,76,EDX_ELEM76_OSMIUM,4.4235
2605,2026/05/09 8:10:16 PM,AME421_PM1,SS0,1,17,D611T3N0,HC2XT453SEH1,6,-33.346963,39.821712,0.038,UNCLASSIFIED,UNCLASSIFIED,13,13,0,0,13,HIGHFLIER,OFF,ON,ON,ON,ON,ON,CCMR2+ICCR2+CV+GF,6BARE_L029_PST,POST,8294568,D611T3N,16,1,881,881,SMALL,YPO,PHOSPHORUS,15,EDX_ELEM15_PHOSPHORUS,4.3986
2605,2026/05/09 8:10:16 PM,AME421_PM1,SS0,1,17,D611T3N0,HC2XT453SEH1,6,-33.346963,39.821712,0.038,UNCLASSIFIED,UNCLASSIFIED,13,13,0,0,13,HIGHFLIER,OFF,ON,ON,ON,ON,ON,CCMR2+ICCR2+CV+GF,6BARE_L029_PST,POST,8294568,D611T3N,16,1,881,881,SMALL,YPO,OSMIUM,76,EDX_ELEM76_OSMIUM,4.3986
2605,2026/05/09 8:10:16 PM,AME421_PM1,SS0,1,17,D611T3N0,HC2XT453SEH1,10,26.474388,-131.330724,0.047,UNCLASSIFIED,UNCLASSIFIED,13,13,0,0,13,HIGHFLIER,OFF,ON,ON,ON,ON,ON,CCMR2+ICCR2+CV+GF,6BARE_L029_PST,POST,8294568,D611T3N,16,1,881,881,SMALL,YPO,OSMIUM,76,EDX_ELEM76_OSMIUM,3.9434
