WAFER_KEY,INSPECTION_TIME,DEFECT_ID,LOT_old,LOT_new,WAFER_ID_old,WAFER_ID_new,LAYER_old,LAYER_new,CLASS_old,CLASS_new,MANUAL_OPTICAL_CLASS_old,MANUAL_OPTICAL_CLASS_new,LOT7_old,LOT7_new,ACTUAL_LOT_old,ACTUAL_LOT_new,YYMM_old,YYMM_new,change_type,lookback_days,logged_at
8418066,2026-08-20 00:55:53,4088,D6158760,D6158760,A2AT4026SLG1,A2AT4026SLG1,8M5CL,8M5CL,SMALL_PARTICLE,BEEP,0.0,0.0,D615876,D615876,D6158760,D6158760,2608.0,2608.0,class_changed,210,2026-08-21 07:28:25
8418066,2026-08-20 00:55:53,546,D6158760,D6158760,A2AT4026SLG1,A2AT4026SLG1,8M5CL,8M5CL,SMALL_PARTICLE,BEEP,0.0,0.0,D615876,D615876,D6158760,D6158760,2608.0,2608.0,class_changed,210,2026-08-21 07:28:25
8418098,2026-08-20 00:55:53,3838,D6158760,D6158760,A2AFY006SLF7,A2AFY006SLF7,8M5CL,8M5CL,SMALL_PARTICLE,BEEP,0.0,0.0,D615876,D615876,D6158760,D6158760,2608.0,2608.0,class_changed,210,2026-08-21 07:28:25
9149668,2026-08-19 16:57:43,18855,D6164630V,D6164630V,HJ4EP556JKH2,HJ4EP556JKH2,8M6CL,8M6CL,SMALL_PARTICLE,BEEP,0.0,0.0,D616463,D616463,D6164630V,D6164630V,2608.0,2608.0,class_changed,210,2026-08-21 07:28:25
8599217,2026-08-22 02:09:13,19,D6204300,D6204300,MCQJW722WAD7,MCQJW722WAD7,8M5CL,8M5CL,BEEP,SMALL_PARTICLE,0.0,0.0,D620430,D620430,D6204300,D6204300,2608.0,2608.0,class_changed,210,2026-08-23 07:28:21
8610294,2026-08-20 11:36:32,23899,D6208640,D6208640,A2HE8010SLE6,A2HE8010SLE6,8M6CL,8M6CL,BEEP,SMALL_PARTICLE,0.0,0.0,D620864,D620864,D6208640,D6208640,2608.0,2608.0,class_changed,210,2026-08-24 07:28:36
8524632,2026-08-25 17:00:34,28,,D6182090,,MCR4E890WAG6,,8M6CL,,SMALL_PARTICLE,,0.0,,D618209,,D6182090,,2608.0,added_by_backfill,210,2026-08-26 10:58:44
8524632,2026-08-25 17:00:34,445,,D6182090,,MCR4E890WAG6,,8M6CL,,SMALL_PARTICLE,,0.0,,D618209,,D6182090,,2608.0,added_by_backfill,210,2026-08-26 10:58:44
8524632,2026-08-25 17:00:34,451,,D6182090,,MCR4E890WAG6,,8M6CL,,SMALL_PARTICLE,,0.0,,D618209,,D6182090,,2608.0,added_by_backfill,210,2026-08-26 10:58:44
8524632,2026-08-25 17:00:34,458,,D6182090,,MCR4E890WAG6,,8M6CL,,SMALL_PARTICLE,,0.0,,D618209,,D6182090,,2608.0,added_by_backfill,210,2026-08-26 10:58:44
8524632,2026-08-25 17:00:34,475,,D6182090,,MCR4E890WAG6,,8M6CL,,SMALL_PARTICLE,,0.0,,D618209,,D6182090,,2608.0,added_by_backfill,210,2026-08-26 10:58:44
8524632,2026-08-25 17:00:34,476,,D6182090,,MCR4E890WAG6,,8M6CL,,SMALL_PARTICLE,,0.0,,D618209,,D6182090,,2608.0,added_by_backfill,210,2026-08-26 10:58:44
8524632,2026-08-25 17:00:34,478,,D6182090,,MCR4E890WAG6,,8M6CL,,SMALL_PARTICLE,,0.0,,D618209,,D6182090,,2608.0,added_by_backfill,210,2026-08-26 10:58:44
8524736,2026-08-25 17:00:34,1,,D6182090,,MCR4E915WAF7,,8M6CL,,SMALL_PARTICLE,,0.0,,D618209,,D6182090,,2608.0,added_by_backfill,210,2026-08-26 10:58:44
8524736,2026-08-25 17:00:34,106,,D6182090,,MCR4E915WAF7,,8M6CL,,SMALL_PARTICLE,,0.0,,D618209,,D6182090,,2608.0,added_by_backfill,210,2026-08-26 10:58:44
8524736,2026-08-25 17:00:34,110,,D6182090,,MCR4E915WAF7,,8M6CL,,SMALL_PARTICLE,,0.0,,D618209,,D6182090,,2608.0,added_by_backfill,210,2026-08-26 10:58:44
8524736,2026-08-25 17:00:34,126,,D6182090,,MCR4E915WAF7,,8M6CL,,SMALL_PARTICLE,,0.0,,D618209,,D6182090,,2608.0,added_by_backfill,210,2026-08-26 10:58:44
8524736,2026-08-25 17:00:34,181,,D6182090,,MCR4E915WAF7,,8M6CL,,SMALL_PARTICLE,,0.0,,D618209,,D6182090,,2608.0,added_by_backfill,210,2026-08-26 10:58:44
8524736,2026-08-25 17:00:34,182,,D6182090,,MCR4E915WAF7,,8M6CL,,SMALL_PARTICLE,,0.0,,D618209,,D6182090,,2608.0,added_by_backfill,210,2026-08-26 10:58:44
8524736,2026-08-25 17:00:34,197,D6182090,D6182090,MCR4E915WAF7,MCR4E915WAF7,8M6CL,8M6CL,BEEP,SMALL_PARTICLE,0.0,0.0,D618209,D618209,D6182090,D6182090,2608.0,2608.0,class_changed,210,2026-08-26 10:58:44
8524736,2026-08-25 17:00:34,198,,D6182090,,MCR4E915WAF7,,8M6CL,,SMALL_PARTICLE,,0.0,,D618209,,D6182090,,2608.0,added_by_backfill,210,2026-08-26 10:58:44
8524736,2026-08-25 17:00:34,203,,D6182090,,MCR4E915WAF7,,8M6CL,,SMALL_PARTICLE,,0.0,,D618209,,D6182090,,2608.0,added_by_backfill,210,2026-08-26 10:58:44
8524736,2026-08-25 17:00:34,206,,D6182090,,MCR4E915WAF7,,8M6CL,,SMALL_PARTICLE,,0.0,,D618209,,D6182090,,2608.0,added_by_backfill,210,2026-08-26 10:58:44
8524736,2026-08-25 17:00:34,24,D6182090,D6182090,MCR4E915WAF7,MCR4E915WAF7,8M6CL,8M6CL,BEEP,SMALL_PARTICLE,0.0,0.0,D618209,D618209,D6182090,D6182090,2608.0,2608.0,class_changed,210,2026-08-26 10:58:44
8524736,2026-08-25 17:00:34,27,,D6182090,,MCR4E915WAF7,,8M6CL,,SMALL_PARTICLE,,0.0,,D618209,,D6182090,,2608.0,added_by_backfill,210,2026-08-26 10:58:44
8524736,2026-08-25 17:00:34,28,,D6182090,,MCR4E915WAF7,,8M6CL,,SMALL_PARTICLE,,0.0,,D618209,,D6182090,,2608.0,added_by_backfill,210,2026-08-26 10:58:44
8524736,2026-08-25 17:00:34,33,,D6182090,,MCR4E915WAF7,,8M6CL,,SMALL_PARTICLE,,0.0,,D618209,,D6182090,,2608.0,added_by_backfill,210,2026-08-26 10:58:44
8524736,2026-08-25 17:00:34,70,,D6182090,,MCR4E915WAF7,,8M6CL,,SMALL_PARTICLE,,0.0,,D618209,,D6182090,,2608.0,added_by_backfill,210,2026-08-26 10:58:44
8524736,2026-08-25 17:00:34,71,,D6182090,,MCR4E915WAF7,,8M6CL,,SMALL_PARTICLE,,0.0,,D618209,,D6182090,,2608.0,added_by_backfill,210,2026-08-26 10:58:44
8524736,2026-08-25 17:00:34,82,,D6182090,,MCR4E915WAF7,,8M6CL,,SMALL_PARTICLE,,0.0,,D618209,,D6182090,,2608.0,added_by_backfill,210,2026-08-26 10:58:44
8524736,2026-08-25 17:00:34,87,,D6182090,,MCR4E915WAF7,,8M6CL,,SMALL_PARTICLE,,0.0,,D618209,,D6182090,,2608.0,added_by_backfill,210,2026-08-26 10:58:44
8559659,2026-08-26 01:42:08,69,,D6193130,,HM9EB464JKB5,,8M6CL,,SMALL_PARTICLE,,83.0,,D619313,,D6193130,,2608.0,added_by_backfill,210,2026-08-26 10:58:44
8559667,2026-08-26 01:42:08,197,,D6193130,,HM9EB484JKD2,,8M6CL,,BEEP,,0.0,,D619313,,D6193130,,2608.0,added_by_backfill,210,2026-08-26 10:58:44
8559794,2026-08-26 01:42:08,135,,D6193130,,HM9EB481JKF2,,8M6CL,,SMALL_PARTICLE,,0.0,,D619313,,D6193130,,2608.0,added_by_backfill,210,2026-08-26 10:58:44
8524639,2026-08-25 17:00:34,58,D6182090,,MCR4E894WAB5,,8M6CL,,SMALL_PARTICLE,SIZE_SMALL,0.0,0.0,D618209,,D6182090,,2608.0,,class_changed,210,2026-08-26 10:58:44
8550627,2026-08-25 11:27:18,70178,D6192680,,A2GKL108SLF3,,8M6CL,,BEEP,FALLEN_LINES,37.0,37.0,D619268,,D6192680,,2608.0,,class_changed,210,2026-08-26 10:58:44
7907643,2026-07-15 01:11:34,237,D6021070,,KJ7KQ324WFG6,,8M6CL,,SMALL_PARTICLE,MINI,0.0,0.0,D602107,,D6021070,,2607.0,,class_changed,210,2026-08-19 16:44:48
7945010,2026-04-30 15:23:49,16,D6031520,,ICDKA049MMC0,,8M6CL,,SMALL_PARTICLE,RESIDUE,2.0,2.0,D603152,,D6031520,,2604.0,,class_changed,210,2026-08-19 16:44:48
7945050,2026-04-30 15:23:49,78,D6031520,,ICDKA050MMF1,,8M6CL,,BEEP,ROUNDMOUND_BEEP,37.0,37.0,D603152,,D6031520,,2604.0,,class_changed,210,2026-08-19 16:44:48
7975390,2026-05-08 23:06:58,37,D6042320,,A29ZA027SLD4,,8M6CL,,SMALL_PARTICLE,ILD_HOLE_TEAROUT,2.0,2.0,D604232,,D6042320,,2605.0,,class_changed,210,2026-08-19 16:44:48
7975390,2026-05-08 23:06:58,39,D6042320,,A29ZA027SLD4,,8M6CL,,SMALL_PARTICLE,SIZE_SMALL,2.0,2.0,D604232,,D6042320,,2605.0,,class_changed,210,2026-08-19 16:44:48
8004945,2026-05-02 14:42:37,407,D6053160,,GT9LN504JKG3,,8M6CL,,BEEP,PATTERN,37.0,37.0,D605316,,D6053160,,2605.0,,class_changed,210,2026-08-19 16:44:48
8005015,2026-05-02 14:42:37,166,D6053160,,GT9LN505JKD2,,8M6CL,,SMALL_PARTICLE,BLOCKED_TRENCH,2.0,2.0,D605316,,D6053160,,2605.0,,class_changed,210,2026-08-19 16:44:48
8005088,2026-05-11 21:26:01,37,D6053120,,GT9LM716JKC4,,8M6CL,,SMALL_PARTICLE,SIZE_SMALL,0.0,0.0,D605312,,D6053120,,2605.0,,class_changed,210,2026-08-19 16:44:48
8008084,2026-04-29 09:54:01,495,D6053180,,GS8QK426JKH0,,8M6CL,,BEEP,BLOCKED_TRENCH,37.0,37.0,D605318,,D6053180,,2604.0,,class_changed,210,2026-08-19 16:44:48
8010199,2026-05-05 04:15:53,2013,D6053240,,A28JU019SLC0,,8M5CL,,BEEP,FALLEN_LINES,37.0,37.0,D605324,,D6053240,,2605.0,,class_changed,210,2026-08-19 16:44:48
8012958,2026-05-02 09:52:12,193,D6053330,,GT9ZQ177JKB3,,8M6CL,,SMALL_PARTICLE,SIZE_SMALL,2.0,2.0,D605333,,D6053330,,2605.0,,class_changed,210,2026-08-19 16:44:48
8013011,2026-05-24 18:17:41,107,D6053380,,KJ9PL310WFC1,,8M6CL,,BEEP,FALLEN_LINES,37.0,37.0,D605338,,D6053380,,2605.0,,class_changed,210,2026-08-19 16:44:48
8024537,2026-05-02 12:25:46,1800,D6053060,,5DXBP694MVF5,,8M5CL,,SMALL_PARTICLE,SIZE_SMALL,2.0,2.0,D605306,,D6053060,,2605.0,,class_changed,210,2026-08-19 16:44:48
8041600,2026-05-02 04:18:50,1309,D6054330,,MCLPH333WAE3,,8M5CL,,SMALL_PARTICLE,SIZE_SMALL,0.0,0.0,D605433,,D6054330,,2605.0,,class_changed,210,2026-08-19 16:44:48
8044710,2026-05-05 01:16:02,4476,D6064510,,A27VC029SLE3,,8M5CL,,BEEP,FALLEN_LINES,37.0,37.0,D606451,,D6064510,,2605.0,,class_changed,210,2026-08-19 16:44:48
8044734,2026-04-29 19:31:24,64,D6064490,,A28WK015SLF4,,8M6CL,,SMALL_PARTICLE,SIZE_SMALL,0.0,0.0,D606449,,D6064490,,2604.0,,class_changed,210,2026-08-19 16:44:48
8046756,2026-05-03 19:17:53,904,D6064390,,MCLPH444WAE7,,8M6CL,,SMALL_PARTICLE,LARGE_PARTICLE,2.0,2.0,D606439,,D6064390,,2605.0,,class_changed,210,2026-08-19 16:44:48
8046756,2026-05-03 19:17:53,917,D6064390,,MCLPH444WAE7,,8M6CL,,SMALL_PARTICLE,SIZE_SMALL,2.0,2.0,D606439,,D6064390,,2605.0,,class_changed,210,2026-08-19 16:44:48
8046853,2026-05-01 04:40:48,539,D6064390,,MCLPH415WAD0,,8M5CL,,BEEP,MINI,37.0,37.0,D606439,,D6064390,,2605.0,,class_changed,210,2026-08-19 16:44:48
8046853,2026-05-01 04:40:48,559,D6064390,,MCLPH415WAD0,,8M5CL,,BEEP,MINI,37.0,37.0,D606439,,D6064390,,2605.0,,class_changed,210,2026-08-19 16:44:48
8046853,2026-05-01 04:40:48,796,D6064390,,MCLPH415WAD0,,8M5CL,,BEEP,MINI,37.0,37.0,D606439,,D6064390,,2605.0,,class_changed,210,2026-08-19 16:44:48
8046948,2026-05-05 15:55:21,680,D6064460,,KJAUC056WFB1,,8M6CL,,BEEP,FALLEN_LINES,37.0,37.0,D606446,,D6064460,,2605.0,,class_changed,210,2026-08-19 16:44:48
8051948,2026-05-20 22:58:23,36,D6064640,,GT9FQ230JKD3,,8M6CL,,BEEP,ROUNDMOUND_BEEP,37.0,37.0,D606464,,D6064640,,2605.0,,class_changed,210,2026-08-19 16:44:48
8051948,2026-05-20 22:58:23,56,D6064640,,GT9FQ230JKD3,,8M6CL,,SMALL_PARTICLE,SIZE_SMALL,2.0,2.0,D606464,,D6064640,,2605.0,,class_changed,210,2026-08-19 16:44:48
8051948,2026-05-20 22:58:23,63,D6064640,,GT9FQ230JKD3,,8M6CL,,SMALL_PARTICLE,SIZE_SMALL,2.0,2.0,D606464,,D6064640,,2605.0,,class_changed,210,2026-08-19 16:44:48
8051954,2026-05-25 17:00:19,58,D6064630,,KJAUC014WFE1,,8M6CL,,SMALL_PARTICLE,SIZE_SMALL,2.0,2.0,D606463,,D6064630,,2605.0,,class_changed,210,2026-08-19 16:44:48
8051970,2026-05-25 17:00:19,33,D6064630,,KJAUC020WFG3,,8M6CL,,SMALL_PARTICLE,SIZE_SMALL,2.0,2.0,D606463,,D6064630,,2605.0,,class_changed,210,2026-08-19 16:44:48
8051970,2026-05-25 17:00:19,36,D6064630,,KJAUC020WFG3,,8M6CL,,SMALL_PARTICLE,SIZE_SMALL,2.0,2.0,D606463,,D6064630,,2605.0,,class_changed,210,2026-08-19 16:44:48
8052089,2026-05-20 22:58:23,186,D6064640,,GT9FQ211JKG0,,8M6CL,,BEEP,SCRATCH,37.0,37.0,D606464,,D6064640,,2605.0,,class_changed,210,2026-08-19 16:44:48
8052111,2026-05-25 19:36:45,75,D6064650,,KJAUF505WFA5,,8M5CL,,BEEP,PATTERN,37.0,37.0,D606465,,D6064650,,2605.0,,class_changed,210,2026-08-19 16:44:48
8083113,2026-05-12 12:24:26,833,D6075360,,5DXEC557MVF3,,8M5CL,,BEEP,FALLEN_LINES,37.0,37.0,D607536,,D6075360,,2605.0,,class_changed,210,2026-08-19 16:44:48
8083120,2026-05-12 23:24:39,57,D6075330,,5DXCR407MVF4,,8M6CL,,BEEP,FALLEN_LINES,37.0,37.0,D607533,,D6075330,,2605.0,,class_changed,210,2026-08-19 16:44:48
8083951,2026-05-10 13:28:41,13,D6075410,,5DXCR457MVF7,,8M6CL,,SMALL_PARTICLE,SIZE_SMALL,2.0,2.0,D607541,,D6075410,,2605.0,,class_changed,210,2026-08-19 16:44:48
8085642,2026-05-01 15:18:23,5985,D6075500,,KJAAC426WFF2,,8M5CL,,BEEP,FALLEN_LINES,37.0,37.0,D607550,,D6075500,,2605.0,,class_changed,210,2026-08-19 16:44:48
8104242,2026-05-09 00:40:52,30539,D6075760,,KJA9Y009WFE1,,8M6CL,,SMALL_PARTICLE,SIZE_SMALL,2.0,2.0,D607576,,D6075760,,2605.0,,class_changed,210,2026-08-19 16:44:48
8104242,2026-05-09 00:40:52,37690,D6075760,,KJA9Y009WFE1,,8M6CL,,SMALL_PARTICLE,SIZE_SMALL,2.0,2.0,D607576,,D6075760,,2605.0,,class_changed,210,2026-08-19 16:44:48
8110033,2026-05-25 12:55:09,8158,D6078870,,GU0MN676JKC3,,8M6CL,,BEEP,FALLEN_LINES,37.0,37.0,D607887,,D6078870,,2605.0,,class_changed,210,2026-08-19 16:44:48
8110036,2026-05-25 12:55:09,32931,D6078870,,GU2MA634JKE2,,8M6CL,,BEEP,FALLEN_LINES,37.0,37.0,D607887,,D6078870,,2605.0,,class_changed,210,2026-08-19 16:44:48
8124853,2026-05-25 22:31:13,362,D6086180,,GU2DU440JKD4,,8M6CL,,BEEP,SCRATCH,37.0,37.0,D608618,,D6086180,,2605.0,,class_changed,210,2026-08-19 16:44:48
8124853,2026-05-25 22:31:13,498,D6086180,,GU2DU440JKD4,,8M6CL,,BEEP,FALLEN_LINES,37.0,37.0,D608618,,D6086180,,2605.0,,class_changed,210,2026-08-19 16:44:48
8126305,2026-05-26 06:03:46,396,D6086210,,A2AQR053SLB6,,8M6CL,,BEEP,FALLEN_LINES,37.0,37.0,D608621,,D6086210,,2605.0,,class_changed,210,2026-08-19 16:44:48
8126352,2026-06-01 11:55:34,223,D6086250,,A2AMA004SLC0,,8M6CL,,BEEP,ROUNDMOUND_BEEP,37.0,37.0,D608625,,D6086250,,2606.0,,class_changed,210,2026-08-19 16:44:48
8126352,2026-06-01 11:55:34,268,D6086250,,A2AMA004SLC0,,8M6CL,,BEEP,FALLEN_LINES,37.0,37.0,D608625,,D6086250,,2606.0,,class_changed,210,2026-08-19 16:44:48
8126486,2026-06-01 11:55:34,1036,D6086250,,A2BJ8015SLA2,,8M6CL,,BEEP,FALLEN_LINES,37.0,37.0,D608625,,D6086250,,2606.0,,class_changed,210,2026-08-19 16:44:48
8126486,2026-06-01 11:55:34,365,D6086250,,A2BJ8015SLA2,,8M6CL,,BEEP,ROUNDMOUND_BEEP,37.0,37.0,D608625,,D6086250,,2606.0,,class_changed,210,2026-08-19 16:44:48
8128403,2026-05-28 16:53:20,6807,D6086300,,GU2DU376JKG4,,8M5CL,,SMALL_PARTICLE,SIZE_SMALL,2.0,2.0,D608630,,D6086300,,2605.0,,class_changed,210,2026-08-19 16:44:48
8155258,2026-05-29 02:09:00,17,D6091680,,GU1PU730JKB0,,8M6CL,,SMALL_PARTICLE,SIZE_SMALL,2.0,2.0,D609168,,D6091680,,2605.0,,class_changed,210,2026-08-19 16:44:48
8156134,2026-05-30 18:35:56,35,D6091700,,A29G5135SLD4,,8M6CL,,SMALL_PARTICLE,SIZE_SMALL,2.0,2.0,D609170,,D6091700,,2605.0,,class_changed,210,2026-08-19 16:44:48
8156220,2026-05-24 09:18:02,79,D6091720,,KJ7HD278WFD6,,8M6CL,,SMALL_PARTICLE,SIZE_SMALL,2.0,2.0,D609172,,D6091720,,2605.0,,class_changed,210,2026-08-19 16:44:48
8156266,2026-05-24 14:15:50,221,D6091760,,MCLXN356WAA6,,8M6CL,,SMALL_PARTICLE,SIZE_SMALL,2.0,2.0,D609176,,D6091760,,2605.0,,class_changed,210,2026-08-19 16:44:48
8156273,2026-05-24 14:15:50,19,D6091760,,MCLXN359WAG1,,8M6CL,,BEEP,ROUNDMOUND_BEEP,37.0,37.0,D609176,,D6091760,,2605.0,,class_changed,210,2026-08-19 16:44:48
8161264,2026-05-28 23:49:23,181,D6091890,,A2ASU279SLE6,,8M6CL,,SMALL_PARTICLE,SIZE_SMALL,2.0,2.0,D609189,,D6091890,,2605.0,,class_changed,210,2026-08-19 16:44:48
8161528,2026-05-11 13:55:57,3527,D6091950,,KJ7HD248WFF0,,8M5CL,,SMALL_PARTICLE,ILD_HOLE_TEAROUT,2.0,2.0,D609195,,D6091950,,2605.0,,class_changed,210,2026-08-19 16:44:48
8169436,2026-05-18 21:09:14,187,D6091390,,KJA9W003WFA0,,8M6CL,,SMALL_PARTICLE,SIZE_SMALL,0.0,0.0,D609139,,D6091390,,2605.0,,class_changed,210,2026-08-19 16:44:48
8191113,2026-05-29 22:55:13,1896,D6102250,,GU4ZC698JKD2,,8M5CL,,BEEP,MINI,37.0,37.0,D610225,,D6102250,,2605.0,,class_changed,210,2026-08-19 16:44:48
8193331,2026-05-31 06:24:59,1882,D6102150,,KJ9HA109WFC1,,8M5CL,,BEEP,ROUNDMOUND_BEEP,37.0,37.0,D610215,,D6102150,,2605.0,,class_changed,210,2026-08-19 16:44:48
8196018,2026-06-17 00:40:04,21,D6102320,,5DXKW182MVE4,,8M6CL,,BEEP,MINI,37.0,37.0,D610232,,D6102320,,2606.0,,class_changed,210,2026-08-19 16:44:48
8196086,2026-06-17 00:40:04,41,D6102320,,5DXKW178MVD3,,8M6CL,,BEEP,FALLEN_LINES,37.0,37.0,D610232,,D6102320,,2606.0,,class_changed,210,2026-08-19 16:44:48
8198556,2026-05-29 07:14:24,6713,D6102330,,MCLXT020WAD4,,8M5CL,,SMALL_PARTICLE,SIZE_SMALL,0.0,0.0,D610233,,D6102330,,2605.0,,class_changed,210,2026-08-19 16:44:48
8198743,2026-05-30 03:37:14,72,D6102400,,A2AL6014SLG6,,8M6CL,,SMALL_PARTICLE,SIZE_SMALL,0.0,0.0,D610240,,D6102400,,2605.0,,class_changed,210,2026-08-19 16:44:48
8201472,2026-06-01 02:48:29,15,D6102470,,A2BS5018SLC0,,8M6CL,,SMALL_PARTICLE,SIZE_SMALL,2.0,2.0,D610247,,D6102470,,2606.0,,class_changed,210,2026-08-19 16:44:48
8206928,2026-06-02 16:41:59,711,D6102660,,KJAYU580WFD4,,8M5CL,,BEEP,FALLEN_LINES,37.0,37.0,D610266,,D6102660,,2606.0,,class_changed,210,2026-08-19 16:44:48
8218623,2026-08-11 20:10:40,1420,D610EPK0,,KJAUG022WFB5,,8M6CL,,BEEP,FALLEN_LINES,37.0,37.0,D610EPK,,D610EPK0,,2608.0,,class_changed,210,2026-08-19 16:44:48
8224541,2026-04-30 13:01:11,6198,D602EQQA,,A26XG070SLB5,,8M5CL,,BEEP,MINI,37.0,37.0,D602EQQ,,D602EQQA,,2604.0,,class_changed,210,2026-08-19 16:44:48
8224541,2026-05-03 05:15:25,147,D602EQQA,,A26XG070SLB5,,8M6CL,,BEEP,FALLEN_LINES,37.0,37.0,D602EQQ,,D602EQQA,,2605.0,,class_changed,210,2026-08-19 16:44:48
8229469,2026-06-10 04:44:49,28,D6113260,,A2AFY045SLE7,,8M6CL,,SMALL_PARTICLE,ROUNDMOUND_BEEP,0.0,0.0,D611326,,D6113260,,2606.0,,class_changed,210,2026-08-19 16:44:48
8229498,2026-06-07 16:23:11,2511,D6113250,,A2BR6077SLA0,,8M6CL,,BEEP,FALLEN_LINES,37.0,37.0,D611325,,D6113250,,2606.0,,class_changed,210,2026-08-19 16:44:48
8233010,2026-06-07 01:53:17,427,D6113320,,KJAZA105WFC4,,8M5CL,,BEEP,ROUNDMOUND_BEEP,0.0,0.0,D611332,,D6113320,,2606.0,,class_changed,210,2026-08-19 16:44:48
8233276,2026-06-13 01:33:25,15,D6113300,,KJAYR338WFA7,,8M6CL,,BEEP,SCRATCH,37.0,37.0,D611330,,D6113300,,2606.0,,class_changed,210,2026-08-19 16:44:48
8233333,2026-06-04 16:33:43,5431,D6113340,,KJAYT315WFC0,,8M5CL,,SMALL_PARTICLE,PATTERN,0.0,0.0,D611334,,D6113340,,2606.0,,class_changed,210,2026-08-19 16:44:48
8233391,2026-06-10 10:25:09,17789,D6113300,,KJAYR415WFA3,,8M5CL,,BEEP,FALLEN_LINES,37.0,37.0,D611330,,D6113300,,2606.0,,class_changed,210,2026-08-19 16:44:48
8233445,2026-06-05 21:38:04,416,D6113350,,KJAAA013WFF4,,8M5CL,,SMALL_PARTICLE,ILD_HOLE_TEAROUT,2.0,2.0,D611335,,D6113350,,2606.0,,class_changed,210,2026-08-19 16:44:48
8234435,2026-06-28 04:35:20,2162,D6113430,,KJAYT246WFF7,,8M5CL,,BEEP,ILD_HOLE_TEAROUT,0.0,0.0,D611343,,D6113430,,2606.0,,class_changed,210,2026-08-19 16:44:48
8234449,2026-06-28 04:35:20,1450,D6113430,,KJAYT237WFF5,,8M5CL,,BEEP,ROUNDMOUND_BEEP,0.0,0.0,D611343,,D6113430,,2606.0,,class_changed,210,2026-08-19 16:44:48
8234725,2026-05-30 03:30:59,13963,D6113400,,5DXKS425MVA7,,8M5CL,,SMALL_PARTICLE,SIZE_SMALL,0.0,0.0,D611340,,D6113400,,2605.0,,class_changed,210,2026-08-19 16:44:48
8238965,2026-06-01 19:46:51,30,D6112870,,A28GD164SLB6,,8M6CL,,SMALL_PARTICLE,ROUNDMOUND_BEEP,0.0,0.0,D611287,,D6112870,,2606.0,,class_changed,210,2026-08-19 16:44:48
8242831,2026-06-01 23:59:53,121,D6113090,,A2BJ8103SLB1,,8M6CL,,BEEP,PATTERN,37.0,37.0,D611309,,D6113090,,2606.0,,class_changed,210,2026-08-19 16:44:48
8250390,2026-06-14 04:45:14,122,D6114510,,A2AZS066SLC1,,8M6CL,,BEEP,ROUNDMOUND_BEEP,37.0,37.0,D611451,,D6114510,,2606.0,,class_changed,210,2026-08-19 16:44:48
8250396,2026-06-17 22:36:02,39,D6114480,,KJAAE196WFD2,,8M6CL,,BEEP,FALLEN_LINES,37.0,37.0,D611448,,D6114480,,2606.0,,class_changed,210,2026-08-19 16:44:48
8250409,2026-06-17 22:36:02,70,D6114480,,KJAAE070WFG4,,8M6CL,,BEEP,FALLEN_LINES,37.0,37.0,D611448,,D6114480,,2606.0,,class_changed,210,2026-08-19 16:44:48
8250469,2026-06-17 22:36:02,2,D6114480,,KJAAE047WFA5,,8M6CL,,SMALL_PARTICLE,SIZE_SMALL,2.0,2.0,D611448,,D6114480,,2606.0,,class_changed,210,2026-08-19 16:44:48
8255822,2026-05-26 07:06:41,1621,D6114290,,KJA9Y004WFF0,,8M5CL,,BEEP,ROUNDMOUND_BEEP,37.0,37.0,D611429,,D6114290,,2605.0,,class_changed,210,2026-08-19 16:44:48
8256001,2026-06-10 15:59:03,3738,D6114650,,KJA9T315WFB7,,8M5CL,,BEEP,ROUNDMOUND_BEEP,37.0,37.0,D611465,,D6114650,,2606.0,,class_changed,210,2026-08-19 16:44:48
8267486,2026-06-05 00:18:27,12370,D6128140,,HE6DJ182JKE4,,8M5CL,,SMALL_PARTICLE,RESIDUE,2.0,2.0,D612814,,D6128140,,2606.0,,class_changed,210,2026-08-19 16:44:48
8267486,2026-06-05 00:18:27,16878,D6128140,,HE6DJ182JKE4,,8M5CL,,BEEP,FALLEN_LINES,37.0,37.0,D612814,,D6128140,,2606.0,,class_changed,210,2026-08-19 16:44:48
8270172,2026-06-14 15:10:54,923,D6128200,,HE4UD068JKA4,,8M6CL,,BEEP,PATTERN,0.0,0.0,D612820,,D6128200,,2606.0,,class_changed,210,2026-08-19 16:44:48
8271968,2026-06-17 12:33:56,18,D6124760,,A2BJ8036SLG1,,8M6CL,,BEEP,ROUNDMOUND_BEEP,0.0,0.0,D612476,,D6124760,,2606.0,,class_changed,210,2026-08-19 16:44:48
8287737,2026-06-27 09:41:27,93134,D6125360,,A2DD8229SLF6,,8M5CL,,SMALL_PARTICLE,SIZE_SMALL,0.0,0.0,D612536,,D6125360,,2606.0,,class_changed,210,2026-08-19 16:44:48
8303078,2026-06-01 18:50:50,64,D6136030,,A2CR1107SLE4,,8M6CL,,BEEP,FALLEN_LINES,0.0,0.0,D613603,,D6136030,,2606.0,,class_changed,210,2026-08-19 16:44:48
8303082,2026-06-01 18:50:50,1365,D6136030,,A2CJE029SLG3,,8M6CL,,SMALL_PARTICLE,SIZE_SMALL,0.0,0.0,D613603,,D6136030,,2606.0,,class_changed,210,2026-08-19 16:44:48
8303599,2026-06-30 03:19:13,42,D6136070,,A2DMV083SLD0,,8M5CL,,BEEP,FALLEN_LINES,37.0,37.0,D613607,,D6136070,,2606.0,,class_changed,210,2026-08-19 16:44:48
8304530,2026-06-19 07:00:15,35,D6136220,,A2CJE153SLA7,,8M6CL,,BEEP,SIZE_SMALL,0.0,0.0,D613622,,D6136220,,2606.0,,class_changed,210,2026-08-19 16:44:48
8304668,2026-06-27 20:15:18,2,D6136210,,A2CJE076SLB3,,8M6CL,,BEEP,FALLEN_LINES,37.0,37.0,D613621,,D6136210,,2606.0,,class_changed,210,2026-08-19 16:44:48
8304692,2026-06-27 19:44:00,25,D6136240,,A2DY9026SLG4,,8M6CL,,SMALL_PARTICLE,SIZE_SMALL,2.0,2.0,D613624,,D6136240,,2606.0,,class_changed,210,2026-08-19 16:44:48
8306875,2026-07-05 01:46:43,648,D6136270,,MCLPK669WAF0,,8M6CL,,BEEP,FALLEN_LINES,37.0,37.0,D613627,,D6136270,,2607.0,,class_changed,210,2026-08-19 16:44:48
8312503,2026-06-10 09:41:06,29,D6131020,,KJCJL018WFC5,,8M5CL,,BEEP,RESIDUE,0.0,0.0,D613102,,D6131020,,2606.0,,class_changed,210,2026-08-19 16:44:48
8322313,2026-07-12 00:01:24,181655,D6131400,,A2EGD151SLB4,,8M5CL,,SMALL_PARTICLE,ILD_HOLE_TEAROUT,0.0,0.0,D613140,,D6131400,,2607.0,,class_changed,210,2026-08-19 16:44:48
8339938,2026-08-12 00:16:53,20130,D6141750,,A2DWL023SLC2,,8M6CL,,BEEP,FALLEN_LINES,37.0,37.0,D614175,,D6141750,,2608.0,,class_changed,210,2026-08-19 16:44:48
8340001,2026-08-12 00:16:53,16688,D6141750,,A2DWL024SLG4,,8M6CL,,BEEP,FALLEN_LINES,37.0,37.0,D614175,,D6141750,,2608.0,,class_changed,210,2026-08-19 16:44:48
8344638,2026-07-11 11:45:09,804,D6142120,,A2ET6072SLF1,,8M5CL,,BEEP,FALLEN_LINES,37.0,37.0,D614212,,D6142120,,2607.0,,class_changed,210,2026-08-19 16:44:48
8344638,2026-07-13 17:39:15,23,D6142120,,A2ET6072SLF1,,8M6CL,,BEEP,ROUNDMOUND_BEEP,37.0,37.0,D614212,,D6142120,,2607.0,,class_changed,210,2026-08-19 16:44:48
8353068,2026-07-04 17:21:30,1570,D6142480,,A2CJE015SLH0,,8M5CL,,BEEP,FALLEN_LINES,37.0,37.0,D614248,,D6142480,,2607.0,,class_changed,210,2026-08-19 16:44:48
8356428,2026-06-30 04:16:19,3319,D6142570,,KJ5MD588WFC1,,8M5CL,,BEEP,FALLEN_LINES,37.0,37.0,D614257,,D6142570,,2606.0,,class_changed,210,2026-08-19 16:44:48
8360412,2026-07-13 18:21:18,17,D6142090,,MCMUC204WAD5,,8M6CL,,BEEP,ROUNDMOUND_BEEP,37.0,37.0,D614209,,D6142090,,2607.0,,class_changed,210,2026-08-19 16:44:48
8360412,2026-07-13 18:21:18,173,D6142090,,MCMUC204WAD5,,8M6CL,,BEEP,ROUNDMOUND_BEEP,37.0,37.0,D614209,,D6142090,,2607.0,,class_changed,210,2026-08-19 16:44:48
8360487,2026-07-10 00:51:19,611,D6142070,,MCLPK665WAC6,,8M5CL,,BEEP,FALLEN_LINES,37.0,37.0,D614207,,D6142070,,2607.0,,class_changed,210,2026-08-19 16:44:48
8382699,2026-06-24 02:51:29,1675,D6152730,,KJD2E037WFB0,,8M6CL,,BEEP,FALLEN_LINES,37.0,37.0,D615273,,D6152730,,2606.0,,class_changed,210,2026-08-19 16:44:48
8382761,2026-07-10 20:48:18,28823,D6152770,,HJ7DC272JKH0,,8M5CL,,BEEP,NVD_FALSE,0.0,0.0,D615277,,D6152770,,2607.0,,class_changed,210,2026-08-19 16:44:48
8382763,2026-06-23 23:47:05,19118,D6152730,,KJD2E028WFA6,,8M6CL,,BEEP,FALLEN_LINES,37.0,37.0,D615273,,D6152730,,2606.0,,class_changed,210,2026-08-19 16:44:48
8385575,2026-07-09 08:55:34,328,D6152940,,A2AZS076SLG5,,8M6CL,,BEEP,PATTERN,37.0,37.0,D615294,,D6152940,,2607.0,,class_changed,210,2026-08-19 16:44:48
8385586,2026-07-19 20:00:29,539,D6152910,,MCLKC128WAG0,,8M5CL,,SMALL_PARTICLE,SIZE_SMALL,0.0,0.0,D615291,,D6152910,,2607.0,,class_changed,210,2026-08-19 16:44:48
8385677,2026-07-23 00:54:09,1075,D6152910,,MCLKC025WAB4,,8M6CL,,SMALL_PARTICLE,SIZE_SMALL,0.0,0.0,D615291,,D6152910,,2607.0,,class_changed,210,2026-08-19 16:44:48
8389529,2026-06-01 23:50:25,6905,D610888A,,A2AL6228SLE3,,8M5CL,,BEEP,FALLEN_LINES,37.0,37.0,D610888,,D610888A,,2606.0,,class_changed,210,2026-08-19 16:44:48
8405675,2026-07-09 20:21:16,1822,D6153400,,HJ4EP805JKA0,,8M5CL,,BEEP,FALLEN_LINES,37.0,37.0,D615340,,D6153400,,2607.0,,class_changed,210,2026-08-19 16:44:48
8405731,2026-07-09 17:48:10,3095,D6153400,,HJ4EP802JKC0,,8M5CL,,BEEP,LARGE_PARTICLE,37.0,37.0,D615340,,D6153400,,2607.0,,class_changed,210,2026-08-19 16:44:48
8405767,2026-07-20 05:00:36,1111,D6153370,,KJD9W063WFD1,,8M6CL,,SMALL_PARTICLE,SIZE_SMALL,2.0,2.0,D615337,,D6153370,,2607.0,,class_changed,210,2026-08-19 16:44:48
8408192,2026-07-17 18:02:30,1111,D6153440,,KJD2H285WFH0,,8M6CL,,BEEP,PATTERN,0.0,0.0,D615344,,D6153440,,2607.0,,class_changed,210,2026-08-19 16:44:48
8415779,2026-07-22 23:37:43,4502,D6154470,,MCNFM040WAD7,,8M5CL,,SMALL_PARTICLE,SIZE_SMALL,0.0,0.0,D615447,,D6154470,,2607.0,,class_changed,210,2026-08-19 16:44:48
8420825,2026-07-14 17:43:31,4638,D5311930B,,GQ1KC466JKF1,,8M5CL,,SMALL_PARTICLE,RESIDUE,0.0,0.0,D531193,,D5311930B,,2607.0,,class_changed,210,2026-08-19 16:44:48
8420825,2026-07-14 17:43:31,4643,D5311930B,,GQ1KC466JKF1,,8M5CL,,SMALL_PARTICLE,RESIDUE,0.0,0.0,D531193,,D5311930B,,2607.0,,class_changed,210,2026-08-19 16:44:48
8421180,2026-07-28 18:37:40,249746,D6159770,,5DXPQ177MVE4,,8M5CL,,BEEP,FALLEN_LINES,37.0,37.0,D615977,,D6159770,,2607.0,,class_changed,210,2026-08-19 16:44:48
8422572,2026-05-08 09:15:18,831,D511303A,,GM9ZG561JKG5,,8M5CL,,SMALL_PARTICLE,SIZE_SMALL,0.0,0.0,D511303,,D511303A,,2605.0,,class_changed,210,2026-08-19 16:44:48
8425610,2026-08-05 18:07:03,224122,D6164680,,5DXPR374MVF1,,8M5CL,,BEEP,ROUNDMOUND_BEEP,37.0,37.0,D616468,,D6164680,,2608.0,,class_changed,210,2026-08-19 16:44:48
8425615,2026-08-03 19:58:52,10911,D6164650,,A2ECU064SLG5,,8M6CL,,SMALL_PARTICLE,SIZE_SMALL,0.0,0.0,D616465,,D6164650,,2608.0,,class_changed,210,2026-08-19 16:44:48
8425615,2026-08-03 19:58:52,11558,D6164650,,A2ECU064SLG5,,8M6CL,,SMALL_PARTICLE,SIZE_SMALL,0.0,0.0,D616465,,D6164650,,2608.0,,class_changed,210,2026-08-19 16:44:48
8431718,2026-07-11 02:18:24,58,D6165040,,KJD9W074WFE4,,8M6CL,,BEEP,FALLEN_LINES,37.0,37.0,D616504,,D6165040,,2607.0,,class_changed,210,2026-08-19 16:44:48
8431731,2026-07-11 02:18:24,394,D6165040,,KJD9W068WFC2,,8M6CL,,BEEP,FALLEN_LINES,37.0,37.0,D616504,,D6165040,,2607.0,,class_changed,210,2026-08-19 16:44:48
8435157,2026-07-11 20:34:13,1,D6165100,,KJD2H350WFA7,,8M6CL,,SMALL_PARTICLE,SIZE_SMALL,0.0,0.0,D616510,,D6165100,,2607.0,,class_changed,210,2026-08-19 16:44:48
8435172,2026-07-11 20:34:13,126,D6165100,,KJD2H249WFG0,,8M6CL,,BEEP,SCRATCH,0.0,0.0,D616510,,D6165100,,2607.0,,class_changed,210,2026-08-19 16:44:48
8435172,2026-07-11 20:34:13,83,D6165100,,KJD2H249WFG0,,8M6CL,,BEEP,SCRATCH,0.0,0.0,D616510,,D6165100,,2607.0,,class_changed,210,2026-08-19 16:44:48
8435216,2026-07-11 20:34:13,65,D6165100,,KJD2H534WFH1,,8M6CL,,SMALL_PARTICLE,ROUNDMOUND_BEEP,0.0,0.0,D616510,,D6165100,,2607.0,,class_changed,210,2026-08-19 16:44:48
8435216,2026-07-11 20:34:13,66,D6165100,,KJD2H534WFH1,,8M6CL,,BEEP,BLOCKED_TRENCH,0.0,0.0,D616510,,D6165100,,2607.0,,class_changed,210,2026-08-19 16:44:48
8438003,2026-08-03 13:56:28,1890,D6165210,,A2ET6127SLD0,,8M5CL,,BEEP,FALLEN_LINES,37.0,37.0,D616521,,D6165210,,2608.0,,class_changed,210,2026-08-19 16:44:48
8438060,2026-08-02 20:40:46,51,D6165210,,A2ET6131SLE1,,8M5CL,,BEEP,ILD_HOLE_TEAROUT,37.0,37.0,D616521,,D6165210,,2608.0,,class_changed,210,2026-08-19 16:44:48
8441188,2026-07-19 21:39:53,19,D6165270,,A2FG2008SLE6,,8M6CL,,BEEP,PATTERN,37.0,37.0,D616527,,D6165270,,2607.0,,class_changed,210,2026-08-19 16:44:48
8441579,2026-08-03 19:17:49,68,D6165330,,HK0SX204JKB7,,8M6CL,,SMALL_PARTICLE,SIZE_SMALL,2.0,2.0,D616533,,D6165330,,2608.0,,class_changed,210,2026-08-19 16:44:48
8441579,2026-08-03 19:17:49,762,D6165330,,HK0SX204JKB7,,8M6CL,,BEEP,ROUNDMOUND_BEEP,37.0,37.0,D616533,,D6165330,,2608.0,,class_changed,210,2026-08-19 16:44:48
8444702,2026-07-21 21:53:23,6,D6165440,,A2FG2038SLD4,,8M6CL,,BEEP,FALLEN_LINES,37.0,37.0,D616544,,D6165440,,2607.0,,class_changed,210,2026-08-19 16:44:48
8447923,2026-08-19 01:15:54,148,D6165600,,KJDLP031WFG0,,8M6CL,,BEEP,ROUNDMOUND_BEEP,37.0,37.0,D616560,,D6165600,,2608.0,,class_changed,210,2026-08-19 16:44:48
8447960,2026-08-19 02:48:46,106,D6165600,,KJDLP059WFE6,,8M6CL,,BEEP,FALLEN_LINES,37.0,37.0,D616560,,D6165600,,2608.0,,class_changed,210,2026-08-19 16:44:48
8448387,2026-07-15 21:36:54,280,D6165540,,HJ5FE253JKF2,,8M6CL,,SMALL_PARTICLE,DOME,2.0,2.0,D616554,,D6165540,,2607.0,,class_changed,210,2026-08-19 16:44:48
8465800,2026-07-23 09:55:47,13,D6171070,,A2FN6146SLG3,,8M6CL,,SMALL_PARTICLE,SIZE_SMALL,0.0,0.0,D617107,,D6171070,,2607.0,,class_changed,210,2026-08-19 16:44:48
8466156,2026-07-27 03:05:38,39,D6171090,,A25S7193SLH0,,8M6CL,,SMALL_PARTICLE,ROUNDMOUND_BEEP,0.0,0.0,D617109,,D6171090,,2607.0,,class_changed,210,2026-08-19 16:44:48
8466218,2026-07-23 19:47:38,6781,D6171080,,A2FU3206SLA0,,8M5CL,,SMALL_PARTICLE,SIZE_SMALL,2.0,2.0,D617108,,D6171080,,2607.0,,class_changed,210,2026-08-19 16:44:48
8483224,2026-07-19 16:41:58,5637,D6176250,,MCPPB643WAE1,,8M5CL,,SMALL_PARTICLE,SIZE_SMALL,0.0,0.0,D617625,,D6176250,,2607.0,,class_changed,210,2026-08-19 16:44:48
8487286,2026-08-07 16:56:48,19,D6176360,,HJ5QY678JKG1,,8M6CL,,BEEP,PATTERN,0.0,0.0,D617636,,D6176360,,2608.0,,class_changed,210,2026-08-19 16:44:48
8487602,2026-08-06 03:08:56,59,D6176450,,KJEYB259WFB6,,8M6CL,,BEEP,FALLEN_LINES,0.0,0.0,D617645,,D6176450,,2608.0,,class_changed,210,2026-08-19 16:44:48
8499991,2026-08-02 18:36:08,188416,D6171240,,MCPNW589WAG1,,8M5CL,,BEEP,FALLEN_LINES,37.0,37.0,D617124,,D6171240,,2608.0,,class_changed,210,2026-08-19 16:44:48
8504529,2026-08-08 00:25:07,20198,D6181400,,MCQAF011WAE6,,8M5CL,,BEEP,FALLEN_LINES,37.0,37.0,D618140,,D6181400,,2608.0,,class_changed,210,2026-08-19 16:44:48
8524333,2026-07-25 20:12:24,1486,D6182050,,MCQAF046WAC5,,8M5CL,,SMALL_PARTICLE,SIZE_SMALL,0.0,0.0,D618205,,D6182050,,2607.0,,class_changed,210,2026-08-19 16:44:48
8524406,2026-07-25 20:12:24,1310,D6182050,,MCQAF012WAB5,,8M5CL,,SMALL_PARTICLE,SIZE_SMALL,2.0,2.0,D618205,,D6182050,,2607.0,,class_changed,210,2026-08-19 16:44:48
8524406,2026-07-25 20:12:24,2847,D6182050,,MCQAF012WAB5,,8M5CL,,SMALL_PARTICLE,SIZE_SMALL,2.0,2.0,D618205,,D6182050,,2607.0,,class_changed,210,2026-08-19 16:44:48
8524654,2026-07-21 11:18:11,38,D6182100,,MCQJT340WAG6,,8M6CL,,BEEP,FALLEN_LINES,37.0,37.0,D618210,,D6182100,,2607.0,,class_changed,210,2026-08-19 16:44:48
8524756,2026-07-17 23:33:18,2012,D6182100,,MCQJT355WAD0,,8M5CL,,SMALL_PARTICLE,SCRATCH,0.0,0.0,D618210,,D6182100,,2607.0,,class_changed,210,2026-08-19 16:44:48
8526626,2026-08-17 04:20:31,53,D6182230,,HP3VZ630JKE1,,8M6CL,,SMALL_PARTICLE,ROUNDMOUND_BEEP,0.0,0.0,D618223,,D6182230,,2608.0,,class_changed,210,2026-08-19 16:44:48
8530394,2026-08-06 05:17:58,23,D6182330,,KJFMF062WFE5,,8M6CL,,BEEP,SCRATCH,37.0,37.0,D618233,,D6182330,,2608.0,,class_changed,210,2026-08-19 16:44:48
8530433,2026-08-07 04:10:58,61,D6182310,,KJEYG002WFE6,,8M6CL,,BEEP,ROUNDMOUND_BEEP,37.0,37.0,D618231,,D6182310,,2608.0,,class_changed,210,2026-08-19 16:44:48
8530524,2026-08-06 05:17:58,373,D6182330,,KJFMF046WFF2,,8M6CL,,BEEP,BLOCKED_TRENCH,37.0,37.0,D618233,,D6182330,,2608.0,,class_changed,210,2026-08-19 16:44:48
8530525,2026-08-06 05:17:58,19,D6182330,,KJFMF009WFA0,,8M6CL,,BEEP,BLOCKED_TRENCH,37.0,37.0,D618233,,D6182330,,2608.0,,class_changed,210,2026-08-19 16:44:48
8539555,2026-05-02 00:19:18,186,D541923A,,KJ3LK204WFG5,,8M6CL,,SMALL_PARTICLE,BLOCKED_TRENCH,0.0,0.0,D541923,,D541923A,,2605.0,,class_changed,210,2026-08-19 16:44:48
8539565,2026-05-02 00:19:18,124,D541923A,,KJ3LK232WFE2,,8M6CL,,SMALL_PARTICLE,BLOCKED_TRENCH,0.0,0.0,D541923,,D541923A,,2605.0,,class_changed,210,2026-08-19 16:44:48
8550363,2026-08-06 17:11:09,48902,D6192710,,A2GFE018SLA4,,8M6CL,,BEEP,FALLEN_LINES,37.0,37.0,D619271,,D6192710,,2608.0,,class_changed,210,2026-08-19 16:44:48
8550365,2026-08-06 17:11:09,29133,D6192710,,A2GFE009SLA2,,8M6CL,,BEEP,FALLEN_LINES,37.0,37.0,D619271,,D6192710,,2608.0,,class_changed,210,2026-08-19 16:44:48
8550365,2026-08-06 17:11:09,34426,D6192710,,A2GFE009SLA2,,8M6CL,,SMALL_PARTICLE,SIZE_SMALL,2.0,2.0,D619271,,D6192710,,2608.0,,class_changed,210,2026-08-19 16:44:48
8565201,2026-08-16 12:03:00,784,D6193310,,KJEYK439WFB6,,8M5CL,,SMALL_PARTICLE,SIZE_SMALL,0.0,0.0,D619331,,D6193310,,2608.0,,class_changed,210,2026-08-19 16:44:48
8572373,2026-05-07 18:17:47,116898,D5523470AN,,GT9FQ208JKB6,,8M5CL,,SMALL_PARTICLE,SIZE_SMALL,0.0,0.0,D552347,,D5523470AN,,2605.0,,class_changed,210,2026-08-19 16:44:48
8572405,2026-05-07 18:17:47,1927,D5523470AN,,GT9FQ206JKA5,,8M5CL,,SMALL_PARTICLE,FALLEN_LINES,0.0,0.0,D552347,,D5523470AN,,2605.0,,class_changed,210,2026-08-19 16:44:48
8596101,2026-08-14 16:48:22,87,D6204210,,MCR6H256WAE4,,8M6CL,,SMALL_PARTICLE,SIZE_SMALL,2.0,2.0,D620421,,D6204210,,2608.0,,class_changed,210,2026-08-19 16:44:48
8596110,2026-08-14 16:48:22,296,D6204210,,MCR6H253WAG4,,8M6CL,,BEEP,ROUNDMOUND_BEEP,37.0,37.0,D620421,,D6204210,,2608.0,,class_changed,210,2026-08-19 16:44:48
8596110,2026-08-14 16:48:22,311,D6204210,,MCR6H253WAG4,,8M6CL,,BEEP,FALLEN_LINES,37.0,37.0,D620421,,D6204210,,2608.0,,class_changed,210,2026-08-19 16:44:48
8596113,2026-08-14 16:48:22,169,D6204210,,MCR6H243WAC0,,8M6CL,,SMALL_PARTICLE,SIZE_SMALL,2.0,2.0,D620421,,D6204210,,2608.0,,class_changed,210,2026-08-19 16:44:48
8596113,2026-08-14 16:48:22,170,D6204210,,MCR6H243WAC0,,8M6CL,,SMALL_PARTICLE,SIZE_SMALL,2.0,2.0,D620421,,D6204210,,2608.0,,class_changed,210,2026-08-19 16:44:48
8596113,2026-08-14 16:48:22,171,D6204210,,MCR6H243WAC0,,8M6CL,,SMALL_PARTICLE,SIZE_SMALL,2.0,2.0,D620421,,D6204210,,2608.0,,class_changed,210,2026-08-19 16:44:48
8596113,2026-08-14 16:48:22,174,D6204210,,MCR6H243WAC0,,8M6CL,,SMALL_PARTICLE,SIZE_SMALL,2.0,2.0,D620421,,D6204210,,2608.0,,class_changed,210,2026-08-19 16:44:48
8596113,2026-08-14 16:48:22,183,D6204210,,MCR6H243WAC0,,8M6CL,,SMALL_PARTICLE,SIZE_SMALL,2.0,2.0,D620421,,D6204210,,2608.0,,class_changed,210,2026-08-19 16:44:48
8596113,2026-08-14 16:48:22,194,D6204210,,MCR6H243WAC0,,8M6CL,,SMALL_PARTICLE,SIZE_SMALL,2.0,2.0,D620421,,D6204210,,2608.0,,class_changed,210,2026-08-19 16:44:48
8596113,2026-08-14 16:48:22,195,D6204210,,MCR6H243WAC0,,8M6CL,,SMALL_PARTICLE,SIZE_SMALL,2.0,2.0,D620421,,D6204210,,2608.0,,class_changed,210,2026-08-19 16:44:48
8596113,2026-08-14 16:48:22,199,D6204210,,MCR6H243WAC0,,8M6CL,,SMALL_PARTICLE,SIZE_SMALL,2.0,2.0,D620421,,D6204210,,2608.0,,class_changed,210,2026-08-19 16:44:48
8596113,2026-08-14 16:48:22,200,D6204210,,MCR6H243WAC0,,8M6CL,,SMALL_PARTICLE,SIZE_SMALL,2.0,2.0,D620421,,D6204210,,2608.0,,class_changed,210,2026-08-19 16:44:48
8596113,2026-08-14 16:48:22,201,D6204210,,MCR6H243WAC0,,8M6CL,,SMALL_PARTICLE,SIZE_SMALL,2.0,2.0,D620421,,D6204210,,2608.0,,class_changed,210,2026-08-19 16:44:48
8596113,2026-08-14 16:48:22,208,D6204210,,MCR6H243WAC0,,8M6CL,,SMALL_PARTICLE,SIZE_SMALL,2.0,2.0,D620421,,D6204210,,2608.0,,class_changed,210,2026-08-19 16:44:48
8596113,2026-08-14 16:48:22,213,D6204210,,MCR6H243WAC0,,8M6CL,,SMALL_PARTICLE,SIZE_SMALL,2.0,2.0,D620421,,D6204210,,2608.0,,class_changed,210,2026-08-19 16:44:48
8596113,2026-08-14 16:48:22,225,D6204210,,MCR6H243WAC0,,8M6CL,,SMALL_PARTICLE,SIZE_SMALL,2.0,2.0,D620421,,D6204210,,2608.0,,class_changed,210,2026-08-19 16:44:48
8596113,2026-08-14 16:48:22,235,D6204210,,MCR6H243WAC0,,8M6CL,,SMALL_PARTICLE,SIZE_SMALL,2.0,2.0,D620421,,D6204210,,2608.0,,class_changed,210,2026-08-19 16:44:48
8596113,2026-08-14 16:48:22,240,D6204210,,MCR6H243WAC0,,8M6CL,,SMALL_PARTICLE,SIZE_SMALL,2.0,2.0,D620421,,D6204210,,2608.0,,class_changed,210,2026-08-19 16:44:48
8596113,2026-08-14 16:48:22,241,D6204210,,MCR6H243WAC0,,8M6CL,,SMALL_PARTICLE,SIZE_SMALL,2.0,2.0,D620421,,D6204210,,2608.0,,class_changed,210,2026-08-19 16:44:48
8596113,2026-08-14 16:48:22,247,D6204210,,MCR6H243WAC0,,8M6CL,,SMALL_PARTICLE,SIZE_SMALL,2.0,2.0,D620421,,D6204210,,2608.0,,class_changed,210,2026-08-19 16:44:48
8596113,2026-08-14 16:48:22,248,D6204210,,MCR6H243WAC0,,8M6CL,,SMALL_PARTICLE,SIZE_SMALL,2.0,2.0,D620421,,D6204210,,2608.0,,class_changed,210,2026-08-19 16:44:48
8596113,2026-08-14 16:48:22,250,D6204210,,MCR6H243WAC0,,8M6CL,,SMALL_PARTICLE,SIZE_SMALL,2.0,2.0,D620421,,D6204210,,2608.0,,class_changed,210,2026-08-19 16:44:48
8596113,2026-08-14 16:48:22,251,D6204210,,MCR6H243WAC0,,8M6CL,,SMALL_PARTICLE,SIZE_SMALL,2.0,2.0,D620421,,D6204210,,2608.0,,class_changed,210,2026-08-19 16:44:48
8596113,2026-08-14 16:48:22,255,D6204210,,MCR6H243WAC0,,8M6CL,,SMALL_PARTICLE,SIZE_SMALL,2.0,2.0,D620421,,D6204210,,2608.0,,class_changed,210,2026-08-19 16:44:48
8596113,2026-08-14 16:48:22,258,D6204210,,MCR6H243WAC0,,8M6CL,,SMALL_PARTICLE,SIZE_SMALL,2.0,2.0,D620421,,D6204210,,2608.0,,class_changed,210,2026-08-19 16:44:48
8596113,2026-08-14 16:48:22,269,D6204210,,MCR6H243WAC0,,8M6CL,,SMALL_PARTICLE,SIZE_SMALL,2.0,2.0,D620421,,D6204210,,2608.0,,class_changed,210,2026-08-19 16:44:48
8601753,2026-08-16 12:42:45,755,D6204460,,HP1SJ178JKE7,,8M5CL,,BEEP,ROUNDMOUND_BEEP,37.0,37.0,D620446,,D6204460,,2608.0,,class_changed,210,2026-08-19 16:44:48
8601783,2026-08-16 12:42:45,73,D6204460,,HP1SJ176JKD6,,8M5CL,,BEEP,ROUNDMOUND_BEEP,37.0,37.0,D620446,,D6204460,,2608.0,,class_changed,210,2026-08-19 16:44:48
8639183,2026-08-08 05:02:01,25,D6215390,,HP1SH105JKE1,,8M6CL,,SMALL_PARTICLE,SIZE_SMALL,0.0,0.0,D621539,,D6215390,,2608.0,,class_changed,210,2026-08-19 16:44:48
8654377,2026-08-07 05:01:06,13870,D6219300,,HM8TF154JKA1,,8M5CL,,SMALL_PARTICLE,SIZE_SMALL,0.0,0.0,D621930,,D6219300,,2608.0,,class_changed,210,2026-08-19 16:44:48
8737431,2026-06-10 18:03:51,38,D6113350M,,KJAAA060WFA4,,8M6CL,,SMALL_PARTICLE,ROUNDMOUND_BEEP,0.0,0.0,D611335,,D6113350M,,2606.0,,class_changed,210,2026-08-19 16:44:48
8751877,2026-06-13 01:57:41,14,D6113360M,,KJAAE064WFE2,,8M6CL,,SMALL_PARTICLE,ROUNDMOUND_BEEP,0.0,0.0,D611336,,D6113360M,,2606.0,,class_changed,210,2026-08-19 16:44:48
8759465,2026-06-09 18:00:47,1447,D6113370M,,GU1PT530JKC3,,8M5CL,,SMALL_PARTICLE,SIZE_SMALL,0.0,0.0,D611337,,D6113370M,,2606.0,,class_changed,210,2026-08-19 16:44:48
8919873,2026-07-09 20:58:59,75,D602107B,,KJ7KQ358WFA3,,8M6CL,,BEEP,MINI,0.0,0.0,D602107,,D602107B,,2607.0,,class_changed,210,2026-08-19 16:44:48
8920049,2026-07-09 20:58:59,1749,D602107B,,KJ7KQ348WFD2,,8M6CL,,SMALL_PARTICLE,SIZE_SMALL,0.0,0.0,D602107,,D602107B,,2607.0,,class_changed,210,2026-08-19 16:44:48
8920049,2026-07-09 20:58:59,1870,D602107B,,KJ7KQ348WFD2,,8M6CL,,SMALL_PARTICLE,ROUNDMOUND_BEEP,0.0,0.0,D602107,,D602107B,,2607.0,,class_changed,210,2026-08-19 16:44:48
8922079,2026-07-09 22:33:13,621,D6153270N,,KJNQT197WFE3,,8M5CL,,SMALL_PARTICLE,SIZE_SMALL,0.0,0.0,D615327,,D6153270N,,2607.0,,class_changed,210,2026-08-19 16:44:48
8937540,2026-07-15 19:22:40,15,D6154520V,,A2DD8082SLE6,,8M6CL,,SMALL_PARTICLE,ROUNDMOUND_BEEP,0.0,0.0,D615452,,D6154520V,,2607.0,,class_changed,210,2026-08-19 16:44:48
8978714,2026-07-22 11:14:19,337,D6131530X,,HJ8VW191JKC2,,8M6CL,,SMALL_PARTICLE,ROUNDMOUND_BEEP,0.0,0.0,D613153,,D6131530X,,2607.0,,class_changed,210,2026-08-19 16:44:48
8979113,2026-07-19 13:06:31,113395,D6141770AF,,MCLXR060WAG0,,8M5CL,,SMALL_PARTICLE,SIZE_SMALL,0.0,0.0,D614177,,D6141770AF,,2607.0,,class_changed,210,2026-08-19 16:44:48
9019173,2026-07-28 13:36:39,443,D6165070W,,A2DMV307SLD4,,8M6CL,,SMALL_PARTICLE,FALLEN_LINES,0.0,0.0,D616507,,D6165070W,,2607.0,,class_changed,210,2026-08-19 16:44:48
9109792,2026-08-10 12:26:29,19355,D5311930J,,GQ1KC484JKF5,,8M6CL,,SMALL_PARTICLE,MINI,0.0,0.0,D531193,,D5311930J,,2608.0,,class_changed,210,2026-08-19 16:44:48
9117376,2026-08-11 21:40:37,75282,D6209200BA,,A2FHT031SLE2,,8M5CL,,BEEP,PATTERN,0.0,0.0,D620920,,D6209200BA,,2608.0,,class_changed,210,2026-08-19 16:44:48
9117388,2026-08-11 21:37:31,7527,D6179840BA,,MCQAF029WAG3,,8M5CL,,BEEP,NVD_FALSE,0.0,0.0,D617984,,D6179840BA,,2608.0,,class_changed,210,2026-08-19 16:44:48
9117445,2026-08-11 21:40:37,247176,D6209200BA,,A2GD3020SLC4,,8M5CL,,BEEP,PATTERN,0.0,0.0,D620920,,D6209200BA,,2608.0,,class_changed,210,2026-08-19 16:44:48
8507275,2026-08-19 16:05:48,16750,D6181460,,MCPNW580WAE6,,8M6CL,,BEEP,FALLEN_LINES,37.0,37.0,D618146,,D6181460,,2608.0,,class_changed,210,2026-08-21 07:28:25
8507302,2026-08-19 16:05:48,32071,D6181460,,MCPNW592WAD0,,8M6CL,,BEEP,ROUNDMOUND_BEEP,37.0,37.0,D618146,,D6181460,,2608.0,,class_changed,210,2026-08-21 07:28:25
8507302,2026-08-19 16:05:48,4473,D6181460,,MCPNW592WAD0,,8M6CL,,BEEP,FALLEN_LINES,37.0,37.0,D618146,,D6181460,,2608.0,,class_changed,210,2026-08-21 07:28:25
9149668,2026-08-19 16:57:43,969,D6164630V,,HJ4EP556JKH2,,8M6CL,,SMALL_PARTICLE,SIZE_SMALL,0.0,0.0,D616463,,D6164630V,,2608.0,,class_changed,210,2026-08-21 07:28:25
8591203,2026-08-21 01:17:18,222335,D6203910,,A2EW7018SLF5,,8M5CL,,BEEP,NVD_FALSE,0.0,0.0,D620391,,D6203910,,2608.0,,class_changed,210,2026-08-22 07:28:22
8610261,2026-08-20 11:36:32,4887,D6208640,,A2HE8077SLC4,,8M6CL,,BEEP,NVD_FALSE,0.0,0.0,D620864,,D6208640,,2608.0,,class_changed,210,2026-08-22 07:28:22
9154726,2026-08-20 20:39:50,18677,D6171140Z,,MCPPA077WAC5,,8M6CL,,BEEP,PATTERN,0.0,0.0,D617114,,D6171140Z,,2608.0,,class_changed,210,2026-08-22 07:28:22
9154726,2026-08-20 20:39:50,26107,D6171140Z,,MCPPA077WAC5,,8M6CL,,BEEP,PATTERN,0.0,0.0,D617114,,D6171140Z,,2608.0,,class_changed,210,2026-08-22 07:28:22
9154726,2026-08-20 20:39:50,30339,D6171140Z,,MCPPA077WAC5,,8M6CL,,BEEP,PATTERN,0.0,0.0,D617114,,D6171140Z,,2608.0,,class_changed,210,2026-08-22 07:28:22
8527287,2026-08-22 01:05:13,2460,D6182150,,KJEYH222WFF0,,8M5CL,,SMALL_PARTICLE,SIZE_SMALL,0.0,0.0,D618215,,D6182150,,2608.0,,class_changed,210,2026-08-23 07:28:21
8610268,2026-08-20 11:36:32,7786,D6208640,,A2HE8076SLF5,,8M6CL,,SMALL_PARTICLE,ILD_HOLE_TEAROUT,0.0,0.0,D620864,,D6208640,,2608.0,,class_changed,210,2026-08-24 07:28:36
8610294,2026-08-20 11:36:32,1376,D6208640,,A2HE8010SLE6,,8M6CL,,SMALL_PARTICLE,SIZE_SMALL,0.0,0.0,D620864,,D6208640,,2608.0,,class_changed,210,2026-08-24 07:28:36
8610294,2026-08-20 11:36:32,16206,D6208640,,A2HE8010SLE6,,8M6CL,,SMALL_PARTICLE,SIZE_SMALL,0.0,0.0,D620864,,D6208640,,2608.0,,class_changed,210,2026-08-24 07:28:36
8610294,2026-08-20 11:36:32,16231,D6208640,,A2HE8010SLE6,,8M6CL,,SMALL_PARTICLE,SIZE_SMALL,0.0,0.0,D620864,,D6208640,,2608.0,,class_changed,210,2026-08-24 07:28:36
8610294,2026-08-20 11:36:32,18878,D6208640,,A2HE8010SLE6,,8M6CL,,SMALL_PARTICLE,SIZE_SMALL,0.0,0.0,D620864,,D6208640,,2608.0,,class_changed,210,2026-08-24 07:28:36
8610294,2026-08-20 11:36:32,18964,D6208640,,A2HE8010SLE6,,8M6CL,,SMALL_PARTICLE,SIZE_SMALL,0.0,0.0,D620864,,D6208640,,2608.0,,class_changed,210,2026-08-24 07:28:36
8610294,2026-08-20 11:36:32,19095,D6208640,,A2HE8010SLE6,,8M6CL,,BEEP,SCRATCH,0.0,0.0,D620864,,D6208640,,2608.0,,class_changed,210,2026-08-24 07:28:36
8610294,2026-08-20 11:36:32,24608,D6208640,,A2HE8010SLE6,,8M6CL,,SMALL_PARTICLE,SIZE_SMALL,0.0,0.0,D620864,,D6208640,,2608.0,,class_changed,210,2026-08-24 07:28:36
8610294,2026-08-20 11:36:32,24870,D6208640,,A2HE8010SLE6,,8M6CL,,SMALL_PARTICLE,SIZE_SMALL,0.0,0.0,D620864,,D6208640,,2608.0,,class_changed,210,2026-08-24 07:28:36
8610294,2026-08-20 11:36:32,5504,D6208640,,A2HE8010SLE6,,8M6CL,,SMALL_PARTICLE,SIZE_SMALL,0.0,0.0,D620864,,D6208640,,2608.0,,class_changed,210,2026-08-24 07:28:36
8591066,2026-08-27 02:59:27,37398,D6203890,D6203890,A2DMV093SLA1,A2DMV093SLA1,8M6CL,8M6CL,SMALL_PARTICLE,BEEP,0.0,0.0,D620389,D620389,D6203890,D6203890,2608.0,2608.0,class_changed,210,2026-08-28 07:28:25
8040136,2026-08-26 23:28:03,11681,D605E9A0,,A27XC028SLG1,,8M6CL,,BEEP,FALLEN_LINES,37.0,37.0,D605E9A,,D605E9A0,,2608.0,,class_changed,210,2026-08-28 07:28:25
8565305,2026-08-27 05:00:17,364,D6193320,,KJFMH045WFB6,,8M6CL,,SMALL_PARTICLE,BLOCKED_TRENCH,0.0,0.0,D619332,,D6193320,,2608.0,,class_changed,210,2026-08-28 07:28:25
8565305,2026-08-27 05:00:17,73,D6193320,,KJFMH045WFB6,,8M6CL,,SMALL_PARTICLE,ROUNDMOUND_BEEP,0.0,0.0,D619332,,D6193320,,2608.0,,class_changed,210,2026-08-28 07:28:25
8591123,2026-08-27 02:59:27,21367,D6203890,,A2DY9011SLC7,,8M6CL,,BEEP,PATTERN,37.0,37.0,D620389,,D6203890,,2608.0,,class_changed,210,2026-08-28 07:28:25
8676717,2026-08-27 21:14:40,138,D6221210,,KJCJD002WFG4,,8M6CL,,SMALL_PARTICLE,ILD_HOLE_TEAROUT,0.0,0.0,D622121,,D6221210,,2608.0,,class_changed,210,2026-08-29 07:28:31
8627842,2026-08-27 21:43:02,11615,D6215000,D6215000,MCR6K262WAA4,MCR6K262WAA4,8M6CL,8M6CL,SMALL_PARTICLE,BEEP,0.0,0.0,D621500,D621500,D6215000,D6215000,2608.0,2608.0,class_changed,210,2026-09-02 07:28:53
8627842,2026-08-27 21:43:02,11729,D6215000,D6215000,MCR6K262WAA4,MCR6K262WAA4,8M6CL,8M6CL,SMALL_PARTICLE,BEEP,0.0,0.0,D621500,D621500,D6215000,D6215000,2608.0,2608.0,class_changed,210,2026-09-02 07:28:53
9232799,2026-08-31 06:45:08,165,D6193240T,D6193240T,A2FSN127SLD4,A2FSN127SLD4,8M5CL,8M5CL,SMALL_PARTICLE,BEEP,0.0,0.0,D619324,D619324,D6193240T,D6193240T,2608.0,2608.0,class_changed,210,2026-09-02 07:28:53
8565432,2026-08-27 10:26:14,470,D6193300,,KJFMF119WFD5,,8M6CL,,SMALL_PARTICLE,SIZE_SMALL,0.0,0.0,D619330,,D6193300,,2608.0,,class_changed,210,2026-09-02 07:28:53
8625166,2026-08-30 16:43:58,21418,D6214840,,A2GYQ043SLC5,,8M5CL,,BEEP,FALLEN_LINES,37.0,37.0,D621484,,D6214840,,2608.0,,class_changed,210,2026-09-02 07:28:53
8625322,2026-08-31 09:25:57,48305,D6214880,,5DXYJ202MVE6,,8M6CL,,BEEP,FALLEN_LINES,37.0,37.0,D621488,,D6214880,,2608.0,,class_changed,210,2026-09-02 07:28:53
9230924,2026-08-31 02:25:09,342,D6193240T,,A2GTK115SLB5,,8M5CL,,SMALL_PARTICLE,SIZE_SMALL,0.0,0.0,D619324,,D6193240T,,2608.0,,class_changed,210,2026-09-02 07:28:53
9230924,2026-08-31 02:25:09,377,D6193240T,,A2GTK115SLB5,,8M5CL,,SMALL_PARTICLE,SIZE_SMALL,0.0,0.0,D619324,,D6193240T,,2608.0,,class_changed,210,2026-09-02 07:28:53
9230924,2026-08-31 02:25:09,388,D6193240T,,A2GTK115SLB5,,8M5CL,,SMALL_PARTICLE,SIZE_SMALL,0.0,0.0,D619324,,D6193240T,,2608.0,,class_changed,210,2026-09-02 07:28:53
9231378,2026-08-31 06:08:18,183,D6192790T,,KJFMH018WFB0,,8M5CL,,SMALL_PARTICLE,NVD_FALSE,0.0,0.0,D619279,,D6192790T,,2608.0,,class_changed,210,2026-09-02 07:28:53
8550362,2026-09-01 09:04:12,4173,D6192700,D6192700,A2GNM026SLB3,A2GNM026SLB3,8M5CL,8M5CL,BEEP,SMALL_PARTICLE,0.0,0.0,D619270,D619270,D6192700,D6192700,2609.0,2609.0,class_changed,210,2026-09-03 07:28:41
8553313,2026-09-01 10:35:05,384,D6192790,D6192790,KJFMH015WFD0,KJFMH015WFD0,8M6CL,8M6CL,SMALL_PARTICLE,BEEP,0.0,0.0,D619279,D619279,D6192790,D6192790,2609.0,2609.0,class_changed,210,2026-09-03 07:28:41
8553313,2026-09-01 10:35:05,8697,D6192790,D6192790,KJFMH015WFD0,KJFMH015WFD0,8M6CL,8M6CL,SMALL_PARTICLE,BEEP,0.0,0.0,D619279,D619279,D6192790,D6192790,2609.0,2609.0,class_changed,210,2026-09-03 07:28:41
8553313,2026-09-01 10:35:05,8913,D6192790,D6192790,KJFMH015WFD0,KJFMH015WFD0,8M6CL,8M6CL,SMALL_PARTICLE,BEEP,0.0,0.0,D619279,D619279,D6192790,D6192790,2609.0,2609.0,class_changed,210,2026-09-03 07:28:41
8553313,2026-09-01 10:35:05,8915,D6192790,D6192790,KJFMH015WFD0,KJFMH015WFD0,8M6CL,8M6CL,SMALL_PARTICLE,BEEP,0.0,0.0,D619279,D619279,D6192790,D6192790,2609.0,2609.0,class_changed,210,2026-09-03 07:28:41
8553317,2026-09-01 10:35:05,2371,D6192790,D6192790,KJFMH017WFE1,KJFMH017WFE1,8M6CL,8M6CL,SMALL_PARTICLE,BEEP,0.0,0.0,D619279,D619279,D6192790,D6192790,2609.0,2609.0,class_changed,210,2026-09-03 07:28:41
8550550,2026-09-01 09:04:12,1554,D6192700,,A2GNM029SLG6,,8M5CL,,BEEP,NVD_FALSE,0.0,0.0,D619270,,D6192700,,2609.0,,class_changed,210,2026-09-03 07:28:41
8625070,2026-09-02 09:48:39,21643,D6214840,D6214840,A2GYQ026SLG3,A2GYQ026SLG3,8M6CL,8M6CL,SMALL_PARTICLE,BEEP,2.0,2,D621484,D621484,D6214840,D6214840,2609.0,2609,class_changed,210,2026-09-04 07:28:19
8625166,2026-09-02 09:48:39,4935,D6214840,D6214840,A2GYQ043SLC5,A2GYQ043SLC5,8M6CL,8M6CL,SMALL_PARTICLE,BEEP,2.0,2,D621484,D621484,D6214840,D6214840,2609.0,2609,class_changed,210,2026-09-04 07:28:19
9245790,2026-09-02 17:12:34,101947,D6181530Q,D6181530Q,HP1SH187JKE3,HP1SH187JKE3,8M5CL,8M5CL,SMALL_PARTICLE,BEEP,0.0,0,D618153,D618153,D6181530Q,D6181530Q,2609.0,2609,class_changed,210,2026-09-04 07:28:19
9245790,2026-09-02 17:12:34,102907,D6181530Q,D6181530Q,HP1SH187JKE3,HP1SH187JKE3,8M5CL,8M5CL,SMALL_PARTICLE,BEEP,0.0,0,D618153,D618153,D6181530Q,D6181530Q,2609.0,2609,class_changed,210,2026-09-04 07:28:19
8507426,2026-09-02 12:33:19,1478,D6181530,,HP1SH180JKE1,,8M5CL,,BEEP,NVD_FALSE,0.0,0,D618153,,D6181530,,2609.0,,class_changed,210,2026-09-04 07:28:19
8550398,2026-09-03 02:22:16,39149,D6192700,,A2GNM027SLF5,,8M6CL,,SMALL_PARTICLE,SIZE_SMALL,0.0,0,D619270,,D6192700,,2609.0,,class_changed,210,2026-09-04 07:28:19
8625070,2026-09-02 09:48:39,27370,D6214840,,A2GYQ026SLG3,,8M6CL,,BEEP,SIZE_SMALL,37.0,37,D621484,,D6214840,,2609.0,,class_changed,210,2026-09-04 07:28:19
8625070,2026-09-02 09:48:39,27371,D6214840,,A2GYQ026SLG3,,8M6CL,,BEEP,SIZE_SMALL,37.0,37,D621484,,D6214840,,2609.0,,class_changed,210,2026-09-04 07:28:19
8625070,2026-09-02 09:48:39,7503,D6214840,,A2GYQ026SLG3,,8M6CL,,BEEP,NVD_FALSE,37.0,37,D621484,,D6214840,,2609.0,,class_changed,210,2026-09-04 07:28:19
8625072,2026-09-02 12:51:53,5337,D6214840,,A2GYQ044SLG7,,8M6CL,,BEEP,FALLEN_LINES,37.0,37,D621484,,D6214840,,2609.0,,class_changed,210,2026-09-04 07:28:19
8625166,2026-09-02 09:48:39,35436,D6214840,,A2GYQ043SLC5,,8M6CL,,BEEP,ROUNDMOUND_BEEP,37.0,37,D621484,,D6214840,,2609.0,,class_changed,210,2026-09-04 07:28:19
9245767,2026-09-02 17:12:34,8129,D6181530Q,,HP1SH184JKG3,,8M5CL,,SMALL_PARTICLE,MINI,0.0,0,D618153,,D6181530Q,,2609.0,,class_changed,210,2026-09-04 07:28:19
