SOURCE_LAYER,LOT,WAFER_ID,LAYER,INSPECT_TIME,METRIC_TYPE,COMPONENT,OLD_VALUE,NEW_VALUE,LONG_NCDD_BEEP,LONG_NCDD_SMP,LONG_EDI_BEEP,LONG_EDI_SMP,LOGGED_AT
M5,D6182390,HP4KF604JKF7,8M5CL,2026-07-28 08:53:35,NCDD,SMALL_PARTICLE,0.01128,0.010978,0.0,0.010978,0.0,1.876845,2026-08-19 10:06:27
M5,D6182390,HP4KF604JKF7,8M5CL,2026-07-28 08:53:35,EDI,SMALL_PARTICLE,2.000084,1.876845,0.0,0.010978,0.0,1.876845,2026-08-19 10:06:27
M5,D6204300,MCQJW722WAD7,8M5CL,2026-08-22 02:09:13,NCDD,BEEP,0.0,0.003584,0.003584,0.010751,0.897314,2.638335,2026-08-23 07:28:50
M5,D6214830,A2GUA152SLG1,8M5CL,2026-08-22 08:15:43,NCDD,BEEP,0.003758,0.0,0.0,0.007515,0.0,1.707019,2026-08-23 07:28:50
M5,D6182150,KJEYH222WFF0,8M5CL,2026-08-22 01:05:13,NCDD,SMALL_PARTICLE,0.0,0.003659,0.0,0.003659,0.0,0.846709,2026-08-23 07:28:50
M5,D6204300,MCQJW722WAD7,8M5CL,2026-08-22 02:09:13,NCDD,SMALL_PARTICLE,0.014334,0.010751,0.003584,0.010751,0.897314,2.638335,2026-08-23 07:28:50
M5,D6214830,A2GUA152SLG1,8M5CL,2026-08-22 08:15:43,NCDD,SMALL_PARTICLE,0.003758,0.007515,0.0,0.007515,0.0,1.707019,2026-08-23 07:28:50
M5,D6204300,MCQJW722WAD7,8M5CL,2026-08-22 02:09:13,EDI,BEEP,0.0,0.897314,0.003584,0.010751,0.897314,2.638335,2026-08-23 07:28:50
M5,D6214830,A2GUA152SLG1,8M5CL,2026-08-22 08:15:43,EDI,BEEP,2.560774,0.0,0.0,0.007515,0.0,1.707019,2026-08-23 07:28:50
M5,D6182150,KJEYH222WFF0,8M5CL,2026-08-22 01:05:13,EDI,SMALL_PARTICLE,0.0,0.846709,0.0,0.003659,0.0,0.846709,2026-08-23 07:28:50
M5,D6204300,MCQJW722WAD7,8M5CL,2026-08-22 02:09:13,EDI,SMALL_PARTICLE,2.888094,2.638335,0.003584,0.010751,0.897314,2.638335,2026-08-23 07:28:50
M5,D6214830,A2GUA152SLG1,8M5CL,2026-08-22 08:15:43,EDI,SMALL_PARTICLE,0.548155,1.707019,0.0,0.007515,0.0,1.707019,2026-08-23 07:28:50
M5,D6181980,A2GFE052SLA3,8M5CL,2026-08-23 11:04:28,NCDD,BEEP,0.007167,0.003584,0.003584,0.007167,1.119224,1.318909,2026-08-24 07:28:59
M5,D6182460,KJEYC014WFB4,8M5CL,2026-08-23 09:21:58,NCDD,BEEP,0.007319,0.0,0.0,0.003659,0.0,0.410425,2026-08-24 07:28:59
M5,D6182460,KJEYC036WFE2,8M5CL,2026-08-23 09:21:58,NCDD,BEEP,0.003659,0.0,0.0,0.005489,0.0,1.100693,2026-08-24 07:28:59
M5,D6182460,KJEYC039WFC2,8M5CL,2026-08-23 09:21:58,NCDD,BEEP,0.003692,0.0,0.0,0.0,0.0,0.0,2026-08-24 07:28:59
M5,D6182460,KJEYC014WFB4,8M5CL,2026-08-23 09:21:58,NCDD,SMALL_PARTICLE,0.0,0.003659,0.0,0.003659,0.0,0.410425,2026-08-24 07:28:59
M5,D6181980,A2GFE052SLA3,8M5CL,2026-08-23 11:04:28,EDI,BEEP,1.673387,1.119224,0.003584,0.007167,1.119224,1.318909,2026-08-24 07:28:59
M5,D6182460,KJEYC014WFB4,8M5CL,2026-08-23 09:21:58,EDI,BEEP,2.260308,0.0,0.0,0.003659,0.0,0.410425,2026-08-24 07:28:59
M5,D6182460,KJEYC036WFE2,8M5CL,2026-08-23 09:21:58,EDI,BEEP,1.240372,0.0,0.0,0.005489,0.0,1.100693,2026-08-24 07:28:59
M5,D6182460,KJEYC039WFC2,8M5CL,2026-08-23 09:21:58,EDI,BEEP,0.761689,0.0,0.0,0.0,0.0,0.0,2026-08-24 07:28:59
M5,D6182460,KJEYC014WFB4,8M5CL,2026-08-23 09:21:58,EDI,SMALL_PARTICLE,0.0,0.410425,0.0,0.003659,0.0,0.410425,2026-08-24 07:28:59
M6,D602107B,KJ7KQ348WFD2,8M6CL,2026-07-09 20:58:59,EDI,SMALL_PARTICLE,0.455756,0.450831,0.0,0.004819,0.0,0.450831,2026-08-25 07:28:52
M6,D6192940,KJFMJ529WFG1,8M6CL,2026-08-16 13:31:30,EDI,BEEP,2.578629,2.528532,0.010827,0.0,2.528532,0.0,2026-08-26 07:33:00
M5,D6171140,MCPPA038WAD5,8M5CL,2026-08-18 09:33:17,EDI,BEEP,7.430839,6.096882,0.014612,0.0,6.096882,0.0,2026-08-28 07:28:53
M5,D6171140Z,MCPPA076WAF6,8M5CL,2026-08-18 07:14:42,EDI,SMALL_PARTICLE,2.313787,2.220901,0.0,0.007923,0.0,2.220901,2026-08-28 07:28:53
M5,D6192480,MCQJT342WAA4,8M5CL,2026-08-18 02:29:27,EDI,SMALL_PARTICLE,0.619381,0.576438,0.0,0.003609,0.0,0.576438,2026-08-28 07:28:53
M5,D6192570,HP2FJ458JKA3,8M5CL,2026-08-19 09:14:12,EDI,BEEP,1.597556,1.498713,0.003889,0.0,1.498713,0.0,2026-08-29 07:31:36
M6,D6153420,A2BDY024SLC2,8M6CL,2026-08-19 09:24:59,EDI,SMALL_PARTICLE,0.438231,0.426351,0.0,0.003553,0.0,0.426351,2026-08-29 07:31:36
M5,D6158760,A2AFY006SLF7,8M5CL,2026-08-20 00:55:53,EDI,BEEP,1.066584,1.054724,0.003147,0.0,1.054724,0.0,2026-08-30 07:34:36
M6,D6181710S,HM8CM706JKG2,8M6CL,2026-08-20 05:10:29,EDI,BEEP,1.351414,1.315078,0.003584,0.003584,1.315078,0.453407,2026-08-30 07:34:36
M6,D6208640,A2HE8010SLE6,8M6CL,2026-08-20 11:36:32,EDI,BEEP,2.046381,2.025562,0.003489,0.024425,2.025562,3.850168,2026-08-30 07:34:36
M6,D6181710S,HM8CM706JKG2,8M6CL,2026-08-20 05:10:29,EDI,SMALL_PARTICLE,0.465937,0.453407,0.003584,0.003584,1.315078,0.453407,2026-08-30 07:34:36
M5,D6192690,A2FN6014SLA0,8M5CL,2026-08-20 08:42:48,EDI,SMALL_PARTICLE,0.740034,0.72444,0.0,0.003489,0.0,0.72444,2026-08-30 07:34:36
M6,D6208640,A2HE8010SLE6,8M6CL,2026-08-20 11:36:32,EDI,SMALL_PARTICLE,3.905876,3.850168,0.003489,0.024425,2.025562,3.850168,2026-08-30 07:34:36
M6,D6214830,A2GUA144SLC6,8M6CL,2026-08-23 21:52:09,NCDD,BEEP,0.0,0.003489,0.003489,0.0,1.333336,0.0,2026-09-02 07:29:20
M6,D6214830,A2GUA152SLG1,8M6CL,2026-08-23 21:52:09,NCDD,BEEP,0.020936,0.003489,0.003489,0.010468,0.923266,2.385906,2026-09-02 07:29:20
M6,D6214830,A2GUA152SLG1,8M6CL,2026-08-23 21:52:09,NCDD,SMALL_PARTICLE,0.017446,0.010468,0.003489,0.010468,0.923266,2.385906,2026-09-02 07:29:20
M5,D6182460,KJEYC014WFB4,8M5CL,2026-08-23 09:21:58,EDI,BEEP,2.654914,2.260308,0.007319,0.0,2.260308,0.0,2026-09-02 07:29:20
M6,D6214830,A2GUA144SLC6,8M6CL,2026-08-23 21:52:09,EDI,BEEP,0.0,1.333336,0.003489,0.0,1.333336,0.0,2026-09-02 07:29:20
M6,D6214830,A2GUA152SLG1,8M6CL,2026-08-23 21:52:09,EDI,BEEP,6.175416,0.923266,0.003489,0.010468,0.923266,2.385906,2026-09-02 07:29:20
M6,D6214830,A2GUA152SLG1,8M6CL,2026-08-23 21:52:09,EDI,SMALL_PARTICLE,3.269206,2.385906,0.003489,0.010468,0.923266,2.385906,2026-09-02 07:29:20
