benchmark_id,pair_key,split,source_pool,adjudicated_coarse_class,adjudicated_blocked_etch_evidence,bright_image_path,dark_image_path
BMK_0001,8425615_20260803_195852_10911,eval,non_beep_control,possible_beep,strong,\\orshfs.intel.com\ORAnalysis$\1276_MAODATA\Config\etch\AME\tbatson\Defects\BE\images\defects\AME403_PM3\260803_1800_D616465_064_SMP_8M6CL_10911_2.jpg,\\orshfs.intel.com\ORAnalysis$\1276_MAODATA\Config\etch\AME\tbatson\Defects\BE\images\defects\AME403_PM3\260803_1800_D616465_064_SMP_8M6CL_10911_3.jpg
BMK_0002,8425615_20260803_195852_11558,tune,non_beep_control,possible_beep,moderate,\\orshfs.intel.com\ORAnalysis$\1276_MAODATA\Config\etch\AME\tbatson\Defects\BE\images\defects\AME403_PM3\260803_1800_D616465_064_SMP_8M6CL_11558_2.jpg,\\orshfs.intel.com\ORAnalysis$\1276_MAODATA\Config\etch\AME\tbatson\Defects\BE\images\defects\AME403_PM3\260803_1800_D616465_064_SMP_8M6CL_11558_3.jpg
BMK_0003,8425491_20260803_195852_1541,tune,non_beep_control,particle,none,\\orshfs.intel.com\ORAnalysis$\1276_MAODATA\Config\etch\AME\tbatson\Defects\BE\images\defects\AME403_PM3\260803_1817_D616465_116_SMP_8M6CL_1541_2.jpg,\\orshfs.intel.com\ORAnalysis$\1276_MAODATA\Config\etch\AME\tbatson\Defects\BE\images\defects\AME403_PM3\260803_1817_D616465_116_SMP_8M6CL_1541_3.jpg
BMK_0004,8441579_20260803_191749_2172,eval,non_beep_control,possible_beep,moderate,\\orshfs.intel.com\ORAnalysis$\1276_MAODATA\Config\etch\AME\tbatson\Defects\BE\images\defects\AME401_PM1\260803_1754_D616533_204_SMP_8M6CL_2172_2.jpg,\\orshfs.intel.com\ORAnalysis$\1276_MAODATA\Config\etch\AME\tbatson\Defects\BE\images\defects\AME401_PM1\260803_1754_D616533_204_SMP_8M6CL_2172_3.jpg
BMK_0005,8441579_20260803_191749_3139,tune,non_beep_control,possible_beep,moderate,\\orshfs.intel.com\ORAnalysis$\1276_MAODATA\Config\etch\AME\tbatson\Defects\BE\images\defects\AME401_PM1\260803_1754_D616533_204_SMP_8M6CL_3139_2.jpg,\\orshfs.intel.com\ORAnalysis$\1276_MAODATA\Config\etch\AME\tbatson\Defects\BE\images\defects\AME401_PM1\260803_1754_D616533_204_SMP_8M6CL_3139_3.jpg
BMK_0006,8441579_20260803_191749_68,tune,non_beep_control,particle,none,\\orshfs.intel.com\ORAnalysis$\1276_MAODATA\Config\etch\AME\tbatson\Defects\BE\images\defects\AME401_PM1\260803_1754_D616533_204_SMP_8M6CL_68_2.jpg,\\orshfs.intel.com\ORAnalysis$\1276_MAODATA\Config\etch\AME\tbatson\Defects\BE\images\defects\AME401_PM1\260803_1754_D616533_204_SMP_8M6CL_68_3.jpg
BMK_0007,8441579_20260803_191749_762,tune,factory_beep,indeterminate,none,\\orshfs.intel.com\ORAnalysis$\1276_MAODATA\Config\etch\AME\tbatson\Defects\BE\images\defects\AME401_PM1\260803_1754_D616533_204_BEEP_8M6CL_762_2.jpg,\\orshfs.intel.com\ORAnalysis$\1276_MAODATA\Config\etch\AME\tbatson\Defects\BE\images\defects\AME401_PM1\260803_1754_D616533_204_BEEP_8M6CL_762_3.jpg
BMK_0008,8385545_20260803_154507_851,eval,non_beep_control,particle,weak,\\orshfs.intel.com\ORAnalysis$\1276_MAODATA\Config\etch\AME\tbatson\Defects\BE\images\defects\AME421_PM6\260803_1434_D615293_015_SMP_8M5CL_851_2.jpg,\\orshfs.intel.com\ORAnalysis$\1276_MAODATA\Config\etch\AME\tbatson\Defects\BE\images\defects\AME421_PM6\260803_1434_D615293_015_SMP_8M5CL_851_3.jpg
BMK_0009,8438048_20260803_135628_3110,tune,non_beep_control,possible_beep,strong,\\orshfs.intel.com\ORAnalysis$\1276_MAODATA\Config\etch\AME\tbatson\Defects\BE\images\defects\AME417_PM5\260802_1913_D616521_130_SMP_8M5CL_3110_2.jpg,\\orshfs.intel.com\ORAnalysis$\1276_MAODATA\Config\etch\AME\tbatson\Defects\BE\images\defects\AME417_PM5\260802_1913_D616521_130_SMP_8M5CL_3110_3.jpg
BMK_0010,8438048_20260803_135628_3316,tune,non_beep_control,particle,weak,\\orshfs.intel.com\ORAnalysis$\1276_MAODATA\Config\etch\AME\tbatson\Defects\BE\images\defects\AME417_PM5\260802_1913_D616521_130_SMP_8M5CL_3316_2.jpg,\\orshfs.intel.com\ORAnalysis$\1276_MAODATA\Config\etch\AME\tbatson\Defects\BE\images\defects\AME417_PM5\260802_1913_D616521_130_SMP_8M5CL_3316_3.jpg
BMK_0011,8438003_20260803_135628_1055,eval,non_beep_control,particle,none,\\orshfs.intel.com\ORAnalysis$\1276_MAODATA\Config\etch\AME\tbatson\Defects\BE\images\defects\AME417_PM6\260802_1843_D616521_127_SMP_8M5CL_1055_2.jpg,\\orshfs.intel.com\ORAnalysis$\1276_MAODATA\Config\etch\AME\tbatson\Defects\BE\images\defects\AME417_PM6\260802_1843_D616521_127_SMP_8M5CL_1055_3.jpg
BMK_0012,8438003_20260803_135628_1890,tune,factory_beep,possible_beep,strong,\\orshfs.intel.com\ORAnalysis$\1276_MAODATA\Config\etch\AME\tbatson\Defects\BE\images\defects\AME417_PM6\260802_1843_D616521_127_BEEP_8M5CL_1890_2.jpg,\\orshfs.intel.com\ORAnalysis$\1276_MAODATA\Config\etch\AME\tbatson\Defects\BE\images\defects\AME417_PM6\260802_1843_D616521_127_BEEP_8M5CL_1890_3.jpg
BMK_0013,8499884_20260803_081809_83572,tune,non_beep_control,particle,weak,\\orshfs.intel.com\ORAnalysis$\1276_MAODATA\Config\etch\AME\tbatson\Defects\BE\images\defects\AME409_PM3\260803_0736_D617123_020_SMP_8M5CL_83572_2.jpg,\\orshfs.intel.com\ORAnalysis$\1276_MAODATA\Config\etch\AME\tbatson\Defects\BE\images\defects\AME409_PM3\260803_0736_D617123_020_SMP_8M5CL_83572_3.jpg
BMK_0014,8438060_20260802_204046_51,tune,ambiguous,possible_beep,strong,\\orshfs.intel.com\ORAnalysis$\1276_MAODATA\Config\etch\AME\tbatson\Defects\BE\images\defects\AME417_PM6\260802_1858_D616521_131_BEEP_8M5CL_51_2.jpg,\\orshfs.intel.com\ORAnalysis$\1276_MAODATA\Config\etch\AME\tbatson\Defects\BE\images\defects\AME417_PM6\260802_1858_D616521_131_BEEP_8M5CL_51_3.jpg
BMK_0015,8499991_20260802_183608_185869,eval,factory_beep,possible_beep,strong,\\orshfs.intel.com\ORAnalysis$\1276_MAODATA\Config\etch\AME\tbatson\Defects\BE\images\defects\AME411_PM2\260802_1604_D617124_589_BEEP_8M5CL_185869_2.jpg,\\orshfs.intel.com\ORAnalysis$\1276_MAODATA\Config\etch\AME\tbatson\Defects\BE\images\defects\AME411_PM2\260802_1604_D617124_589_BEEP_8M5CL_185869_3.jpg
BMK_0016,8499991_20260802_183608_188416,tune,factory_beep,possible_beep,moderate,\\orshfs.intel.com\ORAnalysis$\1276_MAODATA\Config\etch\AME\tbatson\Defects\BE\images\defects\AME411_PM2\260802_1604_D617124_589_BEEP_8M5CL_188416_2.jpg,\\orshfs.intel.com\ORAnalysis$\1276_MAODATA\Config\etch\AME\tbatson\Defects\BE\images\defects\AME411_PM2\260802_1604_D617124_589_BEEP_8M5CL_188416_3.jpg
BMK_0017,8499100_20260802_180956_175949,tune,factory_beep,possible_beep,strong,\\orshfs.intel.com\ORAnalysis$\1276_MAODATA\Config\etch\AME\tbatson\Defects\BE\images\defects\AME409_PM6\260802_1654_D617122_541_BEEP_8M5CL_175949_2.jpg,\\orshfs.intel.com\ORAnalysis$\1276_MAODATA\Config\etch\AME\tbatson\Defects\BE\images\defects\AME409_PM6\260802_1654_D617122_541_BEEP_8M5CL_175949_3.jpg
BMK_0018,8499053_20260802_180956_28432,tune,factory_beep,possible_beep,strong,\\orshfs.intel.com\ORAnalysis$\1276_MAODATA\Config\etch\AME\tbatson\Defects\BE\images\defects\AME409_PM6\260802_1658_D617122_540_BEEP_8M5CL_28432_2.jpg,\\orshfs.intel.com\ORAnalysis$\1276_MAODATA\Config\etch\AME\tbatson\Defects\BE\images\defects\AME409_PM6\260802_1658_D617122_540_BEEP_8M5CL_28432_3.jpg
BMK_0019,8499053_20260802_180956_56890,eval,factory_beep,possible_beep,strong,\\orshfs.intel.com\ORAnalysis$\1276_MAODATA\Config\etch\AME\tbatson\Defects\BE\images\defects\AME409_PM6\260802_1658_D617122_540_BEEP_8M5CL_56890_2.jpg,\\orshfs.intel.com\ORAnalysis$\1276_MAODATA\Config\etch\AME\tbatson\Defects\BE\images\defects\AME409_PM6\260802_1658_D617122_540_BEEP_8M5CL_56890_3.jpg
BMK_0020,8553214_20260802_142534_1150,eval,non_beep_control,particle,moderate,\\orshfs.intel.com\ORAnalysis$\1276_MAODATA\Config\etch\AME\tbatson\Defects\BE\images\defects\AME421_PM3\260802_1256_D619289_829_SMP_8M5CL_1150_2.jpg,\\orshfs.intel.com\ORAnalysis$\1276_MAODATA\Config\etch\AME\tbatson\Defects\BE\images\defects\AME421_PM3\260802_1256_D619289_829_SMP_8M5CL_1150_3.jpg
BMK_0021,8553214_20260802_142534_1163,tune,non_beep_control,possible_beep,strong,\\orshfs.intel.com\ORAnalysis$\1276_MAODATA\Config\etch\AME\tbatson\Defects\BE\images\defects\AME421_PM3\260802_1256_D619289_829_SMP_8M5CL_1163_2.jpg,\\orshfs.intel.com\ORAnalysis$\1276_MAODATA\Config\etch\AME\tbatson\Defects\BE\images\defects\AME421_PM3\260802_1256_D619289_829_SMP_8M5CL_1163_3.jpg
BMK_0022,8553200_20260802_142534_361,tune,non_beep_control,particle,weak,\\orshfs.intel.com\ORAnalysis$\1276_MAODATA\Config\etch\AME\tbatson\Defects\BE\images\defects\AME421_PM3\260802_1234_D619289_844_SMP_8M5CL_361_2.jpg,\\orshfs.intel.com\ORAnalysis$\1276_MAODATA\Config\etch\AME\tbatson\Defects\BE\images\defects\AME421_PM3\260802_1234_D619289_844_SMP_8M5CL_361_3.jpg
BMK_0023,8553271_20260802_142534_2056,tune,non_beep_control,particle,none,\\orshfs.intel.com\ORAnalysis$\1276_MAODATA\Config\etch\AME\tbatson\Defects\BE\images\defects\AME421_PM4\260802_1234_D619289_825_SMP_8M5CL_2056_2.jpg,\\orshfs.intel.com\ORAnalysis$\1276_MAODATA\Config\etch\AME\tbatson\Defects\BE\images\defects\AME421_PM4\260802_1234_D619289_825_SMP_8M5CL_2056_3.jpg
BMK_0024,8553271_20260802_142534_5399,eval,non_beep_control,particle,none,\\orshfs.intel.com\ORAnalysis$\1276_MAODATA\Config\etch\AME\tbatson\Defects\BE\images\defects\AME421_PM4\260802_1234_D619289_825_SMP_8M5CL_5399_2.jpg,\\orshfs.intel.com\ORAnalysis$\1276_MAODATA\Config\etch\AME\tbatson\Defects\BE\images\defects\AME421_PM4\260802_1234_D619289_825_SMP_8M5CL_5399_3.jpg
BMK_0025,8553195_20260802_142534_6870,tune,non_beep_control,particle,none,\\orshfs.intel.com\ORAnalysis$\1276_MAODATA\Config\etch\AME\tbatson\Defects\BE\images\defects\AME421_PM4\260802_1245_D619289_925_SMP_8M5CL_6870_2.jpg,\\orshfs.intel.com\ORAnalysis$\1276_MAODATA\Config\etch\AME\tbatson\Defects\BE\images\defects\AME421_PM4\260802_1245_D619289_925_SMP_8M5CL_6870_3.jpg
BMK_0026,8553195_20260802_142534_7191,tune,non_beep_control,particle,none,\\orshfs.intel.com\ORAnalysis$\1276_MAODATA\Config\etch\AME\tbatson\Defects\BE\images\defects\AME421_PM4\260802_1245_D619289_925_SMP_8M5CL_7191_2.jpg,\\orshfs.intel.com\ORAnalysis$\1276_MAODATA\Config\etch\AME\tbatson\Defects\BE\images\defects\AME421_PM4\260802_1245_D619289_925_SMP_8M5CL_7191_3.jpg
BMK_0027,8425706_20260801_130647_217017,tune,non_beep_control,possible_beep,strong,\\orshfs.intel.com\ORAnalysis$\1276_MAODATA\Config\etch\AME\tbatson\Defects\BE\images\defects\AME421_PM2\260801_1057_D616469_178_SMP_8M5CL_217017_2.jpg,\\orshfs.intel.com\ORAnalysis$\1276_MAODATA\Config\etch\AME\tbatson\Defects\BE\images\defects\AME421_PM2\260801_1057_D616469_178_SMP_8M5CL_217017_3.jpg
BMK_0028,8487519_20260801_070614_38,tune,non_beep_control,particle,none,\\orshfs.intel.com\ORAnalysis$\1276_MAODATA\Config\etch\AME\tbatson\Defects\BE\images\defects\AME411_PM1\260801_0610_D617643_053_SMP_8M6CL_38_2.jpg,\\orshfs.intel.com\ORAnalysis$\1276_MAODATA\Config\etch\AME\tbatson\Defects\BE\images\defects\AME411_PM1\260801_0610_D617643_053_SMP_8M6CL_38_3.jpg
BMK_0029,8533506_20260801_070213_1032,tune,factory_beep,possible_beep,strong,\\orshfs.intel.com\ORAnalysis$\1276_MAODATA\Config\etch\AME\tbatson\Defects\BE\images\defects\AME417_PM2\260801_0609_D618239_604_BEEP_8M6CL_1032_2.jpg,\\orshfs.intel.com\ORAnalysis$\1276_MAODATA\Config\etch\AME\tbatson\Defects\BE\images\defects\AME417_PM2\260801_0609_D618239_604_BEEP_8M6CL_1032_3.jpg
BMK_0030,8340151_20260731_090501_25787,tune,non_beep_control,particle,none,\\orshfs.intel.com\ORAnalysis$\1276_MAODATA\Config\etch\AME\tbatson\Defects\BE\images\defects\AME419_PM4\260731_0710_D614176_028_SMP_8M6CL_25787_2.jpg,\\orshfs.intel.com\ORAnalysis$\1276_MAODATA\Config\etch\AME\tbatson\Defects\BE\images\defects\AME419_PM4\260731_0710_D614176_028_SMP_8M6CL_25787_3.jpg
BMK_0031,8487295_20260730_171229_481,tune,factory_beep,possible_beep,strong,\\orshfs.intel.com\ORAnalysis$\1276_MAODATA\Config\etch\AME\tbatson\Defects\BE\images\defects\AME409_PM2\260730_1636_D617642_538_BEEP_8M6CL_481_2.jpg,\\orshfs.intel.com\ORAnalysis$\1276_MAODATA\Config\etch\AME\tbatson\Defects\BE\images\defects\AME409_PM2\260730_1636_D617642_538_BEEP_8M6CL_481_3.jpg
BMK_0032,8438447_20260730_070336_4,tune,non_beep_control,particle,none,\\orshfs.intel.com\ORAnalysis$\1276_MAODATA\Config\etch\AME\tbatson\Defects\BE\images\defects\AME423_PM4\260730_0511_D616511_022_SMP_8M6CL_4_2.jpg,\\orshfs.intel.com\ORAnalysis$\1276_MAODATA\Config\etch\AME\tbatson\Defects\BE\images\defects\AME423_PM4\260730_0511_D616511_022_SMP_8M6CL_4_3.jpg
BMK_0033,8487510_20260730_044926_409,tune,non_beep_control,particle,none,\\orshfs.intel.com\ORAnalysis$\1276_MAODATA\Config\etch\AME\tbatson\Defects\BE\images\defects\AME421_PM6\260730_0355_D617643_052_SMP_8M5CL_409_2.jpg,\\orshfs.intel.com\ORAnalysis$\1276_MAODATA\Config\etch\AME\tbatson\Defects\BE\images\defects\AME421_PM6\260730_0355_D617643_052_SMP_8M5CL_409_3.jpg
BMK_0034,8487510_20260730_044926_657,tune,non_beep_control,particle,none,\\orshfs.intel.com\ORAnalysis$\1276_MAODATA\Config\etch\AME\tbatson\Defects\BE\images\defects\AME421_PM6\260730_0355_D617643_052_SMP_8M5CL_657_2.jpg,\\orshfs.intel.com\ORAnalysis$\1276_MAODATA\Config\etch\AME\tbatson\Defects\BE\images\defects\AME421_PM6\260730_0355_D617643_052_SMP_8M5CL_657_3.jpg
BMK_0035,8438931_20260730_015956_12,tune,factory_beep,possible_beep,strong,\\orshfs.intel.com\ORAnalysis$\1276_MAODATA\Config\etch\AME\tbatson\Defects\BE\images\defects\AME403_PM3\260728_2021_D616520_630_BEEP_8M6CL_12_2.jpg,\\orshfs.intel.com\ORAnalysis$\1276_MAODATA\Config\etch\AME\tbatson\Defects\BE\images\defects\AME403_PM3\260728_2021_D616520_630_BEEP_8M6CL_12_3.jpg
BMK_0036,8438931_20260730_015956_20,tune,non_beep_control,particle,none,\\orshfs.intel.com\ORAnalysis$\1276_MAODATA\Config\etch\AME\tbatson\Defects\BE\images\defects\AME403_PM3\260728_2021_D616520_630_SMP_8M6CL_20_2.jpg,\\orshfs.intel.com\ORAnalysis$\1276_MAODATA\Config\etch\AME\tbatson\Defects\BE\images\defects\AME403_PM3\260728_2021_D616520_630_SMP_8M6CL_20_3.jpg
BMK_0037,8340083_20260729_213110_22425,eval,non_beep_control,particle,moderate,\\orshfs.intel.com\ORAnalysis$\1276_MAODATA\Config\etch\AME\tbatson\Defects\BE\images\defects\AME411_PM1\260729_1956_D614176_029_SMP_8M5CL_22425_2.jpg,\\orshfs.intel.com\ORAnalysis$\1276_MAODATA\Config\etch\AME\tbatson\Defects\BE\images\defects\AME411_PM1\260729_1956_D614176_029_SMP_8M5CL_22425_3.jpg
BMK_0038,8340083_20260729_213110_37681,tune,non_beep_control,particle,none,\\orshfs.intel.com\ORAnalysis$\1276_MAODATA\Config\etch\AME\tbatson\Defects\BE\images\defects\AME411_PM1\260729_1956_D614176_029_SMP_8M5CL_37681_2.jpg,\\orshfs.intel.com\ORAnalysis$\1276_MAODATA\Config\etch\AME\tbatson\Defects\BE\images\defects\AME411_PM1\260729_1956_D614176_029_SMP_8M5CL_37681_3.jpg
BMK_0039,8483435_20260729_053259_4387,eval,factory_beep,possible_beep,strong,\\orshfs.intel.com\ORAnalysis$\1276_MAODATA\Config\etch\AME\tbatson\Defects\BE\images\defects\AME421_PM4\260728_2329_D617626_375_BEEP_8M5CL_4387_2.jpg,\\orshfs.intel.com\ORAnalysis$\1276_MAODATA\Config\etch\AME\tbatson\Defects\BE\images\defects\AME421_PM4\260728_2329_D617626_375_BEEP_8M5CL_4387_3.jpg
BMK_0040,8487295_20260729_001115_1002,tune,non_beep_control,particle,none,\\orshfs.intel.com\ORAnalysis$\1276_MAODATA\Config\etch\AME\tbatson\Defects\BE\images\defects\AME403_PM3\260728_2313_D617642_538_SMP_8M5CL_1002_2.jpg,\\orshfs.intel.com\ORAnalysis$\1276_MAODATA\Config\etch\AME\tbatson\Defects\BE\images\defects\AME403_PM3\260728_2313_D617642_538_SMP_8M5CL_1002_3.jpg
BMK_0041,8487295_20260729_001115_1009,tune,non_beep_control,particle,weak,\\orshfs.intel.com\ORAnalysis$\1276_MAODATA\Config\etch\AME\tbatson\Defects\BE\images\defects\AME403_PM3\260728_2313_D617642_538_SMP_8M5CL_1009_2.jpg,\\orshfs.intel.com\ORAnalysis$\1276_MAODATA\Config\etch\AME\tbatson\Defects\BE\images\defects\AME403_PM3\260728_2313_D617642_538_SMP_8M5CL_1009_3.jpg
BMK_0042,8487295_20260729_001115_1020,eval,non_beep_control,possible_beep,moderate,\\orshfs.intel.com\ORAnalysis$\1276_MAODATA\Config\etch\AME\tbatson\Defects\BE\images\defects\AME403_PM3\260728_2313_D617642_538_SMP_8M5CL_1020_2.jpg,\\orshfs.intel.com\ORAnalysis$\1276_MAODATA\Config\etch\AME\tbatson\Defects\BE\images\defects\AME403_PM3\260728_2313_D617642_538_SMP_8M5CL_1020_3.jpg
BMK_0043,8487295_20260729_001115_1063,tune,non_beep_control,particle,none,\\orshfs.intel.com\ORAnalysis$\1276_MAODATA\Config\etch\AME\tbatson\Defects\BE\images\defects\AME403_PM3\260728_2313_D617642_538_SMP_8M5CL_1063_2.jpg,\\orshfs.intel.com\ORAnalysis$\1276_MAODATA\Config\etch\AME\tbatson\Defects\BE\images\defects\AME403_PM3\260728_2313_D617642_538_SMP_8M5CL_1063_3.jpg
BMK_0044,8487295_20260729_001115_1074,tune,non_beep_control,particle,none,\\orshfs.intel.com\ORAnalysis$\1276_MAODATA\Config\etch\AME\tbatson\Defects\BE\images\defects\AME403_PM3\260728_2313_D617642_538_SMP_8M5CL_1074_2.jpg,\\orshfs.intel.com\ORAnalysis$\1276_MAODATA\Config\etch\AME\tbatson\Defects\BE\images\defects\AME403_PM3\260728_2313_D617642_538_SMP_8M5CL_1074_3.jpg
BMK_0045,8487295_20260729_001115_989,tune,non_beep_control,possible_beep,moderate,\\orshfs.intel.com\ORAnalysis$\1276_MAODATA\Config\etch\AME\tbatson\Defects\BE\images\defects\AME403_PM3\260728_2313_D617642_538_SMP_8M5CL_989_2.jpg,\\orshfs.intel.com\ORAnalysis$\1276_MAODATA\Config\etch\AME\tbatson\Defects\BE\images\defects\AME403_PM3\260728_2313_D617642_538_SMP_8M5CL_989_3.jpg
BMK_0046,8487295_20260729_001115_990,eval,non_beep_control,particle,none,\\orshfs.intel.com\ORAnalysis$\1276_MAODATA\Config\etch\AME\tbatson\Defects\BE\images\defects\AME403_PM3\260728_2313_D617642_538_SMP_8M5CL_990_2.jpg,\\orshfs.intel.com\ORAnalysis$\1276_MAODATA\Config\etch\AME\tbatson\Defects\BE\images\defects\AME403_PM3\260728_2313_D617642_538_SMP_8M5CL_990_3.jpg
BMK_0047,8487295_20260729_001115_992,eval,non_beep_control,particle,none,\\orshfs.intel.com\ORAnalysis$\1276_MAODATA\Config\etch\AME\tbatson\Defects\BE\images\defects\AME403_PM3\260728_2313_D617642_538_SMP_8M5CL_992_2.jpg,\\orshfs.intel.com\ORAnalysis$\1276_MAODATA\Config\etch\AME\tbatson\Defects\BE\images\defects\AME403_PM3\260728_2313_D617642_538_SMP_8M5CL_992_3.jpg
BMK_0048,8487295_20260729_001115_993,eval,non_beep_control,particle,none,\\orshfs.intel.com\ORAnalysis$\1276_MAODATA\Config\etch\AME\tbatson\Defects\BE\images\defects\AME403_PM3\260728_2313_D617642_538_SMP_8M5CL_993_2.jpg,\\orshfs.intel.com\ORAnalysis$\1276_MAODATA\Config\etch\AME\tbatson\Defects\BE\images\defects\AME403_PM3\260728_2313_D617642_538_SMP_8M5CL_993_3.jpg
BMK_0049,8487295_20260729_001115_997,tune,non_beep_control,particle,weak,\\orshfs.intel.com\ORAnalysis$\1276_MAODATA\Config\etch\AME\tbatson\Defects\BE\images\defects\AME403_PM3\260728_2313_D617642_538_SMP_8M5CL_997_2.jpg,\\orshfs.intel.com\ORAnalysis$\1276_MAODATA\Config\etch\AME\tbatson\Defects\BE\images\defects\AME403_PM3\260728_2313_D617642_538_SMP_8M5CL_997_3.jpg
BMK_0050,8487115_20260729_001115_916,tune,factory_beep,possible_beep,strong,\\orshfs.intel.com\ORAnalysis$\1276_MAODATA\Config\etch\AME\tbatson\Defects\BE\images\defects\AME403_PM4\260728_2212_D617642_539_BEEP_8M5CL_916_2.jpg,\\orshfs.intel.com\ORAnalysis$\1276_MAODATA\Config\etch\AME\tbatson\Defects\BE\images\defects\AME403_PM4\260728_2212_D617642_539_BEEP_8M5CL_916_3.jpg
BMK_0051,8421180_20260728_183740_249746,tune,factory_beep,possible_beep,strong,\\orshfs.intel.com\ORAnalysis$\1276_MAODATA\Config\etch\AME\tbatson\Defects\BE\images\defects\AME421_PM6\260728_1725_D615977_177_BEEP_8M5CL_249746_2.jpg,\\orshfs.intel.com\ORAnalysis$\1276_MAODATA\Config\etch\AME\tbatson\Defects\BE\images\defects\AME421_PM6\260728_1725_D615977_177_BEEP_8M5CL_249746_3.jpg
BMK_0052,9019170_20260728_133639_150,eval,factory_beep,possible_beep,strong,\\orshfs.intel.com\ORAnalysis$\1276_MAODATA\Config\etch\AME\tbatson\Defects\BE\images\defects\AME421_PM6\260728_1215_D616507_305_BEEP_8M6CL_150_2.jpg,\\orshfs.intel.com\ORAnalysis$\1276_MAODATA\Config\etch\AME\tbatson\Defects\BE\images\defects\AME421_PM6\260728_1215_D616507_305_BEEP_8M6CL_150_3.jpg
BMK_0053,9019170_20260728_133639_253,tune,factory_beep,possible_beep,strong,\\orshfs.intel.com\ORAnalysis$\1276_MAODATA\Config\etch\AME\tbatson\Defects\BE\images\defects\AME421_PM6\260728_1215_D616507_305_BEEP_8M6CL_253_2.jpg,\\orshfs.intel.com\ORAnalysis$\1276_MAODATA\Config\etch\AME\tbatson\Defects\BE\images\defects\AME421_PM6\260728_1215_D616507_305_BEEP_8M6CL_253_3.jpg
BMK_0054,9019170_20260728_133639_260,tune,factory_beep,possible_beep,strong,\\orshfs.intel.com\ORAnalysis$\1276_MAODATA\Config\etch\AME\tbatson\Defects\BE\images\defects\AME421_PM6\260728_1215_D616507_305_BEEP_8M6CL_260_2.jpg,\\orshfs.intel.com\ORAnalysis$\1276_MAODATA\Config\etch\AME\tbatson\Defects\BE\images\defects\AME421_PM6\260728_1215_D616507_305_BEEP_8M6CL_260_3.jpg
BMK_0055,9019173_20260728_133639_443,tune,non_beep_control,possible_beep,strong,\\orshfs.intel.com\ORAnalysis$\1276_MAODATA\Config\etch\AME\tbatson\Defects\BE\images\defects\AME421_PM6\260728_1227_D616507_307_SMP_8M6CL_443_2.jpg,\\orshfs.intel.com\ORAnalysis$\1276_MAODATA\Config\etch\AME\tbatson\Defects\BE\images\defects\AME421_PM6\260728_1227_D616507_307_SMP_8M6CL_443_3.jpg
BMK_0056,9019192_20260728_133639_53,eval,factory_beep,possible_beep,strong,\\orshfs.intel.com\ORAnalysis$\1276_MAODATA\Config\etch\AME\tbatson\Defects\BE\images\defects\AME421_PM6\260728_1224_D616507_308_BEEP_8M6CL_53_2.jpg,\\orshfs.intel.com\ORAnalysis$\1276_MAODATA\Config\etch\AME\tbatson\Defects\BE\images\defects\AME421_PM6\260728_1224_D616507_308_BEEP_8M6CL_53_3.jpg
BMK_0057,8441247_20260728_102935_264,tune,factory_beep,possible_beep,strong,\\orshfs.intel.com\ORAnalysis$\1276_MAODATA\Config\etch\AME\tbatson\Defects\BE\images\defects\AME403_PM3\260728_0842_D616530_036_BEEP_8M5CL_264_2.jpg,\\orshfs.intel.com\ORAnalysis$\1276_MAODATA\Config\etch\AME\tbatson\Defects\BE\images\defects\AME403_PM3\260728_0842_D616530_036_BEEP_8M5CL_264_3.jpg
BMK_0058,8441235_20260728_102935_3107,tune,factory_beep,possible_beep,strong,\\orshfs.intel.com\ORAnalysis$\1276_MAODATA\Config\etch\AME\tbatson\Defects\BE\images\defects\AME403_PM3\260728_0900_D616530_035_BEEP_8M5CL_3107_2.jpg,\\orshfs.intel.com\ORAnalysis$\1276_MAODATA\Config\etch\AME\tbatson\Defects\BE\images\defects\AME403_PM3\260728_0900_D616530_035_BEEP_8M5CL_3107_3.jpg
BMK_0059,8533506_20260728_085335_13968,eval,non_beep_control,particle,none,\\orshfs.intel.com\ORAnalysis$\1276_MAODATA\Config\etch\AME\tbatson\Defects\BE\images\defects\AME425_PM2\260728_0728_D618239_604_SMP_8M5CL_13968_2.jpg,\\orshfs.intel.com\ORAnalysis$\1276_MAODATA\Config\etch\AME\tbatson\Defects\BE\images\defects\AME425_PM2\260728_0728_D618239_604_SMP_8M5CL_13968_3.jpg
BMK_0060,8533506_20260728_085335_14662,tune,non_beep_control,particle,none,\\orshfs.intel.com\ORAnalysis$\1276_MAODATA\Config\etch\AME\tbatson\Defects\BE\images\defects\AME425_PM2\260728_0728_D618239_604_SMP_8M5CL_14662_2.jpg,\\orshfs.intel.com\ORAnalysis$\1276_MAODATA\Config\etch\AME\tbatson\Defects\BE\images\defects\AME425_PM2\260728_0728_D618239_604_SMP_8M5CL_14662_3.jpg
BMK_0061,8533506_20260728_085335_16693,tune,non_beep_control,particle,none,\\orshfs.intel.com\ORAnalysis$\1276_MAODATA\Config\etch\AME\tbatson\Defects\BE\images\defects\AME425_PM2\260728_0728_D618239_604_SMP_8M5CL_16693_2.jpg,\\orshfs.intel.com\ORAnalysis$\1276_MAODATA\Config\etch\AME\tbatson\Defects\BE\images\defects\AME425_PM2\260728_0728_D618239_604_SMP_8M5CL_16693_3.jpg
BMK_0062,9035602_20260728_061324_9037,tune,factory_beep,possible_beep,strong,\\orshfs.intel.com\ORAnalysis$\1276_MAODATA\Config\etch\AME\tbatson\Defects\BE\images\defects\AME411_PM2\260728_0425_D602107_562_BEEP_8M5CL_9037_2.jpg,\\orshfs.intel.com\ORAnalysis$\1276_MAODATA\Config\etch\AME\tbatson\Defects\BE\images\defects\AME411_PM2\260728_0425_D602107_562_BEEP_8M5CL_9037_3.jpg
BMK_0063,8425175_20260728_041148_48353,tune,non_beep_control,possible_beep,strong,\\orshfs.intel.com\ORAnalysis$\1276_MAODATA\Config\etch\AME\tbatson\Defects\BE\images\defects\AME403_PM3\260728_0330_D616470_019_SMP_8M6CL_48353_2.jpg,\\orshfs.intel.com\ORAnalysis$\1276_MAODATA\Config\etch\AME\tbatson\Defects\BE\images\defects\AME403_PM3\260728_0330_D616470_019_SMP_8M6CL_48353_3.jpg
BMK_0064,8425175_20260728_041148_99528,tune,non_beep_control,possible_beep,moderate,\\orshfs.intel.com\ORAnalysis$\1276_MAODATA\Config\etch\AME\tbatson\Defects\BE\images\defects\AME403_PM3\260728_0330_D616470_019_SMP_8M6CL_99528_2.jpg,\\orshfs.intel.com\ORAnalysis$\1276_MAODATA\Config\etch\AME\tbatson\Defects\BE\images\defects\AME403_PM3\260728_0330_D616470_019_SMP_8M6CL_99528_3.jpg
BMK_0065,8524357_20260728_035017_64,eval,non_beep_control,possible_beep,moderate,\\orshfs.intel.com\ORAnalysis$\1276_MAODATA\Config\etch\AME\tbatson\Defects\BE\images\defects\AME421_PM2\260728_0233_D618205_005_SMP_8M6CL_64_2.jpg,\\orshfs.intel.com\ORAnalysis$\1276_MAODATA\Config\etch\AME\tbatson\Defects\BE\images\defects\AME421_PM2\260728_0233_D618205_005_SMP_8M6CL_64_3.jpg
BMK_0066,8434596_20260727_182735_58,tune,factory_beep,possible_beep,strong,\\orshfs.intel.com\ORAnalysis$\1276_MAODATA\Config\etch\AME\tbatson\Defects\BE\images\defects\AME425_PM5\260727_1743_D616507_315_BEEP_8M6CL_58_2.jpg,\\orshfs.intel.com\ORAnalysis$\1276_MAODATA\Config\etch\AME\tbatson\Defects\BE\images\defects\AME425_PM5\260727_1743_D616507_315_BEEP_8M6CL_58_3.jpg
BMK_0067,8434596_20260727_182735_62,eval,factory_beep,possible_beep,strong,\\orshfs.intel.com\ORAnalysis$\1276_MAODATA\Config\etch\AME\tbatson\Defects\BE\images\defects\AME425_PM5\260727_1743_D616507_315_BEEP_8M6CL_62_2.jpg,\\orshfs.intel.com\ORAnalysis$\1276_MAODATA\Config\etch\AME\tbatson\Defects\BE\images\defects\AME425_PM5\260727_1743_D616507_315_BEEP_8M6CL_62_3.jpg
BMK_0068,8434659_20260727_182735_67,tune,non_beep_control,particle,none,\\orshfs.intel.com\ORAnalysis$\1276_MAODATA\Config\etch\AME\tbatson\Defects\BE\images\defects\AME425_PM5\260727_1732_D616507_303_SMP_8M6CL_67_2.jpg,\\orshfs.intel.com\ORAnalysis$\1276_MAODATA\Config\etch\AME\tbatson\Defects\BE\images\defects\AME425_PM5\260727_1732_D616507_303_SMP_8M6CL_67_3.jpg
BMK_0069,8434659_20260727_182735_75,eval,non_beep_control,particle,weak,\\orshfs.intel.com\ORAnalysis$\1276_MAODATA\Config\etch\AME\tbatson\Defects\BE\images\defects\AME425_PM5\260727_1732_D616507_303_SMP_8M6CL_75_2.jpg,\\orshfs.intel.com\ORAnalysis$\1276_MAODATA\Config\etch\AME\tbatson\Defects\BE\images\defects\AME425_PM5\260727_1732_D616507_303_SMP_8M6CL_75_3.jpg
BMK_0070,8434678_20260727_182735_195,tune,non_beep_control,particle,weak,\\orshfs.intel.com\ORAnalysis$\1276_MAODATA\Config\etch\AME\tbatson\Defects\BE\images\defects\AME425_PM6\260727_1743_D616507_313_SMP_8M6CL_195_2.jpg,\\orshfs.intel.com\ORAnalysis$\1276_MAODATA\Config\etch\AME\tbatson\Defects\BE\images\defects\AME425_PM6\260727_1743_D616507_313_SMP_8M6CL_195_3.jpg
BMK_0071,8434594_20260727_182735_33,eval,non_beep_control,particle,weak,\\orshfs.intel.com\ORAnalysis$\1276_MAODATA\Config\etch\AME\tbatson\Defects\BE\images\defects\AME425_PM6\260727_1746_D616507_160_SMP_8M6CL_33_2.jpg,\\orshfs.intel.com\ORAnalysis$\1276_MAODATA\Config\etch\AME\tbatson\Defects\BE\images\defects\AME425_PM6\260727_1746_D616507_160_SMP_8M6CL_33_3.jpg
BMK_0072,8483217_20260727_164041_15,tune,non_beep_control,particle,none,\\orshfs.intel.com\ORAnalysis$\1276_MAODATA\Config\etch\AME\tbatson\Defects\BE\images\defects\AME425_PM4\260727_1324_D617630_340_SMP_8M6CL_15_2.jpg,\\orshfs.intel.com\ORAnalysis$\1276_MAODATA\Config\etch\AME\tbatson\Defects\BE\images\defects\AME425_PM4\260727_1324_D617630_340_SMP_8M6CL_15_3.jpg
BMK_0073,8483226_20260727_164041_23,tune,factory_beep,indeterminate,weak,\\orshfs.intel.com\ORAnalysis$\1276_MAODATA\Config\etch\AME\tbatson\Defects\BE\images\defects\AME425_PM4\260727_1258_D617630_158_BEEP_8M6CL_23_2.jpg,\\orshfs.intel.com\ORAnalysis$\1276_MAODATA\Config\etch\AME\tbatson\Defects\BE\images\defects\AME425_PM4\260727_1258_D617630_158_BEEP_8M6CL_23_3.jpg
BMK_0074,8483217_20260727_164041_31,tune,non_beep_control,possible_beep,strong,\\orshfs.intel.com\ORAnalysis$\1276_MAODATA\Config\etch\AME\tbatson\Defects\BE\images\defects\AME425_PM4\260727_1324_D617630_340_SMP_8M6CL_31_2.jpg,\\orshfs.intel.com\ORAnalysis$\1276_MAODATA\Config\etch\AME\tbatson\Defects\BE\images\defects\AME425_PM4\260727_1324_D617630_340_SMP_8M6CL_31_3.jpg
BMK_0075,8483226_20260727_164041_46,eval,non_beep_control,particle,none,\\orshfs.intel.com\ORAnalysis$\1276_MAODATA\Config\etch\AME\tbatson\Defects\BE\images\defects\AME425_PM4\260727_1258_D617630_158_SMP_8M6CL_46_2.jpg,\\orshfs.intel.com\ORAnalysis$\1276_MAODATA\Config\etch\AME\tbatson\Defects\BE\images\defects\AME425_PM4\260727_1258_D617630_158_SMP_8M6CL_46_3.jpg
BMK_0076,8466156_20260727_030538_40,eval,factory_beep,possible_beep,strong,\\orshfs.intel.com\ORAnalysis$\1276_MAODATA\Config\etch\AME\tbatson\Defects\BE\images\defects\AME403_PM3\260727_0129_D617109_193_BEEP_8M6CL_40_2.jpg,\\orshfs.intel.com\ORAnalysis$\1276_MAODATA\Config\etch\AME\tbatson\Defects\BE\images\defects\AME403_PM3\260727_0129_D617109_193_BEEP_8M6CL_40_3.jpg
BMK_0077,8466156_20260727_030538_41,tune,non_beep_control,possible_beep,strong,\\orshfs.intel.com\ORAnalysis$\1276_MAODATA\Config\etch\AME\tbatson\Defects\BE\images\defects\AME403_PM3\260727_0129_D617109_193_SMP_8M6CL_41_2.jpg,\\orshfs.intel.com\ORAnalysis$\1276_MAODATA\Config\etch\AME\tbatson\Defects\BE\images\defects\AME403_PM3\260727_0129_D617109_193_SMP_8M6CL_41_3.jpg
BMK_0078,8466156_20260727_030538_42,eval,factory_beep,possible_beep,strong,\\orshfs.intel.com\ORAnalysis$\1276_MAODATA\Config\etch\AME\tbatson\Defects\BE\images\defects\AME403_PM3\260727_0129_D617109_193_BEEP_8M6CL_42_2.jpg,\\orshfs.intel.com\ORAnalysis$\1276_MAODATA\Config\etch\AME\tbatson\Defects\BE\images\defects\AME403_PM3\260727_0129_D617109_193_BEEP_8M6CL_42_3.jpg
BMK_0079,8466216_20260727_030538_10,eval,factory_beep,possible_beep,strong,\\orshfs.intel.com\ORAnalysis$\1276_MAODATA\Config\etch\AME\tbatson\Defects\BE\images\defects\AME403_PM4\260727_0142_D617109_187_BEEP_8M6CL_10_2.jpg,\\orshfs.intel.com\ORAnalysis$\1276_MAODATA\Config\etch\AME\tbatson\Defects\BE\images\defects\AME403_PM4\260727_0142_D617109_187_BEEP_8M6CL_10_3.jpg
BMK_0080,8466216_20260727_030538_22,tune,non_beep_control,particle,none,\\orshfs.intel.com\ORAnalysis$\1276_MAODATA\Config\etch\AME\tbatson\Defects\BE\images\defects\AME403_PM4\260727_0142_D617109_187_SMP_8M6CL_22_2.jpg,\\orshfs.intel.com\ORAnalysis$\1276_MAODATA\Config\etch\AME\tbatson\Defects\BE\images\defects\AME403_PM4\260727_0142_D617109_187_SMP_8M6CL_22_3.jpg
BMK_0081,8466216_20260727_030538_3,eval,non_beep_control,possible_beep,strong,\\orshfs.intel.com\ORAnalysis$\1276_MAODATA\Config\etch\AME\tbatson\Defects\BE\images\defects\AME403_PM4\260727_0142_D617109_187_SMP_8M6CL_3_2.jpg,\\orshfs.intel.com\ORAnalysis$\1276_MAODATA\Config\etch\AME\tbatson\Defects\BE\images\defects\AME403_PM4\260727_0142_D617109_187_SMP_8M6CL_3_3.jpg
BMK_0082,8466179_20260726_233818_68,tune,non_beep_control,particle,none,\\orshfs.intel.com\ORAnalysis$\1276_MAODATA\Config\etch\AME\tbatson\Defects\BE\images\defects\AME427_PM1\260726_2245_D617104_173_SMP_8M6CL_68_2.jpg,\\orshfs.intel.com\ORAnalysis$\1276_MAODATA\Config\etch\AME\tbatson\Defects\BE\images\defects\AME427_PM1\260726_2245_D617104_173_SMP_8M6CL_68_3.jpg
BMK_0083,8510045_20260726_165227_11771,tune,non_beep_control,particle,weak,\\orshfs.intel.com\ORAnalysis$\1276_MAODATA\Config\etch\AME\tbatson\Defects\BE\images\defects\AME403_PM4\260726_1629_D618155_735_SMP_8M6CL_11771_2.jpg,\\orshfs.intel.com\ORAnalysis$\1276_MAODATA\Config\etch\AME\tbatson\Defects\BE\images\defects\AME403_PM4\260726_1629_D618155_735_SMP_8M6CL_11771_3.jpg
BMK_0084,8510045_20260726_165227_13870,tune,non_beep_control,particle,none,\\orshfs.intel.com\ORAnalysis$\1276_MAODATA\Config\etch\AME\tbatson\Defects\BE\images\defects\AME403_PM4\260726_1629_D618155_735_SMP_8M6CL_13870_2.jpg,\\orshfs.intel.com\ORAnalysis$\1276_MAODATA\Config\etch\AME\tbatson\Defects\BE\images\defects\AME403_PM4\260726_1629_D618155_735_SMP_8M6CL_13870_3.jpg
BMK_0085,8509955_20260726_165227_1652,tune,non_beep_control,possible_beep,moderate,\\orshfs.intel.com\ORAnalysis$\1276_MAODATA\Config\etch\AME\tbatson\Defects\BE\images\defects\AME403_PM4\260726_1604_D618155_630_SMP_8M6CL_1652_2.jpg,\\orshfs.intel.com\ORAnalysis$\1276_MAODATA\Config\etch\AME\tbatson\Defects\BE\images\defects\AME403_PM4\260726_1604_D618155_630_SMP_8M6CL_1652_3.jpg
BMK_0086,8510045_20260726_165227_7354,eval,non_beep_control,indeterminate,weak,\\orshfs.intel.com\ORAnalysis$\1276_MAODATA\Config\etch\AME\tbatson\Defects\BE\images\defects\AME403_PM4\260726_1629_D618155_735_SMP_8M6CL_7354_2.jpg,\\orshfs.intel.com\ORAnalysis$\1276_MAODATA\Config\etch\AME\tbatson\Defects\BE\images\defects\AME403_PM4\260726_1629_D618155_735_SMP_8M6CL_7354_3.jpg
BMK_0087,8509993_20260726_165227_7467,eval,non_beep_control,particle,weak,\\orshfs.intel.com\ORAnalysis$\1276_MAODATA\Config\etch\AME\tbatson\Defects\BE\images\defects\AME403_PM4\260726_1623_D618155_719_SMP_8M6CL_7467_2.jpg,\\orshfs.intel.com\ORAnalysis$\1276_MAODATA\Config\etch\AME\tbatson\Defects\BE\images\defects\AME403_PM4\260726_1623_D618155_719_SMP_8M6CL_7467_3.jpg
BMK_0088,8510045_20260726_165227_7977,tune,non_beep_control,indeterminate,none,\\orshfs.intel.com\ORAnalysis$\1276_MAODATA\Config\etch\AME\tbatson\Defects\BE\images\defects\AME403_PM4\260726_1629_D618155_735_SMP_8M6CL_7977_2.jpg,\\orshfs.intel.com\ORAnalysis$\1276_MAODATA\Config\etch\AME\tbatson\Defects\BE\images\defects\AME403_PM4\260726_1629_D618155_735_SMP_8M6CL_7977_3.jpg
BMK_0089,8425354_20260726_050838_79115,tune,factory_beep,possible_beep,strong,\\orshfs.intel.com\ORAnalysis$\1276_MAODATA\Config\etch\AME\tbatson\Defects\BE\images\defects\AME417_PM3\260726_0258_D616470_009_BEEP_8M5CL_79115_2.jpg,\\orshfs.intel.com\ORAnalysis$\1276_MAODATA\Config\etch\AME\tbatson\Defects\BE\images\defects\AME417_PM3\260726_0258_D616470_009_BEEP_8M5CL_79115_3.jpg
BMK_0090,8593967_20260726_005747_245,tune,factory_beep,possible_beep,moderate,\\orshfs.intel.com\ORAnalysis$\1276_MAODATA\Config\etch\AME\tbatson\Defects\BE\images\defects\AME421_PM6\260725_2300_D620411_107_BEEP_8M6CL_245_2.jpg,\\orshfs.intel.com\ORAnalysis$\1276_MAODATA\Config\etch\AME\tbatson\Defects\BE\images\defects\AME421_PM6\260725_2300_D620411_107_BEEP_8M6CL_245_3.jpg
BMK_0091,8184642_20260725_232841_230222,eval,non_beep_control,particle,none,\\orshfs.intel.com\ORAnalysis$\1276_MAODATA\Config\etch\AME\tbatson\Defects\BE\images\defects\AME421_PM4\260725_2155_D609924_031_SMP_8M5CL_230222_2.jpg,\\orshfs.intel.com\ORAnalysis$\1276_MAODATA\Config\etch\AME\tbatson\Defects\BE\images\defects\AME421_PM4\260725_2155_D609924_031_SMP_8M5CL_230222_3.jpg
BMK_0092,8184745_20260725_232841_25188,tune,non_beep_control,possible_beep,moderate,\\orshfs.intel.com\ORAnalysis$\1276_MAODATA\Config\etch\AME\tbatson\Defects\BE\images\defects\AME421_PM4\260725_2127_D609924_036_SMP_8M5CL_25188_2.jpg,\\orshfs.intel.com\ORAnalysis$\1276_MAODATA\Config\etch\AME\tbatson\Defects\BE\images\defects\AME421_PM4\260725_2127_D609924_036_SMP_8M5CL_25188_3.jpg
BMK_0093,8184642_20260725_232841_34980,tune,non_beep_control,particle,none,\\orshfs.intel.com\ORAnalysis$\1276_MAODATA\Config\etch\AME\tbatson\Defects\BE\images\defects\AME421_PM4\260725_2155_D609924_031_SMP_8M5CL_34980_2.jpg,\\orshfs.intel.com\ORAnalysis$\1276_MAODATA\Config\etch\AME\tbatson\Defects\BE\images\defects\AME421_PM4\260725_2155_D609924_031_SMP_8M5CL_34980_3.jpg
BMK_0094,8524333_20260725_201224_1863,tune,non_beep_control,indeterminate,weak,\\orshfs.intel.com\ORAnalysis$\1276_MAODATA\Config\etch\AME\tbatson\Defects\BE\images\defects\AME427_PM5\260725_1813_D618205_046_SMP_8M5CL_1863_2.jpg,\\orshfs.intel.com\ORAnalysis$\1276_MAODATA\Config\etch\AME\tbatson\Defects\BE\images\defects\AME427_PM5\260725_1813_D618205_046_SMP_8M5CL_1863_3.jpg
BMK_0095,8524321_20260725_201224_3295,tune,non_beep_control,possible_beep,strong,\\orshfs.intel.com\ORAnalysis$\1276_MAODATA\Config\etch\AME\tbatson\Defects\BE\images\defects\AME427_PM6\260725_1813_D618205_025_SMP_8M5CL_3295_2.jpg,\\orshfs.intel.com\ORAnalysis$\1276_MAODATA\Config\etch\AME\tbatson\Defects\BE\images\defects\AME427_PM6\260725_1813_D618205_025_SMP_8M5CL_3295_3.jpg
BMK_0096,8524357_20260725_201224_4129,tune,factory_beep,possible_beep,strong,\\orshfs.intel.com\ORAnalysis$\1276_MAODATA\Config\etch\AME\tbatson\Defects\BE\images\defects\AME427_PM6\260725_1802_D618205_005_BEEP_8M5CL_4129_2.jpg,\\orshfs.intel.com\ORAnalysis$\1276_MAODATA\Config\etch\AME\tbatson\Defects\BE\images\defects\AME427_PM6\260725_1802_D618205_005_BEEP_8M5CL_4129_3.jpg
BMK_0097,8434594_20260725_151132_124,tune,non_beep_control,particle,none,\\orshfs.intel.com\ORAnalysis$\1276_MAODATA\Config\etch\AME\tbatson\Defects\BE\images\defects\AME421_PM6\260725_1423_D616507_160_SMP_8M5CL_124_2.jpg,\\orshfs.intel.com\ORAnalysis$\1276_MAODATA\Config\etch\AME\tbatson\Defects\BE\images\defects\AME421_PM6\260725_1423_D616507_160_SMP_8M5CL_124_3.jpg
BMK_0098,8509986_20260725_022120_8592,tune,non_beep_control,possible_beep,moderate,\\orshfs.intel.com\ORAnalysis$\1276_MAODATA\Config\etch\AME\tbatson\Defects\BE\images\defects\AME401_PM1\260725_0052_D618155_631_SMP_8M5CL_8592_2.jpg,\\orshfs.intel.com\ORAnalysis$\1276_MAODATA\Config\etch\AME\tbatson\Defects\BE\images\defects\AME401_PM1\260725_0052_D618155_631_SMP_8M5CL_8592_3.jpg
BMK_0099,8472684_20260725_000442_333,tune,non_beep_control,possible_beep,strong,\\orshfs.intel.com\ORAnalysis$\1276_MAODATA\Config\etch\AME\tbatson\Defects\BE\images\defects\AME417_PM6\260724_1740_D617601_340_SMP_8M6CL_333_2.jpg,\\orshfs.intel.com\ORAnalysis$\1276_MAODATA\Config\etch\AME\tbatson\Defects\BE\images\defects\AME417_PM6\260724_1740_D617601_340_SMP_8M6CL_333_3.jpg
BMK_0100,8472684_20260725_000442_363,tune,non_beep_control,particle,weak,\\orshfs.intel.com\ORAnalysis$\1276_MAODATA\Config\etch\AME\tbatson\Defects\BE\images\defects\AME417_PM6\260724_1740_D617601_340_SMP_8M6CL_363_2.jpg,\\orshfs.intel.com\ORAnalysis$\1276_MAODATA\Config\etch\AME\tbatson\Defects\BE\images\defects\AME417_PM6\260724_1740_D617601_340_SMP_8M6CL_363_3.jpg
BMK_0101,8415779_20260724_160312_6,tune,factory_beep,possible_beep,strong,\\orshfs.intel.com\ORAnalysis$\1276_MAODATA\Config\etch\AME\tbatson\Defects\BE\images\defects\AME409_PM3\260724_1434_D615447_040_BEEP_8M6CL_6_2.jpg,\\orshfs.intel.com\ORAnalysis$\1276_MAODATA\Config\etch\AME\tbatson\Defects\BE\images\defects\AME409_PM3\260724_1434_D615447_040_BEEP_8M6CL_6_3.jpg
BMK_0102,8466218_20260723_194738_6781,tune,non_beep_control,possible_beep,strong,\\orshfs.intel.com\ORAnalysis$\1276_MAODATA\Config\etch\AME\tbatson\Defects\BE\images\defects\AME403_PM6\260723_1151_D617108_206_SMP_8M5CL_6781_2.jpg,\\orshfs.intel.com\ORAnalysis$\1276_MAODATA\Config\etch\AME\tbatson\Defects\BE\images\defects\AME403_PM6\260723_1151_D617108_206_SMP_8M5CL_6781_3.jpg
BMK_0103,8421419_20260723_182351_3400,tune,non_beep_control,particle,weak,\\orshfs.intel.com\ORAnalysis$\1276_MAODATA\Config\etch\AME\tbatson\Defects\BE\images\defects\AME403_PM1\260723_0838_D615973_245_SMP_8M6CL_3400_2.jpg,\\orshfs.intel.com\ORAnalysis$\1276_MAODATA\Config\etch\AME\tbatson\Defects\BE\images\defects\AME403_PM1\260723_0838_D615973_245_SMP_8M6CL_3400_3.jpg
BMK_0104,9004285_20260723_060744_50255,tune,non_beep_control,particle,none,\\orshfs.intel.com\ORAnalysis$\1276_MAODATA\Config\etch\AME\tbatson\Defects\BE\images\defects\AME401_PM2\260723_0259_D615973_542_SMP_8M6CL_50255_2.jpg,\\orshfs.intel.com\ORAnalysis$\1276_MAODATA\Config\etch\AME\tbatson\Defects\BE\images\defects\AME401_PM2\260723_0259_D615973_542_SMP_8M6CL_50255_3.jpg
BMK_0105,8480278_20260723_014645_2288,tune,non_beep_control,particle,none,\\orshfs.intel.com\ORAnalysis$\1276_MAODATA\Config\etch\AME\tbatson\Defects\BE\images\defects\AME421_PM4\260722_1850_D617623_139_SMP_8M5CL_2288_2.jpg,\\orshfs.intel.com\ORAnalysis$\1276_MAODATA\Config\etch\AME\tbatson\Defects\BE\images\defects\AME421_PM4\260722_1850_D617623_139_SMP_8M5CL_2288_3.jpg
BMK_0106,8480278_20260723_014645_5749,tune,factory_beep,possible_beep,moderate,\\orshfs.intel.com\ORAnalysis$\1276_MAODATA\Config\etch\AME\tbatson\Defects\BE\images\defects\AME421_PM4\260722_1850_D617623_139_BEEP_8M5CL_5749_2.jpg,\\orshfs.intel.com\ORAnalysis$\1276_MAODATA\Config\etch\AME\tbatson\Defects\BE\images\defects\AME421_PM4\260722_1850_D617623_139_BEEP_8M5CL_5749_3.jpg
BMK_0107,8385680_20260723_005409_555,tune,non_beep_control,particle,none,\\orshfs.intel.com\ORAnalysis$\1276_MAODATA\Config\etch\AME\tbatson\Defects\BE\images\defects\AME421_PM1\260722_1926_D615291_011_SMP_8M6CL_555_2.jpg,\\orshfs.intel.com\ORAnalysis$\1276_MAODATA\Config\etch\AME\tbatson\Defects\BE\images\defects\AME421_PM1\260722_1926_D615291_011_SMP_8M6CL_555_3.jpg
BMK_0108,8385680_20260723_005409_837,tune,non_beep_control,possible_beep,strong,\\orshfs.intel.com\ORAnalysis$\1276_MAODATA\Config\etch\AME\tbatson\Defects\BE\images\defects\AME421_PM1\260722_1926_D615291_011_SMP_8M6CL_837_2.jpg,\\orshfs.intel.com\ORAnalysis$\1276_MAODATA\Config\etch\AME\tbatson\Defects\BE\images\defects\AME421_PM1\260722_1926_D615291_011_SMP_8M6CL_837_3.jpg
BMK_0109,8385591_20260723_005409_883,tune,factory_beep,possible_beep,strong,\\orshfs.intel.com\ORAnalysis$\1276_MAODATA\Config\etch\AME\tbatson\Defects\BE\images\defects\AME421_PM1\260722_1922_D615291_009_BEEP_8M6CL_883_2.jpg,\\orshfs.intel.com\ORAnalysis$\1276_MAODATA\Config\etch\AME\tbatson\Defects\BE\images\defects\AME421_PM1\260722_1922_D615291_009_BEEP_8M6CL_883_3.jpg
BMK_0110,8385677_20260723_005409_1075,tune,non_beep_control,possible_beep,moderate,\\orshfs.intel.com\ORAnalysis$\1276_MAODATA\Config\etch\AME\tbatson\Defects\BE\images\defects\AME421_PM2\260722_1910_D615291_025_SMP_8M6CL_1075_2.jpg,\\orshfs.intel.com\ORAnalysis$\1276_MAODATA\Config\etch\AME\tbatson\Defects\BE\images\defects\AME421_PM2\260722_1910_D615291_025_SMP_8M6CL_1075_3.jpg
BMK_0111,8415731_20260722_233743_1557,tune,factory_beep,possible_beep,strong,\\orshfs.intel.com\ORAnalysis$\1276_MAODATA\Config\etch\AME\tbatson\Defects\BE\images\defects\AME409_PM3\260722_1704_D615447_080_SMP_8M5CL_1557_2.jpg,\\orshfs.intel.com\ORAnalysis$\1276_MAODATA\Config\etch\AME\tbatson\Defects\BE\images\defects\AME409_PM3\260722_1704_D615447_080_SMP_8M5CL_1557_3.jpg
BMK_0112,8415779_20260722_233743_2705,tune,factory_beep,possible_beep,strong,\\orshfs.intel.com\ORAnalysis$\1276_MAODATA\Config\etch\AME\tbatson\Defects\BE\images\defects\AME409_PM3\260722_1718_D615447_040_BEEP_8M5CL_2705_2.jpg,\\orshfs.intel.com\ORAnalysis$\1276_MAODATA\Config\etch\AME\tbatson\Defects\BE\images\defects\AME409_PM3\260722_1718_D615447_040_BEEP_8M5CL_2705_3.jpg
BMK_0113,8415779_20260722_233743_3054,eval,factory_beep,possible_beep,moderate,\\orshfs.intel.com\ORAnalysis$\1276_MAODATA\Config\etch\AME\tbatson\Defects\BE\images\defects\AME409_PM3\260722_1718_D615447_040_BEEP_8M5CL_3054_2.jpg,\\orshfs.intel.com\ORAnalysis$\1276_MAODATA\Config\etch\AME\tbatson\Defects\BE\images\defects\AME409_PM3\260722_1718_D615447_040_BEEP_8M5CL_3054_3.jpg
BMK_0114,8415779_20260722_233743_4502,tune,non_beep_control,indeterminate,moderate,\\orshfs.intel.com\ORAnalysis$\1276_MAODATA\Config\etch\AME\tbatson\Defects\BE\images\defects\AME409_PM3\260722_1718_D615447_040_SMP_8M5CL_4502_2.jpg,\\orshfs.intel.com\ORAnalysis$\1276_MAODATA\Config\etch\AME\tbatson\Defects\BE\images\defects\AME409_PM3\260722_1718_D615447_040_SMP_8M5CL_4502_3.jpg
BMK_0115,8978714_20260722_111419_2972,tune,factory_beep,particle,weak,\\orshfs.intel.com\ORAnalysis$\1276_MAODATA\Config\etch\AME\tbatson\Defects\BE\images\defects\AME427_PM3\260722_0946_D613153_191_BEEP_8M6CL_2972_2.jpg,\\orshfs.intel.com\ORAnalysis$\1276_MAODATA\Config\etch\AME\tbatson\Defects\BE\images\defects\AME427_PM3\260722_0946_D613153_191_BEEP_8M6CL_2972_3.jpg
BMK_0116,8978714_20260722_111419_3015,tune,non_beep_control,possible_beep,moderate,\\orshfs.intel.com\ORAnalysis$\1276_MAODATA\Config\etch\AME\tbatson\Defects\BE\images\defects\AME427_PM3\260722_0946_D613153_191_SMP_8M6CL_3015_2.jpg,\\orshfs.intel.com\ORAnalysis$\1276_MAODATA\Config\etch\AME\tbatson\Defects\BE\images\defects\AME427_PM3\260722_0946_D613153_191_SMP_8M6CL_3015_3.jpg
BMK_0117,8978714_20260722_111419_3230,tune,factory_beep,possible_beep,strong,\\orshfs.intel.com\ORAnalysis$\1276_MAODATA\Config\etch\AME\tbatson\Defects\BE\images\defects\AME427_PM3\260722_0946_D613153_191_BEEP_8M6CL_3230_2.jpg,\\orshfs.intel.com\ORAnalysis$\1276_MAODATA\Config\etch\AME\tbatson\Defects\BE\images\defects\AME427_PM3\260722_0946_D613153_191_BEEP_8M6CL_3230_3.jpg
BMK_0118,8978714_20260722_111419_337,tune,non_beep_control,possible_beep,moderate,\\orshfs.intel.com\ORAnalysis$\1276_MAODATA\Config\etch\AME\tbatson\Defects\BE\images\defects\AME427_PM3\260722_0946_D613153_191_SMP_8M6CL_337_2.jpg,\\orshfs.intel.com\ORAnalysis$\1276_MAODATA\Config\etch\AME\tbatson\Defects\BE\images\defects\AME427_PM3\260722_0946_D613153_191_SMP_8M6CL_337_3.jpg
BMK_0119,8978714_20260722_111419_3491,eval,factory_beep,possible_beep,strong,\\orshfs.intel.com\ORAnalysis$\1276_MAODATA\Config\etch\AME\tbatson\Defects\BE\images\defects\AME427_PM3\260722_0946_D613153_191_BEEP_8M6CL_3491_2.jpg,\\orshfs.intel.com\ORAnalysis$\1276_MAODATA\Config\etch\AME\tbatson\Defects\BE\images\defects\AME427_PM3\260722_0946_D613153_191_BEEP_8M6CL_3491_3.jpg
BMK_0120,8978714_20260722_111419_3493,tune,factory_beep,possible_beep,strong,\\orshfs.intel.com\ORAnalysis$\1276_MAODATA\Config\etch\AME\tbatson\Defects\BE\images\defects\AME427_PM3\260722_0946_D613153_191_BEEP_8M6CL_3493_2.jpg,\\orshfs.intel.com\ORAnalysis$\1276_MAODATA\Config\etch\AME\tbatson\Defects\BE\images\defects\AME427_PM3\260722_0946_D613153_191_BEEP_8M6CL_3493_3.jpg
BMK_0121,8978714_20260722_111419_3540,eval,factory_beep,possible_beep,strong,\\orshfs.intel.com\ORAnalysis$\1276_MAODATA\Config\etch\AME\tbatson\Defects\BE\images\defects\AME427_PM3\260722_0946_D613153_191_BEEP_8M6CL_3540_2.jpg,\\orshfs.intel.com\ORAnalysis$\1276_MAODATA\Config\etch\AME\tbatson\Defects\BE\images\defects\AME427_PM3\260722_0946_D613153_191_BEEP_8M6CL_3540_3.jpg
BMK_0122,8978714_20260722_111419_3881,tune,factory_beep,possible_beep,strong,\\orshfs.intel.com\ORAnalysis$\1276_MAODATA\Config\etch\AME\tbatson\Defects\BE\images\defects\AME427_PM3\260722_0946_D613153_191_BEEP_8M6CL_3881_2.jpg,\\orshfs.intel.com\ORAnalysis$\1276_MAODATA\Config\etch\AME\tbatson\Defects\BE\images\defects\AME427_PM3\260722_0946_D613153_191_BEEP_8M6CL_3881_3.jpg
BMK_0123,8978714_20260722_111419_4239,tune,non_beep_control,particle,none,\\orshfs.intel.com\ORAnalysis$\1276_MAODATA\Config\etch\AME\tbatson\Defects\BE\images\defects\AME427_PM3\260722_0946_D613153_191_SMP_8M6CL_4239_2.jpg,\\orshfs.intel.com\ORAnalysis$\1276_MAODATA\Config\etch\AME\tbatson\Defects\BE\images\defects\AME427_PM3\260722_0946_D613153_191_SMP_8M6CL_4239_3.jpg
BMK_0124,8979112_20260722_100053_16092,tune,non_beep_control,particle,none,\\orshfs.intel.com\ORAnalysis$\1276_MAODATA\Config\etch\AME\tbatson\Defects\BE\images\defects\AME421_PM6\260722_0918_D614177_062_SMP_8M6CL_16092_2.jpg,\\orshfs.intel.com\ORAnalysis$\1276_MAODATA\Config\etch\AME\tbatson\Defects\BE\images\defects\AME421_PM6\260722_0918_D614177_062_SMP_8M6CL_16092_3.jpg
BMK_0125,8979112_20260722_100053_2043,tune,factory_beep,possible_beep,strong,\\orshfs.intel.com\ORAnalysis$\1276_MAODATA\Config\etch\AME\tbatson\Defects\BE\images\defects\AME421_PM6\260722_0918_D614177_062_BEEP_8M6CL_2043_2.jpg,\\orshfs.intel.com\ORAnalysis$\1276_MAODATA\Config\etch\AME\tbatson\Defects\BE\images\defects\AME421_PM6\260722_0918_D614177_062_BEEP_8M6CL_2043_3.jpg
BMK_0126,_20260722_094600_3230,tune,non_beep_control,possible_beep,strong,\\orshfs.intel.com\ORAnalysis$\1276_MAODATA\Config\etch\AME\tbatson\Defects\BE\images\defects\AME427_PM3\260722_0946_D613153_191_SMP_8M6CL_3230_2.jpg,\\orshfs.intel.com\ORAnalysis$\1276_MAODATA\Config\etch\AME\tbatson\Defects\BE\images\defects\AME427_PM3\260722_0946_D613153_191_SMP_8M6CL_3230_3.jpg
BMK_0127,_20260722_094600_3493,eval,non_beep_control,possible_beep,strong,\\orshfs.intel.com\ORAnalysis$\1276_MAODATA\Config\etch\AME\tbatson\Defects\BE\images\defects\AME427_PM3\260722_0946_D613153_191_SMP_8M6CL_3493_2.jpg,\\orshfs.intel.com\ORAnalysis$\1276_MAODATA\Config\etch\AME\tbatson\Defects\BE\images\defects\AME427_PM3\260722_0946_D613153_191_SMP_8M6CL_3493_3.jpg
BMK_0128,_20260722_091800_16092,eval,non_beep_control,particle,none,\\orshfs.intel.com\ORAnalysis$\1276_MAODATA\Config\etch\AME\tbatson\Defects\BE\images\defects\AME421_PM6\260722_0918_D614177_062_BEEP_8M6CL_16092_2.jpg,\\orshfs.intel.com\ORAnalysis$\1276_MAODATA\Config\etch\AME\tbatson\Defects\BE\images\defects\AME421_PM6\260722_0918_D614177_062_BEEP_8M6CL_16092_3.jpg
BMK_0129,8429592_20260722_082442_1,eval,non_beep_control,particle,weak,\\orshfs.intel.com\ORAnalysis$\1276_MAODATA\Config\etch\AME\tbatson\Defects\BE\images\defects\AME423_PM4\260722_0630_D616500_012_SMP_8M6CL_1_2.jpg,\\orshfs.intel.com\ORAnalysis$\1276_MAODATA\Config\etch\AME\tbatson\Defects\BE\images\defects\AME423_PM4\260722_0630_D616500_012_SMP_8M6CL_1_3.jpg
BMK_0130,8429461_20260722_082442_10,tune,factory_beep,possible_beep,strong,\\orshfs.intel.com\ORAnalysis$\1276_MAODATA\Config\etch\AME\tbatson\Defects\BE\images\defects\AME423_PM4\260722_0641_D616500_038_BEEP_8M6CL_10_2.jpg,\\orshfs.intel.com\ORAnalysis$\1276_MAODATA\Config\etch\AME\tbatson\Defects\BE\images\defects\AME423_PM4\260722_0641_D616500_038_BEEP_8M6CL_10_3.jpg
BMK_0131,8429461_20260722_082442_17,eval,factory_beep,possible_beep,strong,\\orshfs.intel.com\ORAnalysis$\1276_MAODATA\Config\etch\AME\tbatson\Defects\BE\images\defects\AME423_PM4\260722_0641_D616500_038_BEEP_8M6CL_17_2.jpg,\\orshfs.intel.com\ORAnalysis$\1276_MAODATA\Config\etch\AME\tbatson\Defects\BE\images\defects\AME423_PM4\260722_0641_D616500_038_BEEP_8M6CL_17_3.jpg
BMK_0132,8429472_20260722_082442_467,tune,non_beep_control,possible_beep,strong,\\orshfs.intel.com\ORAnalysis$\1276_MAODATA\Config\etch\AME\tbatson\Defects\BE\images\defects\AME423_PM4\260722_0554_D616500_039_SMP_8M6CL_467_2.jpg,\\orshfs.intel.com\ORAnalysis$\1276_MAODATA\Config\etch\AME\tbatson\Defects\BE\images\defects\AME423_PM4\260722_0554_D616500_039_SMP_8M6CL_467_3.jpg
BMK_0133,8470939_20260722_012639_100,eval,non_beep_control,particle,weak,\\orshfs.intel.com\ORAnalysis$\1276_MAODATA\Config\etch\AME\tbatson\Defects\BE\images\defects\AME421_PM1\260721_2217_D617584_129_SMP_8M6CL_100_2.jpg,\\orshfs.intel.com\ORAnalysis$\1276_MAODATA\Config\etch\AME\tbatson\Defects\BE\images\defects\AME421_PM1\260721_2217_D617584_129_SMP_8M6CL_100_3.jpg
BMK_0134,8448688_20260721_235104_1240,eval,factory_beep,possible_beep,strong,\\orshfs.intel.com\ORAnalysis$\1276_MAODATA\Config\etch\AME\tbatson\Defects\BE\images\defects\AME425_PM2\260721_2037_D616557_178_BEEP_8M5CL_1240_2.jpg,\\orshfs.intel.com\ORAnalysis$\1276_MAODATA\Config\etch\AME\tbatson\Defects\BE\images\defects\AME425_PM2\260721_2037_D616557_178_BEEP_8M5CL_1240_3.jpg
BMK_0135,8448688_20260721_235104_1241,tune,factory_beep,possible_beep,strong,\\orshfs.intel.com\ORAnalysis$\1276_MAODATA\Config\etch\AME\tbatson\Defects\BE\images\defects\AME425_PM2\260721_2037_D616557_178_BEEP_8M5CL_1241_2.jpg,\\orshfs.intel.com\ORAnalysis$\1276_MAODATA\Config\etch\AME\tbatson\Defects\BE\images\defects\AME425_PM2\260721_2037_D616557_178_BEEP_8M5CL_1241_3.jpg
BMK_0136,8444809_20260721_215323_14,tune,non_beep_control,possible_beep,moderate,\\orshfs.intel.com\ORAnalysis$\1276_MAODATA\Config\etch\AME\tbatson\Defects\BE\images\defects\AME419_PM6\260721_1926_D616544_017_SMP_8M6CL_14_2.jpg,\\orshfs.intel.com\ORAnalysis$\1276_MAODATA\Config\etch\AME\tbatson\Defects\BE\images\defects\AME419_PM6\260721_1926_D616544_017_SMP_8M6CL_14_3.jpg
BMK_0137,8444809_20260721_215323_16,tune,non_beep_control,indeterminate,moderate,\\orshfs.intel.com\ORAnalysis$\1276_MAODATA\Config\etch\AME\tbatson\Defects\BE\images\defects\AME419_PM6\260721_1926_D616544_017_SMP_8M6CL_16_2.jpg,\\orshfs.intel.com\ORAnalysis$\1276_MAODATA\Config\etch\AME\tbatson\Defects\BE\images\defects\AME419_PM6\260721_1926_D616544_017_SMP_8M6CL_16_3.jpg
BMK_0138,8444809_20260721_215323_2,tune,non_beep_control,particle,weak,\\orshfs.intel.com\ORAnalysis$\1276_MAODATA\Config\etch\AME\tbatson\Defects\BE\images\defects\AME419_PM6\260721_1926_D616544_017_SMP_8M6CL_2_2.jpg,\\orshfs.intel.com\ORAnalysis$\1276_MAODATA\Config\etch\AME\tbatson\Defects\BE\images\defects\AME419_PM6\260721_1926_D616544_017_SMP_8M6CL_2_3.jpg
BMK_0139,8444702_20260721_215323_6,tune,factory_beep,possible_beep,moderate,\\orshfs.intel.com\ORAnalysis$\1276_MAODATA\Config\etch\AME\tbatson\Defects\BE\images\defects\AME419_PM6\260721_2024_D616544_038_BEEP_8M6CL_6_2.jpg,\\orshfs.intel.com\ORAnalysis$\1276_MAODATA\Config\etch\AME\tbatson\Defects\BE\images\defects\AME419_PM6\260721_2024_D616544_038_BEEP_8M6CL_6_3.jpg
BMK_0140,8444809_20260721_215323_78,tune,non_beep_control,possible_beep,moderate,\\orshfs.intel.com\ORAnalysis$\1276_MAODATA\Config\etch\AME\tbatson\Defects\BE\images\defects\AME419_PM6\260721_1926_D616544_017_SMP_8M6CL_78_2.jpg,\\orshfs.intel.com\ORAnalysis$\1276_MAODATA\Config\etch\AME\tbatson\Defects\BE\images\defects\AME419_PM6\260721_1926_D616544_017_SMP_8M6CL_78_3.jpg
BMK_0141,8444809_20260721_215323_84,eval,factory_beep,possible_beep,strong,\\orshfs.intel.com\ORAnalysis$\1276_MAODATA\Config\etch\AME\tbatson\Defects\BE\images\defects\AME419_PM6\260721_1926_D616544_017_BEEP_8M6CL_84_2.jpg,\\orshfs.intel.com\ORAnalysis$\1276_MAODATA\Config\etch\AME\tbatson\Defects\BE\images\defects\AME419_PM6\260721_1926_D616544_017_BEEP_8M6CL_84_3.jpg
BMK_0142,8444809_20260721_215323_85,tune,non_beep_control,particle,weak,\\orshfs.intel.com\ORAnalysis$\1276_MAODATA\Config\etch\AME\tbatson\Defects\BE\images\defects\AME419_PM6\260721_1926_D616544_017_SMP_8M6CL_85_2.jpg,\\orshfs.intel.com\ORAnalysis$\1276_MAODATA\Config\etch\AME\tbatson\Defects\BE\images\defects\AME419_PM6\260721_1926_D616544_017_SMP_8M6CL_85_3.jpg
BMK_0143,8444809_20260721_215323_86,eval,non_beep_control,particle,none,\\orshfs.intel.com\ORAnalysis$\1276_MAODATA\Config\etch\AME\tbatson\Defects\BE\images\defects\AME419_PM6\260721_1926_D616544_017_SMP_8M6CL_86_2.jpg,\\orshfs.intel.com\ORAnalysis$\1276_MAODATA\Config\etch\AME\tbatson\Defects\BE\images\defects\AME419_PM6\260721_1926_D616544_017_SMP_8M6CL_86_3.jpg
BMK_0144,8444809_20260721_215323_88,tune,non_beep_control,particle,none,\\orshfs.intel.com\ORAnalysis$\1276_MAODATA\Config\etch\AME\tbatson\Defects\BE\images\defects\AME419_PM6\260721_1926_D616544_017_SMP_8M6CL_88_2.jpg,\\orshfs.intel.com\ORAnalysis$\1276_MAODATA\Config\etch\AME\tbatson\Defects\BE\images\defects\AME419_PM6\260721_1926_D616544_017_SMP_8M6CL_88_3.jpg
BMK_0145,8444809_20260721_215323_89,eval,non_beep_control,possible_beep,strong,\\orshfs.intel.com\ORAnalysis$\1276_MAODATA\Config\etch\AME\tbatson\Defects\BE\images\defects\AME419_PM6\260721_1926_D616544_017_SMP_8M6CL_89_2.jpg,\\orshfs.intel.com\ORAnalysis$\1276_MAODATA\Config\etch\AME\tbatson\Defects\BE\images\defects\AME419_PM6\260721_1926_D616544_017_SMP_8M6CL_89_3.jpg
