benchmark_id,split,source_pool,selection_batch,wafer_key,inspection_time,defect_id,pair_key,bright_image_name,dark_image_name,bright_image_path,dark_image_path,query_site,tool_name,chamber,factory_class_label,manual_optical_class,stage_a_orientation,stage_a_context_confidence,stage_b_defect_coarse_class,stage_b_blocked_etch_evidence,stage_b_review_required,adjudicated_by,adjudicated_at_utc,adjudication_status,adjudicated_coarse_class,adjudicated_blocked_etch_evidence,adjudicated_confidence,comparator_visible,occlusion_present,offset_surface_lines_present,review_required_expected,failure_mode_primary,failure_mode_secondary,notes_short
BMK_0001,tune,non_beep_control,14day_2631,8425706,2026-08-01 13:06:47,217017,8425706_20260801_130647_217017,260801_1057_D616469_178_SMP_8M5CL_217017_2.jpg,260801_1057_D616469_178_SMP_8M5CL_217017_3.jpg,\\orshfs.intel.com\ORAnalysis$\1276_MAODATA\Config\etch\AME\tbatson\Defects\BE\images\defects\AME421_PM2\260801_1057_D616469_178_SMP_8M5CL_217017_2.jpg,\\orshfs.intel.com\ORAnalysis$\1276_MAODATA\Config\etch\AME\tbatson\Defects\BE\images\defects\AME421_PM2\260801_1057_D616469_178_SMP_8M5CL_217017_3.jpg,D1V,BPD446,AME421_PM2,SMALL_PARTICLE,2.0,,,,,,,,,,,,,,,,,,
BMK_0002,eval,non_beep_control,14day_2631,8487519,2026-08-01 07:06:14,38,8487519_20260801_070614_38,260801_0610_D617643_053_SMP_8M6CL_38_2.jpg,260801_0610_D617643_053_SMP_8M6CL_38_3.jpg,\\orshfs.intel.com\ORAnalysis$\1276_MAODATA\Config\etch\AME\tbatson\Defects\BE\images\defects\AME411_PM1\260801_0610_D617643_053_SMP_8M6CL_38_2.jpg,\\orshfs.intel.com\ORAnalysis$\1276_MAODATA\Config\etch\AME\tbatson\Defects\BE\images\defects\AME411_PM1\260801_0610_D617643_053_SMP_8M6CL_38_3.jpg,D1V,BPD432,AME411_PM1,SMALL_PARTICLE,2.0,,,,,,,,,,,,,,,,,,
BMK_0003,tune,factory_beep,14day_2631,8533506,2026-08-01 07:02:13,1032,8533506_20260801_070213_1032,260801_0609_D618239_604_BEEP_8M6CL_1032_2.jpg,260801_0609_D618239_604_BEEP_8M6CL_1032_3.jpg,\\orshfs.intel.com\ORAnalysis$\1276_MAODATA\Config\etch\AME\tbatson\Defects\BE\images\defects\AME417_PM2\260801_0609_D618239_604_BEEP_8M6CL_1032_2.jpg,\\orshfs.intel.com\ORAnalysis$\1276_MAODATA\Config\etch\AME\tbatson\Defects\BE\images\defects\AME417_PM2\260801_0609_D618239_604_BEEP_8M6CL_1032_3.jpg,D1V,BPD454,AME417_PM2,BEEP,37.0,,,,,,,,,,,,,,,,,,
BMK_0004,tune,non_beep_control,14day_2631,8340151,2026-07-31 09:05:01,25787,8340151_20260731_090501_25787,260731_0710_D614176_028_SMP_8M6CL_25787_2.jpg,260731_0710_D614176_028_SMP_8M6CL_25787_3.jpg,\\orshfs.intel.com\ORAnalysis$\1276_MAODATA\Config\etch\AME\tbatson\Defects\BE\images\defects\AME419_PM4\260731_0710_D614176_028_SMP_8M6CL_25787_2.jpg,\\orshfs.intel.com\ORAnalysis$\1276_MAODATA\Config\etch\AME\tbatson\Defects\BE\images\defects\AME419_PM4\260731_0710_D614176_028_SMP_8M6CL_25787_3.jpg,D1V,BPD448,AME419_PM4,SMALL_PARTICLE,6.0,,,,,,,,,,,,,,,,,,
BMK_0005,tune,factory_beep,14day_2631,8487295,2026-07-30 17:12:29,481,8487295_20260730_171229_481,260730_1636_D617642_538_BEEP_8M6CL_481_2.jpg,260730_1636_D617642_538_BEEP_8M6CL_481_3.jpg,\\orshfs.intel.com\ORAnalysis$\1276_MAODATA\Config\etch\AME\tbatson\Defects\BE\images\defects\AME409_PM2\260730_1636_D617642_538_BEEP_8M6CL_481_2.jpg,\\orshfs.intel.com\ORAnalysis$\1276_MAODATA\Config\etch\AME\tbatson\Defects\BE\images\defects\AME409_PM2\260730_1636_D617642_538_BEEP_8M6CL_481_3.jpg,D1V,BPD454,AME409_PM2,BEEP,36.0,,,,,,,,,,,,,,,,,,
BMK_0006,tune,non_beep_control,14day_2631,8438447,2026-07-30 07:03:36,4,8438447_20260730_070336_4,260730_0511_D616511_022_SMP_8M6CL_4_2.jpg,260730_0511_D616511_022_SMP_8M6CL_4_3.jpg,\\orshfs.intel.com\ORAnalysis$\1276_MAODATA\Config\etch\AME\tbatson\Defects\BE\images\defects\AME423_PM4\260730_0511_D616511_022_SMP_8M6CL_4_2.jpg,\\orshfs.intel.com\ORAnalysis$\1276_MAODATA\Config\etch\AME\tbatson\Defects\BE\images\defects\AME423_PM4\260730_0511_D616511_022_SMP_8M6CL_4_3.jpg,D1V,BPD446,AME423_PM4,SMALL_PARTICLE,2.0,,,,,,,,,,,,,,,,,,
BMK_0007,eval,non_beep_control,14day_2631,8487510,2026-07-30 04:49:26,409,8487510_20260730_044926_409,260730_0355_D617643_052_SMP_8M5CL_409_2.jpg,260730_0355_D617643_052_SMP_8M5CL_409_3.jpg,\\orshfs.intel.com\ORAnalysis$\1276_MAODATA\Config\etch\AME\tbatson\Defects\BE\images\defects\AME421_PM6\260730_0355_D617643_052_SMP_8M5CL_409_2.jpg,\\orshfs.intel.com\ORAnalysis$\1276_MAODATA\Config\etch\AME\tbatson\Defects\BE\images\defects\AME421_PM6\260730_0355_D617643_052_SMP_8M5CL_409_3.jpg,D1V,BPD454,AME421_PM6,SMALL_PARTICLE,2.0,,,,,,,,,,,,,,,,,,
BMK_0008,tune,non_beep_control,14day_2631,8487510,2026-07-30 04:49:26,657,8487510_20260730_044926_657,260730_0355_D617643_052_SMP_8M5CL_657_2.jpg,260730_0355_D617643_052_SMP_8M5CL_657_3.jpg,\\orshfs.intel.com\ORAnalysis$\1276_MAODATA\Config\etch\AME\tbatson\Defects\BE\images\defects\AME421_PM6\260730_0355_D617643_052_SMP_8M5CL_657_2.jpg,\\orshfs.intel.com\ORAnalysis$\1276_MAODATA\Config\etch\AME\tbatson\Defects\BE\images\defects\AME421_PM6\260730_0355_D617643_052_SMP_8M5CL_657_3.jpg,D1V,BPD454,AME421_PM6,SMALL_PARTICLE,2.0,,,,,,,,,,,,,,,,,,
BMK_0009,tune,factory_beep,14day_2631,8438931,2026-07-30 01:59:56,12,8438931_20260730_015956_12,260728_2021_D616520_630_BEEP_8M6CL_12_2.jpg,260728_2021_D616520_630_BEEP_8M6CL_12_3.jpg,\\orshfs.intel.com\ORAnalysis$\1276_MAODATA\Config\etch\AME\tbatson\Defects\BE\images\defects\AME403_PM3\260728_2021_D616520_630_BEEP_8M6CL_12_2.jpg,\\orshfs.intel.com\ORAnalysis$\1276_MAODATA\Config\etch\AME\tbatson\Defects\BE\images\defects\AME403_PM3\260728_2021_D616520_630_BEEP_8M6CL_12_3.jpg,D1V,BPD442,AME403_PM3,BEEP,37.0,,,,,,,,,,,,,,,,,,
BMK_0010,eval,non_beep_control,14day_2631,8438931,2026-07-30 01:59:56,20,8438931_20260730_015956_20,260728_2021_D616520_630_SMP_8M6CL_20_2.jpg,260728_2021_D616520_630_SMP_8M6CL_20_3.jpg,\\orshfs.intel.com\ORAnalysis$\1276_MAODATA\Config\etch\AME\tbatson\Defects\BE\images\defects\AME403_PM3\260728_2021_D616520_630_SMP_8M6CL_20_2.jpg,\\orshfs.intel.com\ORAnalysis$\1276_MAODATA\Config\etch\AME\tbatson\Defects\BE\images\defects\AME403_PM3\260728_2021_D616520_630_SMP_8M6CL_20_3.jpg,D1V,BPD442,AME403_PM3,SMALL_PARTICLE,2.0,,,,,,,,,,,,,,,,,,
BMK_0011,tune,non_beep_control,14day_2631,8340083,2026-07-29 21:31:10,22425,8340083_20260729_213110_22425,260729_1956_D614176_029_SMP_8M5CL_22425_2.jpg,260729_1956_D614176_029_SMP_8M5CL_22425_3.jpg,\\orshfs.intel.com\ORAnalysis$\1276_MAODATA\Config\etch\AME\tbatson\Defects\BE\images\defects\AME411_PM1\260729_1956_D614176_029_SMP_8M5CL_22425_2.jpg,\\orshfs.intel.com\ORAnalysis$\1276_MAODATA\Config\etch\AME\tbatson\Defects\BE\images\defects\AME411_PM1\260729_1956_D614176_029_SMP_8M5CL_22425_3.jpg,D1V,BPD458,AME411_PM1,SMALL_PARTICLE,2.0,,,,,,,,,,,,,,,,,,
BMK_0012,tune,non_beep_control,14day_2631,8340083,2026-07-29 21:31:10,37681,8340083_20260729_213110_37681,260729_1956_D614176_029_SMP_8M5CL_37681_2.jpg,260729_1956_D614176_029_SMP_8M5CL_37681_3.jpg,\\orshfs.intel.com\ORAnalysis$\1276_MAODATA\Config\etch\AME\tbatson\Defects\BE\images\defects\AME411_PM1\260729_1956_D614176_029_SMP_8M5CL_37681_2.jpg,\\orshfs.intel.com\ORAnalysis$\1276_MAODATA\Config\etch\AME\tbatson\Defects\BE\images\defects\AME411_PM1\260729_1956_D614176_029_SMP_8M5CL_37681_3.jpg,D1V,BPD458,AME411_PM1,SMALL_PARTICLE,2.0,,,,,,,,,,,,,,,,,,
BMK_0013,tune,factory_beep,14day_2631,8483435,2026-07-29 05:32:59,4387,8483435_20260729_053259_4387,260728_2329_D617626_375_BEEP_8M5CL_4387_2.jpg,260728_2329_D617626_375_BEEP_8M5CL_4387_3.jpg,\\orshfs.intel.com\ORAnalysis$\1276_MAODATA\Config\etch\AME\tbatson\Defects\BE\images\defects\AME421_PM4\260728_2329_D617626_375_BEEP_8M5CL_4387_2.jpg,\\orshfs.intel.com\ORAnalysis$\1276_MAODATA\Config\etch\AME\tbatson\Defects\BE\images\defects\AME421_PM4\260728_2329_D617626_375_BEEP_8M5CL_4387_3.jpg,D1V,BPD454,AME421_PM4,BEEP,0.0,,,,,,,,,,,,,,,,,,
BMK_0014,tune,non_beep_control,14day_2631,8487295,2026-07-29 00:11:15,1002,8487295_20260729_001115_1002,260728_2313_D617642_538_SMP_8M5CL_1002_2.jpg,260728_2313_D617642_538_SMP_8M5CL_1002_3.jpg,\\orshfs.intel.com\ORAnalysis$\1276_MAODATA\Config\etch\AME\tbatson\Defects\BE\images\defects\AME403_PM3\260728_2313_D617642_538_SMP_8M5CL_1002_2.jpg,\\orshfs.intel.com\ORAnalysis$\1276_MAODATA\Config\etch\AME\tbatson\Defects\BE\images\defects\AME403_PM3\260728_2313_D617642_538_SMP_8M5CL_1002_3.jpg,D1V,BPD458,AME403_PM3,SMALL_PARTICLE,2.0,,,,,,,,,,,,,,,,,,
BMK_0015,tune,non_beep_control,14day_2631,8487295,2026-07-29 00:11:15,1009,8487295_20260729_001115_1009,260728_2313_D617642_538_SMP_8M5CL_1009_2.jpg,260728_2313_D617642_538_SMP_8M5CL_1009_3.jpg,\\orshfs.intel.com\ORAnalysis$\1276_MAODATA\Config\etch\AME\tbatson\Defects\BE\images\defects\AME403_PM3\260728_2313_D617642_538_SMP_8M5CL_1009_2.jpg,\\orshfs.intel.com\ORAnalysis$\1276_MAODATA\Config\etch\AME\tbatson\Defects\BE\images\defects\AME403_PM3\260728_2313_D617642_538_SMP_8M5CL_1009_3.jpg,D1V,BPD458,AME403_PM3,SMALL_PARTICLE,83.0,,,,,,,,,,,,,,,,,,
BMK_0016,tune,non_beep_control,14day_2631,8487295,2026-07-29 00:11:15,1020,8487295_20260729_001115_1020,260728_2313_D617642_538_SMP_8M5CL_1020_2.jpg,260728_2313_D617642_538_SMP_8M5CL_1020_3.jpg,\\orshfs.intel.com\ORAnalysis$\1276_MAODATA\Config\etch\AME\tbatson\Defects\BE\images\defects\AME403_PM3\260728_2313_D617642_538_SMP_8M5CL_1020_2.jpg,\\orshfs.intel.com\ORAnalysis$\1276_MAODATA\Config\etch\AME\tbatson\Defects\BE\images\defects\AME403_PM3\260728_2313_D617642_538_SMP_8M5CL_1020_3.jpg,D1V,BPD458,AME403_PM3,SMALL_PARTICLE,83.0,,,,,,,,,,,,,,,,,,
BMK_0017,eval,non_beep_control,14day_2631,8487295,2026-07-29 00:11:15,1063,8487295_20260729_001115_1063,260728_2313_D617642_538_SMP_8M5CL_1063_2.jpg,260728_2313_D617642_538_SMP_8M5CL_1063_3.jpg,\\orshfs.intel.com\ORAnalysis$\1276_MAODATA\Config\etch\AME\tbatson\Defects\BE\images\defects\AME403_PM3\260728_2313_D617642_538_SMP_8M5CL_1063_2.jpg,\\orshfs.intel.com\ORAnalysis$\1276_MAODATA\Config\etch\AME\tbatson\Defects\BE\images\defects\AME403_PM3\260728_2313_D617642_538_SMP_8M5CL_1063_3.jpg,D1V,BPD458,AME403_PM3,SMALL_PARTICLE,83.0,,,,,,,,,,,,,,,,,,
BMK_0018,tune,non_beep_control,14day_2631,8487295,2026-07-29 00:11:15,1074,8487295_20260729_001115_1074,260728_2313_D617642_538_SMP_8M5CL_1074_2.jpg,260728_2313_D617642_538_SMP_8M5CL_1074_3.jpg,\\orshfs.intel.com\ORAnalysis$\1276_MAODATA\Config\etch\AME\tbatson\Defects\BE\images\defects\AME403_PM3\260728_2313_D617642_538_SMP_8M5CL_1074_2.jpg,\\orshfs.intel.com\ORAnalysis$\1276_MAODATA\Config\etch\AME\tbatson\Defects\BE\images\defects\AME403_PM3\260728_2313_D617642_538_SMP_8M5CL_1074_3.jpg,D1V,BPD458,AME403_PM3,SMALL_PARTICLE,83.0,,,,,,,,,,,,,,,,,,
BMK_0019,eval,non_beep_control,14day_2631,8487295,2026-07-29 00:11:15,989,8487295_20260729_001115_989,260728_2313_D617642_538_SMP_8M5CL_989_2.jpg,260728_2313_D617642_538_SMP_8M5CL_989_3.jpg,\\orshfs.intel.com\ORAnalysis$\1276_MAODATA\Config\etch\AME\tbatson\Defects\BE\images\defects\AME403_PM3\260728_2313_D617642_538_SMP_8M5CL_989_2.jpg,\\orshfs.intel.com\ORAnalysis$\1276_MAODATA\Config\etch\AME\tbatson\Defects\BE\images\defects\AME403_PM3\260728_2313_D617642_538_SMP_8M5CL_989_3.jpg,D1V,BPD458,AME403_PM3,SMALL_PARTICLE,2.0,,,,,,,,,,,,,,,,,,
BMK_0020,tune,non_beep_control,14day_2631,8487295,2026-07-29 00:11:15,990,8487295_20260729_001115_990,260728_2313_D617642_538_SMP_8M5CL_990_2.jpg,260728_2313_D617642_538_SMP_8M5CL_990_3.jpg,\\orshfs.intel.com\ORAnalysis$\1276_MAODATA\Config\etch\AME\tbatson\Defects\BE\images\defects\AME403_PM3\260728_2313_D617642_538_SMP_8M5CL_990_2.jpg,\\orshfs.intel.com\ORAnalysis$\1276_MAODATA\Config\etch\AME\tbatson\Defects\BE\images\defects\AME403_PM3\260728_2313_D617642_538_SMP_8M5CL_990_3.jpg,D1V,BPD458,AME403_PM3,SMALL_PARTICLE,83.0,,,,,,,,,,,,,,,,,,
BMK_0021,tune,non_beep_control,14day_2631,8487295,2026-07-29 00:11:15,992,8487295_20260729_001115_992,260728_2313_D617642_538_SMP_8M5CL_992_2.jpg,260728_2313_D617642_538_SMP_8M5CL_992_3.jpg,\\orshfs.intel.com\ORAnalysis$\1276_MAODATA\Config\etch\AME\tbatson\Defects\BE\images\defects\AME403_PM3\260728_2313_D617642_538_SMP_8M5CL_992_2.jpg,\\orshfs.intel.com\ORAnalysis$\1276_MAODATA\Config\etch\AME\tbatson\Defects\BE\images\defects\AME403_PM3\260728_2313_D617642_538_SMP_8M5CL_992_3.jpg,D1V,BPD458,AME403_PM3,SMALL_PARTICLE,83.0,,,,,,,,,,,,,,,,,,
BMK_0022,tune,non_beep_control,14day_2631,8487295,2026-07-29 00:11:15,993,8487295_20260729_001115_993,260728_2313_D617642_538_SMP_8M5CL_993_2.jpg,260728_2313_D617642_538_SMP_8M5CL_993_3.jpg,\\orshfs.intel.com\ORAnalysis$\1276_MAODATA\Config\etch\AME\tbatson\Defects\BE\images\defects\AME403_PM3\260728_2313_D617642_538_SMP_8M5CL_993_2.jpg,\\orshfs.intel.com\ORAnalysis$\1276_MAODATA\Config\etch\AME\tbatson\Defects\BE\images\defects\AME403_PM3\260728_2313_D617642_538_SMP_8M5CL_993_3.jpg,D1V,BPD458,AME403_PM3,SMALL_PARTICLE,83.0,,,,,,,,,,,,,,,,,,
BMK_0023,tune,non_beep_control,14day_2631,8487295,2026-07-29 00:11:15,997,8487295_20260729_001115_997,260728_2313_D617642_538_SMP_8M5CL_997_2.jpg,260728_2313_D617642_538_SMP_8M5CL_997_3.jpg,\\orshfs.intel.com\ORAnalysis$\1276_MAODATA\Config\etch\AME\tbatson\Defects\BE\images\defects\AME403_PM3\260728_2313_D617642_538_SMP_8M5CL_997_2.jpg,\\orshfs.intel.com\ORAnalysis$\1276_MAODATA\Config\etch\AME\tbatson\Defects\BE\images\defects\AME403_PM3\260728_2313_D617642_538_SMP_8M5CL_997_3.jpg,D1V,BPD458,AME403_PM3,SMALL_PARTICLE,83.0,,,,,,,,,,,,,,,,,,
BMK_0024,eval,factory_beep,14day_2631,8487115,2026-07-29 00:11:15,916,8487115_20260729_001115_916,260728_2212_D617642_539_BEEP_8M5CL_916_2.jpg,260728_2212_D617642_539_BEEP_8M5CL_916_3.jpg,\\orshfs.intel.com\ORAnalysis$\1276_MAODATA\Config\etch\AME\tbatson\Defects\BE\images\defects\AME403_PM4\260728_2212_D617642_539_BEEP_8M5CL_916_2.jpg,\\orshfs.intel.com\ORAnalysis$\1276_MAODATA\Config\etch\AME\tbatson\Defects\BE\images\defects\AME403_PM4\260728_2212_D617642_539_BEEP_8M5CL_916_3.jpg,D1V,BPD458,AME403_PM4,BEEP,153.0,,,,,,,,,,,,,,,,,,
BMK_0025,tune,factory_beep,14day_2631,8421180,2026-07-28 18:37:40,249746,8421180_20260728_183740_249746,260728_1725_D615977_177_BEEP_8M5CL_249746_2.jpg,260728_1725_D615977_177_BEEP_8M5CL_249746_3.jpg,\\orshfs.intel.com\ORAnalysis$\1276_MAODATA\Config\etch\AME\tbatson\Defects\BE\images\defects\AME421_PM6\260728_1725_D615977_177_BEEP_8M5CL_249746_2.jpg,\\orshfs.intel.com\ORAnalysis$\1276_MAODATA\Config\etch\AME\tbatson\Defects\BE\images\defects\AME421_PM6\260728_1725_D615977_177_BEEP_8M5CL_249746_3.jpg,D1V,BPD446,AME421_PM6,BEEP,37.0,,,,,,,,,,,,,,,,,,
BMK_0026,tune,factory_beep,14day_2631,9019170,2026-07-28 13:36:39,150,9019170_20260728_133639_150,260728_1215_D616507_305_BEEP_8M6CL_150_2.jpg,260728_1215_D616507_305_BEEP_8M6CL_150_3.jpg,\\orshfs.intel.com\ORAnalysis$\1276_MAODATA\Config\etch\AME\tbatson\Defects\BE\images\defects\AME421_PM6\260728_1215_D616507_305_BEEP_8M6CL_150_2.jpg,\\orshfs.intel.com\ORAnalysis$\1276_MAODATA\Config\etch\AME\tbatson\Defects\BE\images\defects\AME421_PM6\260728_1215_D616507_305_BEEP_8M6CL_150_3.jpg,D1V,BPD450,AME421_PM6,BEEP,0.0,,,,,,,,,,,,,,,,,,
BMK_0027,eval,factory_beep,14day_2631,9019170,2026-07-28 13:36:39,253,9019170_20260728_133639_253,260728_1215_D616507_305_BEEP_8M6CL_253_2.jpg,260728_1215_D616507_305_BEEP_8M6CL_253_3.jpg,\\orshfs.intel.com\ORAnalysis$\1276_MAODATA\Config\etch\AME\tbatson\Defects\BE\images\defects\AME421_PM6\260728_1215_D616507_305_BEEP_8M6CL_253_2.jpg,\\orshfs.intel.com\ORAnalysis$\1276_MAODATA\Config\etch\AME\tbatson\Defects\BE\images\defects\AME421_PM6\260728_1215_D616507_305_BEEP_8M6CL_253_3.jpg,D1V,BPD450,AME421_PM6,BEEP,0.0,,,,,,,,,,,,,,,,,,
BMK_0028,tune,factory_beep,14day_2631,9019170,2026-07-28 13:36:39,260,9019170_20260728_133639_260,260728_1215_D616507_305_BEEP_8M6CL_260_2.jpg,260728_1215_D616507_305_BEEP_8M6CL_260_3.jpg,\\orshfs.intel.com\ORAnalysis$\1276_MAODATA\Config\etch\AME\tbatson\Defects\BE\images\defects\AME421_PM6\260728_1215_D616507_305_BEEP_8M6CL_260_2.jpg,\\orshfs.intel.com\ORAnalysis$\1276_MAODATA\Config\etch\AME\tbatson\Defects\BE\images\defects\AME421_PM6\260728_1215_D616507_305_BEEP_8M6CL_260_3.jpg,D1V,BPD450,AME421_PM6,BEEP,0.0,,,,,,,,,,,,,,,,,,
BMK_0029,tune,non_beep_control,14day_2631,9019173,2026-07-28 13:36:39,443,9019173_20260728_133639_443,260728_1227_D616507_307_SMP_8M6CL_443_2.jpg,260728_1227_D616507_307_SMP_8M6CL_443_3.jpg,\\orshfs.intel.com\ORAnalysis$\1276_MAODATA\Config\etch\AME\tbatson\Defects\BE\images\defects\AME421_PM6\260728_1227_D616507_307_SMP_8M6CL_443_2.jpg,\\orshfs.intel.com\ORAnalysis$\1276_MAODATA\Config\etch\AME\tbatson\Defects\BE\images\defects\AME421_PM6\260728_1227_D616507_307_SMP_8M6CL_443_3.jpg,D1V,BPD450,AME421_PM6,SMALL_PARTICLE,0.0,,,,,,,,,,,,,,,,,,
BMK_0030,eval,factory_beep,14day_2631,9019192,2026-07-28 13:36:39,53,9019192_20260728_133639_53,260728_1224_D616507_308_BEEP_8M6CL_53_2.jpg,260728_1224_D616507_308_BEEP_8M6CL_53_3.jpg,\\orshfs.intel.com\ORAnalysis$\1276_MAODATA\Config\etch\AME\tbatson\Defects\BE\images\defects\AME421_PM6\260728_1224_D616507_308_BEEP_8M6CL_53_2.jpg,\\orshfs.intel.com\ORAnalysis$\1276_MAODATA\Config\etch\AME\tbatson\Defects\BE\images\defects\AME421_PM6\260728_1224_D616507_308_BEEP_8M6CL_53_3.jpg,D1V,BPD450,AME421_PM6,BEEP,0.0,,,,,,,,,,,,,,,,,,
BMK_0031,eval,factory_beep,14day_2631,8441247,2026-07-28 10:29:35,264,8441247_20260728_102935_264,260728_0842_D616530_036_BEEP_8M5CL_264_2.jpg,260728_0842_D616530_036_BEEP_8M5CL_264_3.jpg,\\orshfs.intel.com\ORAnalysis$\1276_MAODATA\Config\etch\AME\tbatson\Defects\BE\images\defects\AME403_PM3\260728_0842_D616530_036_BEEP_8M5CL_264_2.jpg,\\orshfs.intel.com\ORAnalysis$\1276_MAODATA\Config\etch\AME\tbatson\Defects\BE\images\defects\AME403_PM3\260728_0842_D616530_036_BEEP_8M5CL_264_3.jpg,D1V,BPD454,AME403_PM3,BEEP,37.0,,,,,,,,,,,,,,,,,,
BMK_0032,tune,factory_beep,14day_2631,8441235,2026-07-28 10:29:35,3107,8441235_20260728_102935_3107,260728_0900_D616530_035_BEEP_8M5CL_3107_2.jpg,260728_0900_D616530_035_BEEP_8M5CL_3107_3.jpg,\\orshfs.intel.com\ORAnalysis$\1276_MAODATA\Config\etch\AME\tbatson\Defects\BE\images\defects\AME403_PM3\260728_0900_D616530_035_BEEP_8M5CL_3107_2.jpg,\\orshfs.intel.com\ORAnalysis$\1276_MAODATA\Config\etch\AME\tbatson\Defects\BE\images\defects\AME403_PM3\260728_0900_D616530_035_BEEP_8M5CL_3107_3.jpg,D1V,BPD454,AME403_PM3,BEEP,37.0,,,,,,,,,,,,,,,,,,
BMK_0033,eval,non_beep_control,14day_2631,8533506,2026-07-28 08:53:35,13968,8533506_20260728_085335_13968,260728_0728_D618239_604_SMP_8M5CL_13968_2.jpg,260728_0728_D618239_604_SMP_8M5CL_13968_3.jpg,\\orshfs.intel.com\ORAnalysis$\1276_MAODATA\Config\etch\AME\tbatson\Defects\BE\images\defects\AME425_PM2\260728_0728_D618239_604_SMP_8M5CL_13968_2.jpg,\\orshfs.intel.com\ORAnalysis$\1276_MAODATA\Config\etch\AME\tbatson\Defects\BE\images\defects\AME425_PM2\260728_0728_D618239_604_SMP_8M5CL_13968_3.jpg,D1V,BPD446,AME425_PM2,SMALL_PARTICLE,2.0,,,,,,,,,,,,,,,,,,
BMK_0034,tune,non_beep_control,14day_2631,8533506,2026-07-28 08:53:35,14662,8533506_20260728_085335_14662,260728_0728_D618239_604_SMP_8M5CL_14662_2.jpg,260728_0728_D618239_604_SMP_8M5CL_14662_3.jpg,\\orshfs.intel.com\ORAnalysis$\1276_MAODATA\Config\etch\AME\tbatson\Defects\BE\images\defects\AME425_PM2\260728_0728_D618239_604_SMP_8M5CL_14662_2.jpg,\\orshfs.intel.com\ORAnalysis$\1276_MAODATA\Config\etch\AME\tbatson\Defects\BE\images\defects\AME425_PM2\260728_0728_D618239_604_SMP_8M5CL_14662_3.jpg,D1V,BPD446,AME425_PM2,SMALL_PARTICLE,2.0,,,,,,,,,,,,,,,,,,
BMK_0035,tune,non_beep_control,14day_2631,8533506,2026-07-28 08:53:35,16693,8533506_20260728_085335_16693,260728_0728_D618239_604_SMP_8M5CL_16693_2.jpg,260728_0728_D618239_604_SMP_8M5CL_16693_3.jpg,\\orshfs.intel.com\ORAnalysis$\1276_MAODATA\Config\etch\AME\tbatson\Defects\BE\images\defects\AME425_PM2\260728_0728_D618239_604_SMP_8M5CL_16693_2.jpg,\\orshfs.intel.com\ORAnalysis$\1276_MAODATA\Config\etch\AME\tbatson\Defects\BE\images\defects\AME425_PM2\260728_0728_D618239_604_SMP_8M5CL_16693_3.jpg,D1V,BPD446,AME425_PM2,SMALL_PARTICLE,2.0,,,,,,,,,,,,,,,,,,
BMK_0036,tune,factory_beep,14day_2631,9035602,2026-07-28 06:13:24,9037,9035602_20260728_061324_9037,260728_0425_D602107_562_BEEP_8M5CL_9037_2.jpg,260728_0425_D602107_562_BEEP_8M5CL_9037_3.jpg,\\orshfs.intel.com\ORAnalysis$\1276_MAODATA\Config\etch\AME\tbatson\Defects\BE\images\defects\AME411_PM2\260728_0425_D602107_562_BEEP_8M5CL_9037_2.jpg,\\orshfs.intel.com\ORAnalysis$\1276_MAODATA\Config\etch\AME\tbatson\Defects\BE\images\defects\AME411_PM2\260728_0425_D602107_562_BEEP_8M5CL_9037_3.jpg,D1V,BPD436,AME411_PM2,BEEP,0.0,,,,,,,,,,,,,,,,,,
BMK_0037,eval,non_beep_control,14day_2631,8425175,2026-07-28 04:11:48,48353,8425175_20260728_041148_48353,260728_0330_D616470_019_SMP_8M6CL_48353_2.jpg,260728_0330_D616470_019_SMP_8M6CL_48353_3.jpg,\\orshfs.intel.com\ORAnalysis$\1276_MAODATA\Config\etch\AME\tbatson\Defects\BE\images\defects\AME403_PM3\260728_0330_D616470_019_SMP_8M6CL_48353_2.jpg,\\orshfs.intel.com\ORAnalysis$\1276_MAODATA\Config\etch\AME\tbatson\Defects\BE\images\defects\AME403_PM3\260728_0330_D616470_019_SMP_8M6CL_48353_3.jpg,D1V,BPD448,AME403_PM3,SMALL_PARTICLE,2.0,,,,,,,,,,,,,,,,,,
BMK_0038,tune,non_beep_control,14day_2631,8425175,2026-07-28 04:11:48,99528,8425175_20260728_041148_99528,260728_0330_D616470_019_SMP_8M6CL_99528_2.jpg,260728_0330_D616470_019_SMP_8M6CL_99528_3.jpg,\\orshfs.intel.com\ORAnalysis$\1276_MAODATA\Config\etch\AME\tbatson\Defects\BE\images\defects\AME403_PM3\260728_0330_D616470_019_SMP_8M6CL_99528_2.jpg,\\orshfs.intel.com\ORAnalysis$\1276_MAODATA\Config\etch\AME\tbatson\Defects\BE\images\defects\AME403_PM3\260728_0330_D616470_019_SMP_8M6CL_99528_3.jpg,D1V,BPD448,AME403_PM3,SMALL_PARTICLE,2.0,,,,,,,,,,,,,,,,,,
BMK_0039,eval,non_beep_control,14day_2631,8524357,2026-07-28 03:50:17,64,8524357_20260728_035017_64,260728_0233_D618205_005_SMP_8M6CL_64_2.jpg,260728_0233_D618205_005_SMP_8M6CL_64_3.jpg,\\orshfs.intel.com\ORAnalysis$\1276_MAODATA\Config\etch\AME\tbatson\Defects\BE\images\defects\AME421_PM2\260728_0233_D618205_005_SMP_8M6CL_64_2.jpg,\\orshfs.intel.com\ORAnalysis$\1276_MAODATA\Config\etch\AME\tbatson\Defects\BE\images\defects\AME421_PM2\260728_0233_D618205_005_SMP_8M6CL_64_3.jpg,D1V,BPD444,AME421_PM2,SMALL_PARTICLE,83.0,,,,,,,,,,,,,,,,,,
BMK_0040,eval,factory_beep,14day_2631,8434596,2026-07-27 18:27:35,58,8434596_20260727_182735_58,260727_1743_D616507_315_BEEP_8M6CL_58_2.jpg,260727_1743_D616507_315_BEEP_8M6CL_58_3.jpg,\\orshfs.intel.com\ORAnalysis$\1276_MAODATA\Config\etch\AME\tbatson\Defects\BE\images\defects\AME425_PM5\260727_1743_D616507_315_BEEP_8M6CL_58_2.jpg,\\orshfs.intel.com\ORAnalysis$\1276_MAODATA\Config\etch\AME\tbatson\Defects\BE\images\defects\AME425_PM5\260727_1743_D616507_315_BEEP_8M6CL_58_3.jpg,D1V,BPD448,AME425_PM5,BEEP,0.0,,,,,,,,,,,,,,,,,,
BMK_0041,tune,factory_beep,14day_2631,8434596,2026-07-27 18:27:35,62,8434596_20260727_182735_62,260727_1743_D616507_315_BEEP_8M6CL_62_2.jpg,260727_1743_D616507_315_BEEP_8M6CL_62_3.jpg,\\orshfs.intel.com\ORAnalysis$\1276_MAODATA\Config\etch\AME\tbatson\Defects\BE\images\defects\AME425_PM5\260727_1743_D616507_315_BEEP_8M6CL_62_2.jpg,\\orshfs.intel.com\ORAnalysis$\1276_MAODATA\Config\etch\AME\tbatson\Defects\BE\images\defects\AME425_PM5\260727_1743_D616507_315_BEEP_8M6CL_62_3.jpg,D1V,BPD448,AME425_PM5,BEEP,0.0,,,,,,,,,,,,,,,,,,
BMK_0042,eval,non_beep_control,14day_2631,8434659,2026-07-27 18:27:35,67,8434659_20260727_182735_67,260727_1732_D616507_303_SMP_8M6CL_67_2.jpg,260727_1732_D616507_303_SMP_8M6CL_67_3.jpg,\\orshfs.intel.com\ORAnalysis$\1276_MAODATA\Config\etch\AME\tbatson\Defects\BE\images\defects\AME425_PM5\260727_1732_D616507_303_SMP_8M6CL_67_2.jpg,\\orshfs.intel.com\ORAnalysis$\1276_MAODATA\Config\etch\AME\tbatson\Defects\BE\images\defects\AME425_PM5\260727_1732_D616507_303_SMP_8M6CL_67_3.jpg,D1V,BPD448,AME425_PM5,SMALL_PARTICLE,0.0,,,,,,,,,,,,,,,,,,
BMK_0043,tune,non_beep_control,14day_2631,8434659,2026-07-27 18:27:35,75,8434659_20260727_182735_75,260727_1732_D616507_303_SMP_8M6CL_75_2.jpg,260727_1732_D616507_303_SMP_8M6CL_75_3.jpg,\\orshfs.intel.com\ORAnalysis$\1276_MAODATA\Config\etch\AME\tbatson\Defects\BE\images\defects\AME425_PM5\260727_1732_D616507_303_SMP_8M6CL_75_2.jpg,\\orshfs.intel.com\ORAnalysis$\1276_MAODATA\Config\etch\AME\tbatson\Defects\BE\images\defects\AME425_PM5\260727_1732_D616507_303_SMP_8M6CL_75_3.jpg,D1V,BPD448,AME425_PM5,SMALL_PARTICLE,0.0,,,,,,,,,,,,,,,,,,
BMK_0044,tune,non_beep_control,14day_2631,8434678,2026-07-27 18:27:35,195,8434678_20260727_182735_195,260727_1743_D616507_313_SMP_8M6CL_195_2.jpg,260727_1743_D616507_313_SMP_8M6CL_195_3.jpg,\\orshfs.intel.com\ORAnalysis$\1276_MAODATA\Config\etch\AME\tbatson\Defects\BE\images\defects\AME425_PM6\260727_1743_D616507_313_SMP_8M6CL_195_2.jpg,\\orshfs.intel.com\ORAnalysis$\1276_MAODATA\Config\etch\AME\tbatson\Defects\BE\images\defects\AME425_PM6\260727_1743_D616507_313_SMP_8M6CL_195_3.jpg,D1V,BPD448,AME425_PM6,SMALL_PARTICLE,0.0,,,,,,,,,,,,,,,,,,
BMK_0045,eval,non_beep_control,14day_2631,8434594,2026-07-27 18:27:35,33,8434594_20260727_182735_33,260727_1746_D616507_160_SMP_8M6CL_33_2.jpg,260727_1746_D616507_160_SMP_8M6CL_33_3.jpg,\\orshfs.intel.com\ORAnalysis$\1276_MAODATA\Config\etch\AME\tbatson\Defects\BE\images\defects\AME425_PM6\260727_1746_D616507_160_SMP_8M6CL_33_2.jpg,\\orshfs.intel.com\ORAnalysis$\1276_MAODATA\Config\etch\AME\tbatson\Defects\BE\images\defects\AME425_PM6\260727_1746_D616507_160_SMP_8M6CL_33_3.jpg,D1V,BPD448,AME425_PM6,SMALL_PARTICLE,0.0,,,,,,,,,,,,,,,,,,
BMK_0046,eval,non_beep_control,14day_2631,8483217,2026-07-27 16:40:41,15,8483217_20260727_164041_15,260727_1324_D617630_340_SMP_8M6CL_15_2.jpg,260727_1324_D617630_340_SMP_8M6CL_15_3.jpg,\\orshfs.intel.com\ORAnalysis$\1276_MAODATA\Config\etch\AME\tbatson\Defects\BE\images\defects\AME425_PM4\260727_1324_D617630_340_SMP_8M6CL_15_2.jpg,\\orshfs.intel.com\ORAnalysis$\1276_MAODATA\Config\etch\AME\tbatson\Defects\BE\images\defects\AME425_PM4\260727_1324_D617630_340_SMP_8M6CL_15_3.jpg,D1V,BPD442,AME425_PM4,SMALL_PARTICLE,0.0,,,,,,,,,,,,,,,,,,
BMK_0047,tune,factory_beep,14day_2631,8483226,2026-07-27 16:40:41,23,8483226_20260727_164041_23,260727_1258_D617630_158_BEEP_8M6CL_23_2.jpg,260727_1258_D617630_158_BEEP_8M6CL_23_3.jpg,\\orshfs.intel.com\ORAnalysis$\1276_MAODATA\Config\etch\AME\tbatson\Defects\BE\images\defects\AME425_PM4\260727_1258_D617630_158_BEEP_8M6CL_23_2.jpg,\\orshfs.intel.com\ORAnalysis$\1276_MAODATA\Config\etch\AME\tbatson\Defects\BE\images\defects\AME425_PM4\260727_1258_D617630_158_BEEP_8M6CL_23_3.jpg,D1V,BPD442,AME425_PM4,BEEP,0.0,,,,,,,,,,,,,,,,,,
BMK_0048,tune,non_beep_control,14day_2631,8483217,2026-07-27 16:40:41,31,8483217_20260727_164041_31,260727_1324_D617630_340_SMP_8M6CL_31_2.jpg,260727_1324_D617630_340_SMP_8M6CL_31_3.jpg,\\orshfs.intel.com\ORAnalysis$\1276_MAODATA\Config\etch\AME\tbatson\Defects\BE\images\defects\AME425_PM4\260727_1324_D617630_340_SMP_8M6CL_31_2.jpg,\\orshfs.intel.com\ORAnalysis$\1276_MAODATA\Config\etch\AME\tbatson\Defects\BE\images\defects\AME425_PM4\260727_1324_D617630_340_SMP_8M6CL_31_3.jpg,D1V,BPD442,AME425_PM4,SMALL_PARTICLE,0.0,,,,,,,,,,,,,,,,,,
BMK_0049,tune,non_beep_control,14day_2631,8483226,2026-07-27 16:40:41,46,8483226_20260727_164041_46,260727_1258_D617630_158_SMP_8M6CL_46_2.jpg,260727_1258_D617630_158_SMP_8M6CL_46_3.jpg,\\orshfs.intel.com\ORAnalysis$\1276_MAODATA\Config\etch\AME\tbatson\Defects\BE\images\defects\AME425_PM4\260727_1258_D617630_158_SMP_8M6CL_46_2.jpg,\\orshfs.intel.com\ORAnalysis$\1276_MAODATA\Config\etch\AME\tbatson\Defects\BE\images\defects\AME425_PM4\260727_1258_D617630_158_SMP_8M6CL_46_3.jpg,D1V,BPD442,AME425_PM4,SMALL_PARTICLE,0.0,,,,,,,,,,,,,,,,,,
BMK_0050,tune,factory_beep,14day_2631,8466156,2026-07-27 03:05:38,40,8466156_20260727_030538_40,260727_0129_D617109_193_BEEP_8M6CL_40_2.jpg,260727_0129_D617109_193_BEEP_8M6CL_40_3.jpg,\\orshfs.intel.com\ORAnalysis$\1276_MAODATA\Config\etch\AME\tbatson\Defects\BE\images\defects\AME403_PM3\260727_0129_D617109_193_BEEP_8M6CL_40_2.jpg,\\orshfs.intel.com\ORAnalysis$\1276_MAODATA\Config\etch\AME\tbatson\Defects\BE\images\defects\AME403_PM3\260727_0129_D617109_193_BEEP_8M6CL_40_3.jpg,D1V,BPD454,AME403_PM3,BEEP,0.0,,,,,,,,,,,,,,,,,,
BMK_0051,tune,non_beep_control,14day_2631,8466156,2026-07-27 03:05:38,41,8466156_20260727_030538_41,260727_0129_D617109_193_SMP_8M6CL_41_2.jpg,260727_0129_D617109_193_SMP_8M6CL_41_3.jpg,\\orshfs.intel.com\ORAnalysis$\1276_MAODATA\Config\etch\AME\tbatson\Defects\BE\images\defects\AME403_PM3\260727_0129_D617109_193_SMP_8M6CL_41_2.jpg,\\orshfs.intel.com\ORAnalysis$\1276_MAODATA\Config\etch\AME\tbatson\Defects\BE\images\defects\AME403_PM3\260727_0129_D617109_193_SMP_8M6CL_41_3.jpg,D1V,BPD454,AME403_PM3,SMALL_PARTICLE,0.0,,,,,,,,,,,,,,,,,,
BMK_0052,eval,factory_beep,14day_2631,8466156,2026-07-27 03:05:38,42,8466156_20260727_030538_42,260727_0129_D617109_193_BEEP_8M6CL_42_2.jpg,260727_0129_D617109_193_BEEP_8M6CL_42_3.jpg,\\orshfs.intel.com\ORAnalysis$\1276_MAODATA\Config\etch\AME\tbatson\Defects\BE\images\defects\AME403_PM3\260727_0129_D617109_193_BEEP_8M6CL_42_2.jpg,\\orshfs.intel.com\ORAnalysis$\1276_MAODATA\Config\etch\AME\tbatson\Defects\BE\images\defects\AME403_PM3\260727_0129_D617109_193_BEEP_8M6CL_42_3.jpg,D1V,BPD454,AME403_PM3,BEEP,0.0,,,,,,,,,,,,,,,,,,
BMK_0053,tune,factory_beep,14day_2631,8466216,2026-07-27 03:05:38,10,8466216_20260727_030538_10,260727_0142_D617109_187_BEEP_8M6CL_10_2.jpg,260727_0142_D617109_187_BEEP_8M6CL_10_3.jpg,\\orshfs.intel.com\ORAnalysis$\1276_MAODATA\Config\etch\AME\tbatson\Defects\BE\images\defects\AME403_PM4\260727_0142_D617109_187_BEEP_8M6CL_10_2.jpg,\\orshfs.intel.com\ORAnalysis$\1276_MAODATA\Config\etch\AME\tbatson\Defects\BE\images\defects\AME403_PM4\260727_0142_D617109_187_BEEP_8M6CL_10_3.jpg,D1V,BPD454,AME403_PM4,BEEP,0.0,,,,,,,,,,,,,,,,,,
BMK_0054,tune,non_beep_control,14day_2631,8466216,2026-07-27 03:05:38,22,8466216_20260727_030538_22,260727_0142_D617109_187_SMP_8M6CL_22_2.jpg,260727_0142_D617109_187_SMP_8M6CL_22_3.jpg,\\orshfs.intel.com\ORAnalysis$\1276_MAODATA\Config\etch\AME\tbatson\Defects\BE\images\defects\AME403_PM4\260727_0142_D617109_187_SMP_8M6CL_22_2.jpg,\\orshfs.intel.com\ORAnalysis$\1276_MAODATA\Config\etch\AME\tbatson\Defects\BE\images\defects\AME403_PM4\260727_0142_D617109_187_SMP_8M6CL_22_3.jpg,D1V,BPD454,AME403_PM4,SMALL_PARTICLE,0.0,,,,,,,,,,,,,,,,,,
BMK_0055,tune,non_beep_control,14day_2631,8466216,2026-07-27 03:05:38,3,8466216_20260727_030538_3,260727_0142_D617109_187_SMP_8M6CL_3_2.jpg,260727_0142_D617109_187_SMP_8M6CL_3_3.jpg,\\orshfs.intel.com\ORAnalysis$\1276_MAODATA\Config\etch\AME\tbatson\Defects\BE\images\defects\AME403_PM4\260727_0142_D617109_187_SMP_8M6CL_3_2.jpg,\\orshfs.intel.com\ORAnalysis$\1276_MAODATA\Config\etch\AME\tbatson\Defects\BE\images\defects\AME403_PM4\260727_0142_D617109_187_SMP_8M6CL_3_3.jpg,D1V,BPD454,AME403_PM4,SMALL_PARTICLE,0.0,,,,,,,,,,,,,,,,,,
BMK_0056,tune,non_beep_control,14day_2631,8466179,2026-07-26 23:38:18,68,8466179_20260726_233818_68,260726_2245_D617104_173_SMP_8M6CL_68_2.jpg,260726_2245_D617104_173_SMP_8M6CL_68_3.jpg,\\orshfs.intel.com\ORAnalysis$\1276_MAODATA\Config\etch\AME\tbatson\Defects\BE\images\defects\AME427_PM1\260726_2245_D617104_173_SMP_8M6CL_68_2.jpg,\\orshfs.intel.com\ORAnalysis$\1276_MAODATA\Config\etch\AME\tbatson\Defects\BE\images\defects\AME427_PM1\260726_2245_D617104_173_SMP_8M6CL_68_3.jpg,D1V,BPD448,AME427_PM1,SMALL_PARTICLE,0.0,,,,,,,,,,,,,,,,,,
BMK_0057,eval,non_beep_control,14day_2631,8510045,2026-07-26 16:52:27,11771,8510045_20260726_165227_11771,260726_1629_D618155_735_SMP_8M6CL_11771_2.jpg,260726_1629_D618155_735_SMP_8M6CL_11771_3.jpg,\\orshfs.intel.com\ORAnalysis$\1276_MAODATA\Config\etch\AME\tbatson\Defects\BE\images\defects\AME403_PM4\260726_1629_D618155_735_SMP_8M6CL_11771_2.jpg,\\orshfs.intel.com\ORAnalysis$\1276_MAODATA\Config\etch\AME\tbatson\Defects\BE\images\defects\AME403_PM4\260726_1629_D618155_735_SMP_8M6CL_11771_3.jpg,D1V,BPD432,AME403_PM4,SMALL_PARTICLE,0.0,,,,,,,,,,,,,,,,,,
BMK_0058,tune,non_beep_control,14day_2631,8510045,2026-07-26 16:52:27,13870,8510045_20260726_165227_13870,260726_1629_D618155_735_SMP_8M6CL_13870_2.jpg,260726_1629_D618155_735_SMP_8M6CL_13870_3.jpg,\\orshfs.intel.com\ORAnalysis$\1276_MAODATA\Config\etch\AME\tbatson\Defects\BE\images\defects\AME403_PM4\260726_1629_D618155_735_SMP_8M6CL_13870_2.jpg,\\orshfs.intel.com\ORAnalysis$\1276_MAODATA\Config\etch\AME\tbatson\Defects\BE\images\defects\AME403_PM4\260726_1629_D618155_735_SMP_8M6CL_13870_3.jpg,D1V,BPD432,AME403_PM4,SMALL_PARTICLE,0.0,,,,,,,,,,,,,,,,,,
BMK_0059,eval,non_beep_control,14day_2631,8509955,2026-07-26 16:52:27,1652,8509955_20260726_165227_1652,260726_1604_D618155_630_SMP_8M6CL_1652_2.jpg,260726_1604_D618155_630_SMP_8M6CL_1652_3.jpg,\\orshfs.intel.com\ORAnalysis$\1276_MAODATA\Config\etch\AME\tbatson\Defects\BE\images\defects\AME403_PM4\260726_1604_D618155_630_SMP_8M6CL_1652_2.jpg,\\orshfs.intel.com\ORAnalysis$\1276_MAODATA\Config\etch\AME\tbatson\Defects\BE\images\defects\AME403_PM4\260726_1604_D618155_630_SMP_8M6CL_1652_3.jpg,D1V,BPD432,AME403_PM4,SMALL_PARTICLE,83.0,,,,,,,,,,,,,,,,,,
BMK_0060,tune,non_beep_control,14day_2631,8510045,2026-07-26 16:52:27,7354,8510045_20260726_165227_7354,260726_1629_D618155_735_SMP_8M6CL_7354_2.jpg,260726_1629_D618155_735_SMP_8M6CL_7354_3.jpg,\\orshfs.intel.com\ORAnalysis$\1276_MAODATA\Config\etch\AME\tbatson\Defects\BE\images\defects\AME403_PM4\260726_1629_D618155_735_SMP_8M6CL_7354_2.jpg,\\orshfs.intel.com\ORAnalysis$\1276_MAODATA\Config\etch\AME\tbatson\Defects\BE\images\defects\AME403_PM4\260726_1629_D618155_735_SMP_8M6CL_7354_3.jpg,D1V,BPD432,AME403_PM4,SMALL_PARTICLE,0.0,,,,,,,,,,,,,,,,,,
BMK_0061,tune,non_beep_control,14day_2631,8509993,2026-07-26 16:52:27,7467,8509993_20260726_165227_7467,260726_1623_D618155_719_SMP_8M6CL_7467_2.jpg,260726_1623_D618155_719_SMP_8M6CL_7467_3.jpg,\\orshfs.intel.com\ORAnalysis$\1276_MAODATA\Config\etch\AME\tbatson\Defects\BE\images\defects\AME403_PM4\260726_1623_D618155_719_SMP_8M6CL_7467_2.jpg,\\orshfs.intel.com\ORAnalysis$\1276_MAODATA\Config\etch\AME\tbatson\Defects\BE\images\defects\AME403_PM4\260726_1623_D618155_719_SMP_8M6CL_7467_3.jpg,D1V,BPD432,AME403_PM4,SMALL_PARTICLE,0.0,,,,,,,,,,,,,,,,,,
BMK_0062,tune,non_beep_control,14day_2631,8510045,2026-07-26 16:52:27,7977,8510045_20260726_165227_7977,260726_1629_D618155_735_SMP_8M6CL_7977_2.jpg,260726_1629_D618155_735_SMP_8M6CL_7977_3.jpg,\\orshfs.intel.com\ORAnalysis$\1276_MAODATA\Config\etch\AME\tbatson\Defects\BE\images\defects\AME403_PM4\260726_1629_D618155_735_SMP_8M6CL_7977_2.jpg,\\orshfs.intel.com\ORAnalysis$\1276_MAODATA\Config\etch\AME\tbatson\Defects\BE\images\defects\AME403_PM4\260726_1629_D618155_735_SMP_8M6CL_7977_3.jpg,D1V,BPD432,AME403_PM4,SMALL_PARTICLE,0.0,,,,,,,,,,,,,,,,,,
BMK_0063,tune,factory_beep,14day_2631,8425354,2026-07-26 05:08:38,79115,8425354_20260726_050838_79115,260726_0258_D616470_009_BEEP_8M5CL_79115_2.jpg,260726_0258_D616470_009_BEEP_8M5CL_79115_3.jpg,\\orshfs.intel.com\ORAnalysis$\1276_MAODATA\Config\etch\AME\tbatson\Defects\BE\images\defects\AME417_PM3\260726_0258_D616470_009_BEEP_8M5CL_79115_2.jpg,\\orshfs.intel.com\ORAnalysis$\1276_MAODATA\Config\etch\AME\tbatson\Defects\BE\images\defects\AME417_PM3\260726_0258_D616470_009_BEEP_8M5CL_79115_3.jpg,D1V,BPD436,AME417_PM3,BEEP,1.0,,,,,,,,,,,,,,,,,,
BMK_0064,tune,factory_beep,14day_2631,8593967,2026-07-26 00:57:47,245,8593967_20260726_005747_245,260725_2300_D620411_107_BEEP_8M6CL_245_2.jpg,260725_2300_D620411_107_BEEP_8M6CL_245_3.jpg,\\orshfs.intel.com\ORAnalysis$\1276_MAODATA\Config\etch\AME\tbatson\Defects\BE\images\defects\AME421_PM6\260725_2300_D620411_107_BEEP_8M6CL_245_2.jpg,\\orshfs.intel.com\ORAnalysis$\1276_MAODATA\Config\etch\AME\tbatson\Defects\BE\images\defects\AME421_PM6\260725_2300_D620411_107_BEEP_8M6CL_245_3.jpg,D1V,BPD432,AME421_PM6,BEEP,0.0,,,,,,,,,,,,,,,,,,
BMK_0065,eval,non_beep_control,14day_2631,8184642,2026-07-25 23:28:41,230222,8184642_20260725_232841_230222,260725_2155_D609924_031_SMP_8M5CL_230222_2.jpg,260725_2155_D609924_031_SMP_8M5CL_230222_3.jpg,\\orshfs.intel.com\ORAnalysis$\1276_MAODATA\Config\etch\AME\tbatson\Defects\BE\images\defects\AME421_PM4\260725_2155_D609924_031_SMP_8M5CL_230222_2.jpg,\\orshfs.intel.com\ORAnalysis$\1276_MAODATA\Config\etch\AME\tbatson\Defects\BE\images\defects\AME421_PM4\260725_2155_D609924_031_SMP_8M5CL_230222_3.jpg,D1V,BPD436,AME421_PM4,SMALL_PARTICLE,0.0,,,,,,,,,,,,,,,,,,
BMK_0066,tune,non_beep_control,14day_2631,8184745,2026-07-25 23:28:41,25188,8184745_20260725_232841_25188,260725_2127_D609924_036_SMP_8M5CL_25188_2.jpg,260725_2127_D609924_036_SMP_8M5CL_25188_3.jpg,\\orshfs.intel.com\ORAnalysis$\1276_MAODATA\Config\etch\AME\tbatson\Defects\BE\images\defects\AME421_PM4\260725_2127_D609924_036_SMP_8M5CL_25188_2.jpg,\\orshfs.intel.com\ORAnalysis$\1276_MAODATA\Config\etch\AME\tbatson\Defects\BE\images\defects\AME421_PM4\260725_2127_D609924_036_SMP_8M5CL_25188_3.jpg,D1V,BPD436,AME421_PM4,SMALL_PARTICLE,0.0,,,,,,,,,,,,,,,,,,
BMK_0067,tune,non_beep_control,14day_2631,8184642,2026-07-25 23:28:41,34980,8184642_20260725_232841_34980,260725_2155_D609924_031_SMP_8M5CL_34980_2.jpg,260725_2155_D609924_031_SMP_8M5CL_34980_3.jpg,\\orshfs.intel.com\ORAnalysis$\1276_MAODATA\Config\etch\AME\tbatson\Defects\BE\images\defects\AME421_PM4\260725_2155_D609924_031_SMP_8M5CL_34980_2.jpg,\\orshfs.intel.com\ORAnalysis$\1276_MAODATA\Config\etch\AME\tbatson\Defects\BE\images\defects\AME421_PM4\260725_2155_D609924_031_SMP_8M5CL_34980_3.jpg,D1V,BPD436,AME421_PM4,SMALL_PARTICLE,0.0,,,,,,,,,,,,,,,,,,
BMK_0068,tune,non_beep_control,14day_2631,8524333,2026-07-25 20:12:24,1863,8524333_20260725_201224_1863,260725_1813_D618205_046_SMP_8M5CL_1863_2.jpg,260725_1813_D618205_046_SMP_8M5CL_1863_3.jpg,\\orshfs.intel.com\ORAnalysis$\1276_MAODATA\Config\etch\AME\tbatson\Defects\BE\images\defects\AME427_PM5\260725_1813_D618205_046_SMP_8M5CL_1863_2.jpg,\\orshfs.intel.com\ORAnalysis$\1276_MAODATA\Config\etch\AME\tbatson\Defects\BE\images\defects\AME427_PM5\260725_1813_D618205_046_SMP_8M5CL_1863_3.jpg,D1V,BPD436,AME427_PM5,SMALL_PARTICLE,0.0,,,,,,,,,,,,,,,,,,
BMK_0069,tune,non_beep_control,14day_2631,8524321,2026-07-25 20:12:24,3295,8524321_20260725_201224_3295,260725_1813_D618205_025_SMP_8M5CL_3295_2.jpg,260725_1813_D618205_025_SMP_8M5CL_3295_3.jpg,\\orshfs.intel.com\ORAnalysis$\1276_MAODATA\Config\etch\AME\tbatson\Defects\BE\images\defects\AME427_PM6\260725_1813_D618205_025_SMP_8M5CL_3295_2.jpg,\\orshfs.intel.com\ORAnalysis$\1276_MAODATA\Config\etch\AME\tbatson\Defects\BE\images\defects\AME427_PM6\260725_1813_D618205_025_SMP_8M5CL_3295_3.jpg,D1V,BPD436,AME427_PM6,SMALL_PARTICLE,0.0,,,,,,,,,,,,,,,,,,
BMK_0070,tune,factory_beep,14day_2631,8524357,2026-07-25 20:12:24,4129,8524357_20260725_201224_4129,260725_1802_D618205_005_BEEP_8M5CL_4129_2.jpg,260725_1802_D618205_005_BEEP_8M5CL_4129_3.jpg,\\orshfs.intel.com\ORAnalysis$\1276_MAODATA\Config\etch\AME\tbatson\Defects\BE\images\defects\AME427_PM6\260725_1802_D618205_005_BEEP_8M5CL_4129_2.jpg,\\orshfs.intel.com\ORAnalysis$\1276_MAODATA\Config\etch\AME\tbatson\Defects\BE\images\defects\AME427_PM6\260725_1802_D618205_005_BEEP_8M5CL_4129_3.jpg,D1V,BPD436,AME427_PM6,BEEP,37.0,,,,,,,,,,,,,,,,,,
BMK_0071,tune,non_beep_control,14day_2631,8434594,2026-07-25 15:11:32,124,8434594_20260725_151132_124,260725_1423_D616507_160_SMP_8M5CL_124_2.jpg,260725_1423_D616507_160_SMP_8M5CL_124_3.jpg,\\orshfs.intel.com\ORAnalysis$\1276_MAODATA\Config\etch\AME\tbatson\Defects\BE\images\defects\AME421_PM6\260725_1423_D616507_160_SMP_8M5CL_124_2.jpg,\\orshfs.intel.com\ORAnalysis$\1276_MAODATA\Config\etch\AME\tbatson\Defects\BE\images\defects\AME421_PM6\260725_1423_D616507_160_SMP_8M5CL_124_3.jpg,D1V,BPD436,AME421_PM6,SMALL_PARTICLE,0.0,,,,,,,,,,,,,,,,,,
BMK_0072,tune,other,14day_2631,8509986,2026-07-25 02:21:20,8592,8509986_20260725_022120_8592,260725_0052_D618155_631_SMP_8M5CL_8592_2.jpg,260725_0052_D618155_631_SMP_8M5CL_8592_3.jpg,\\orshfs.intel.com\ORAnalysis$\1276_MAODATA\Config\etch\AME\tbatson\Defects\BE\images\defects\AME401_PM1\260725_0052_D618155_631_SMP_8M5CL_8592_2.jpg,\\orshfs.intel.com\ORAnalysis$\1276_MAODATA\Config\etch\AME\tbatson\Defects\BE\images\defects\AME401_PM1\260725_0052_D618155_631_SMP_8M5CL_8592_3.jpg,D1V,BPD458,AME401_PM1,,,,,,,,,,,,,,,,,,,,
BMK_0073,eval,non_beep_control,14day_2631,8472684,2026-07-25 00:04:42,333,8472684_20260725_000442_333,260724_1740_D617601_340_SMP_8M6CL_333_2.jpg,260724_1740_D617601_340_SMP_8M6CL_333_3.jpg,\\orshfs.intel.com\ORAnalysis$\1276_MAODATA\Config\etch\AME\tbatson\Defects\BE\images\defects\AME417_PM6\260724_1740_D617601_340_SMP_8M6CL_333_2.jpg,\\orshfs.intel.com\ORAnalysis$\1276_MAODATA\Config\etch\AME\tbatson\Defects\BE\images\defects\AME417_PM6\260724_1740_D617601_340_SMP_8M6CL_333_3.jpg,D1V,BPD436,AME417_PM6,SMALL_PARTICLE,0.0,,,,,,,,,,,,,,,,,,
BMK_0074,tune,non_beep_control,14day_2631,8472684,2026-07-25 00:04:42,363,8472684_20260725_000442_363,260724_1740_D617601_340_SMP_8M6CL_363_2.jpg,260724_1740_D617601_340_SMP_8M6CL_363_3.jpg,\\orshfs.intel.com\ORAnalysis$\1276_MAODATA\Config\etch\AME\tbatson\Defects\BE\images\defects\AME417_PM6\260724_1740_D617601_340_SMP_8M6CL_363_2.jpg,\\orshfs.intel.com\ORAnalysis$\1276_MAODATA\Config\etch\AME\tbatson\Defects\BE\images\defects\AME417_PM6\260724_1740_D617601_340_SMP_8M6CL_363_3.jpg,D1V,BPD436,AME417_PM6,SMALL_PARTICLE,0.0,,,,,,,,,,,,,,,,,,
BMK_0075,tune,factory_beep,14day_2631,8415779,2026-07-24 16:03:12,6,8415779_20260724_160312_6,260724_1434_D615447_040_BEEP_8M6CL_6_2.jpg,260724_1434_D615447_040_BEEP_8M6CL_6_3.jpg,\\orshfs.intel.com\ORAnalysis$\1276_MAODATA\Config\etch\AME\tbatson\Defects\BE\images\defects\AME409_PM3\260724_1434_D615447_040_BEEP_8M6CL_6_2.jpg,\\orshfs.intel.com\ORAnalysis$\1276_MAODATA\Config\etch\AME\tbatson\Defects\BE\images\defects\AME409_PM3\260724_1434_D615447_040_BEEP_8M6CL_6_3.jpg,D1V,BPD446,AME409_PM3,BEEP,0.0,,,,,,,,,,,,,,,,,,
BMK_0076,tune,other,14day_2631,8466218,2026-07-23 19:47:38,6781,8466218_20260723_194738_6781,260723_1151_D617108_206_SMP_8M5CL_6781_2.jpg,260723_1151_D617108_206_SMP_8M5CL_6781_3.jpg,\\orshfs.intel.com\ORAnalysis$\1276_MAODATA\Config\etch\AME\tbatson\Defects\BE\images\defects\AME403_PM6\260723_1151_D617108_206_SMP_8M5CL_6781_2.jpg,\\orshfs.intel.com\ORAnalysis$\1276_MAODATA\Config\etch\AME\tbatson\Defects\BE\images\defects\AME403_PM6\260723_1151_D617108_206_SMP_8M5CL_6781_3.jpg,D1V,BPD436,AME403_PM6,,,,,,,,,,,,,,,,,,,,
BMK_0077,tune,other,14day_2631,8421419,2026-07-23 18:23:51,3400,8421419_20260723_182351_3400,260723_0838_D615973_245_SMP_8M6CL_3400_2.jpg,260723_0838_D615973_245_SMP_8M6CL_3400_3.jpg,\\orshfs.intel.com\ORAnalysis$\1276_MAODATA\Config\etch\AME\tbatson\Defects\BE\images\defects\AME403_PM1\260723_0838_D615973_245_SMP_8M6CL_3400_2.jpg,\\orshfs.intel.com\ORAnalysis$\1276_MAODATA\Config\etch\AME\tbatson\Defects\BE\images\defects\AME403_PM1\260723_0838_D615973_245_SMP_8M6CL_3400_3.jpg,D1V,BPD458,AME403_PM1,,,,,,,,,,,,,,,,,,,,
BMK_0078,eval,other,14day_2631,9004285,2026-07-23 06:07:44,50255,9004285_20260723_060744_50255,260723_0259_D615973_542_SMP_8M6CL_50255_2.jpg,260723_0259_D615973_542_SMP_8M6CL_50255_3.jpg,\\orshfs.intel.com\ORAnalysis$\1276_MAODATA\Config\etch\AME\tbatson\Defects\BE\images\defects\AME401_PM2\260723_0259_D615973_542_SMP_8M6CL_50255_2.jpg,\\orshfs.intel.com\ORAnalysis$\1276_MAODATA\Config\etch\AME\tbatson\Defects\BE\images\defects\AME401_PM2\260723_0259_D615973_542_SMP_8M6CL_50255_3.jpg,D1V,BPD448,AME401_PM2,,,,,,,,,,,,,,,,,,,,
BMK_0079,eval,other,14day_2631,8480278,2026-07-23 01:46:45,2288,8480278_20260723_014645_2288,260722_1850_D617623_139_SMP_8M5CL_2288_2.jpg,260722_1850_D617623_139_SMP_8M5CL_2288_3.jpg,\\orshfs.intel.com\ORAnalysis$\1276_MAODATA\Config\etch\AME\tbatson\Defects\BE\images\defects\AME421_PM4\260722_1850_D617623_139_SMP_8M5CL_2288_2.jpg,\\orshfs.intel.com\ORAnalysis$\1276_MAODATA\Config\etch\AME\tbatson\Defects\BE\images\defects\AME421_PM4\260722_1850_D617623_139_SMP_8M5CL_2288_3.jpg,D1V,BPD446,AME421_PM4,,,,,,,,,,,,,,,,,,,,
BMK_0080,tune,other,14day_2631,8480278,2026-07-23 01:46:45,5749,8480278_20260723_014645_5749,260722_1850_D617623_139_BEEP_8M5CL_5749_2.jpg,260722_1850_D617623_139_BEEP_8M5CL_5749_3.jpg,\\orshfs.intel.com\ORAnalysis$\1276_MAODATA\Config\etch\AME\tbatson\Defects\BE\images\defects\AME421_PM4\260722_1850_D617623_139_BEEP_8M5CL_5749_2.jpg,\\orshfs.intel.com\ORAnalysis$\1276_MAODATA\Config\etch\AME\tbatson\Defects\BE\images\defects\AME421_PM4\260722_1850_D617623_139_BEEP_8M5CL_5749_3.jpg,D1V,BPD446,AME421_PM4,,,,,,,,,,,,,,,,,,,,
BMK_0081,eval,other,14day_2631,8385680,2026-07-23 00:54:09,555,8385680_20260723_005409_555,260722_1926_D615291_011_SMP_8M6CL_555_2.jpg,260722_1926_D615291_011_SMP_8M6CL_555_3.jpg,\\orshfs.intel.com\ORAnalysis$\1276_MAODATA\Config\etch\AME\tbatson\Defects\BE\images\defects\AME421_PM1\260722_1926_D615291_011_SMP_8M6CL_555_2.jpg,\\orshfs.intel.com\ORAnalysis$\1276_MAODATA\Config\etch\AME\tbatson\Defects\BE\images\defects\AME421_PM1\260722_1926_D615291_011_SMP_8M6CL_555_3.jpg,D1V,BPD448,AME421_PM1,,,,,,,,,,,,,,,,,,,,
BMK_0082,tune,other,14day_2631,8385680,2026-07-23 00:54:09,837,8385680_20260723_005409_837,260722_1926_D615291_011_SMP_8M6CL_837_2.jpg,260722_1926_D615291_011_SMP_8M6CL_837_3.jpg,\\orshfs.intel.com\ORAnalysis$\1276_MAODATA\Config\etch\AME\tbatson\Defects\BE\images\defects\AME421_PM1\260722_1926_D615291_011_SMP_8M6CL_837_2.jpg,\\orshfs.intel.com\ORAnalysis$\1276_MAODATA\Config\etch\AME\tbatson\Defects\BE\images\defects\AME421_PM1\260722_1926_D615291_011_SMP_8M6CL_837_3.jpg,D1V,BPD448,AME421_PM1,,,,,,,,,,,,,,,,,,,,
BMK_0083,tune,other,14day_2631,8385591,2026-07-23 00:54:09,883,8385591_20260723_005409_883,260722_1922_D615291_009_BEEP_8M6CL_883_2.jpg,260722_1922_D615291_009_BEEP_8M6CL_883_3.jpg,\\orshfs.intel.com\ORAnalysis$\1276_MAODATA\Config\etch\AME\tbatson\Defects\BE\images\defects\AME421_PM1\260722_1922_D615291_009_BEEP_8M6CL_883_2.jpg,\\orshfs.intel.com\ORAnalysis$\1276_MAODATA\Config\etch\AME\tbatson\Defects\BE\images\defects\AME421_PM1\260722_1922_D615291_009_BEEP_8M6CL_883_3.jpg,D1V,BPD448,AME421_PM1,,,,,,,,,,,,,,,,,,,,
BMK_0084,tune,other,14day_2631,8385677,2026-07-23 00:54:09,1075,8385677_20260723_005409_1075,260722_1910_D615291_025_SMP_8M6CL_1075_2.jpg,260722_1910_D615291_025_SMP_8M6CL_1075_3.jpg,\\orshfs.intel.com\ORAnalysis$\1276_MAODATA\Config\etch\AME\tbatson\Defects\BE\images\defects\AME421_PM2\260722_1910_D615291_025_SMP_8M6CL_1075_2.jpg,\\orshfs.intel.com\ORAnalysis$\1276_MAODATA\Config\etch\AME\tbatson\Defects\BE\images\defects\AME421_PM2\260722_1910_D615291_025_SMP_8M6CL_1075_3.jpg,D1V,BPD448,AME421_PM2,,,,,,,,,,,,,,,,,,,,
BMK_0085,tune,other,14day_2631,8415731,2026-07-22 23:37:43,1557,8415731_20260722_233743_1557,260722_1704_D615447_080_SMP_8M5CL_1557_2.jpg,260722_1704_D615447_080_SMP_8M5CL_1557_3.jpg,\\orshfs.intel.com\ORAnalysis$\1276_MAODATA\Config\etch\AME\tbatson\Defects\BE\images\defects\AME409_PM3\260722_1704_D615447_080_SMP_8M5CL_1557_2.jpg,\\orshfs.intel.com\ORAnalysis$\1276_MAODATA\Config\etch\AME\tbatson\Defects\BE\images\defects\AME409_PM3\260722_1704_D615447_080_SMP_8M5CL_1557_3.jpg,D1V,BPD436,AME409_PM3,,,,,,,,,,,,,,,,,,,,
BMK_0086,tune,other,14day_2631,8415779,2026-07-22 23:37:43,2705,8415779_20260722_233743_2705,260722_1718_D615447_040_BEEP_8M5CL_2705_2.jpg,260722_1718_D615447_040_BEEP_8M5CL_2705_3.jpg,\\orshfs.intel.com\ORAnalysis$\1276_MAODATA\Config\etch\AME\tbatson\Defects\BE\images\defects\AME409_PM3\260722_1718_D615447_040_BEEP_8M5CL_2705_2.jpg,\\orshfs.intel.com\ORAnalysis$\1276_MAODATA\Config\etch\AME\tbatson\Defects\BE\images\defects\AME409_PM3\260722_1718_D615447_040_BEEP_8M5CL_2705_3.jpg,D1V,BPD436,AME409_PM3,,,,,,,,,,,,,,,,,,,,
BMK_0087,eval,other,14day_2631,8415779,2026-07-22 23:37:43,3054,8415779_20260722_233743_3054,260722_1718_D615447_040_BEEP_8M5CL_3054_2.jpg,260722_1718_D615447_040_BEEP_8M5CL_3054_3.jpg,\\orshfs.intel.com\ORAnalysis$\1276_MAODATA\Config\etch\AME\tbatson\Defects\BE\images\defects\AME409_PM3\260722_1718_D615447_040_BEEP_8M5CL_3054_2.jpg,\\orshfs.intel.com\ORAnalysis$\1276_MAODATA\Config\etch\AME\tbatson\Defects\BE\images\defects\AME409_PM3\260722_1718_D615447_040_BEEP_8M5CL_3054_3.jpg,D1V,BPD436,AME409_PM3,,,,,,,,,,,,,,,,,,,,
BMK_0088,tune,other,14day_2631,8415779,2026-07-22 23:37:43,4502,8415779_20260722_233743_4502,260722_1718_D615447_040_SMP_8M5CL_4502_2.jpg,260722_1718_D615447_040_SMP_8M5CL_4502_3.jpg,\\orshfs.intel.com\ORAnalysis$\1276_MAODATA\Config\etch\AME\tbatson\Defects\BE\images\defects\AME409_PM3\260722_1718_D615447_040_SMP_8M5CL_4502_2.jpg,\\orshfs.intel.com\ORAnalysis$\1276_MAODATA\Config\etch\AME\tbatson\Defects\BE\images\defects\AME409_PM3\260722_1718_D615447_040_SMP_8M5CL_4502_3.jpg,D1V,BPD436,AME409_PM3,,,,,,,,,,,,,,,,,,,,
BMK_0089,eval,other,14day_2631,8978714,2026-07-22 11:14:19,2972,8978714_20260722_111419_2972,260722_0946_D613153_191_BEEP_8M6CL_2972_2.jpg,260722_0946_D613153_191_BEEP_8M6CL_2972_3.jpg,\\orshfs.intel.com\ORAnalysis$\1276_MAODATA\Config\etch\AME\tbatson\Defects\BE\images\defects\AME427_PM3\260722_0946_D613153_191_BEEP_8M6CL_2972_2.jpg,\\orshfs.intel.com\ORAnalysis$\1276_MAODATA\Config\etch\AME\tbatson\Defects\BE\images\defects\AME427_PM3\260722_0946_D613153_191_BEEP_8M6CL_2972_3.jpg,D1V,BPD446,AME427_PM3,,,,,,,,,,,,,,,,,,,,
BMK_0090,tune,other,14day_2631,8978714,2026-07-22 11:14:19,3015,8978714_20260722_111419_3015,260722_0946_D613153_191_SMP_8M6CL_3015_2.jpg,260722_0946_D613153_191_SMP_8M6CL_3015_3.jpg,\\orshfs.intel.com\ORAnalysis$\1276_MAODATA\Config\etch\AME\tbatson\Defects\BE\images\defects\AME427_PM3\260722_0946_D613153_191_SMP_8M6CL_3015_2.jpg,\\orshfs.intel.com\ORAnalysis$\1276_MAODATA\Config\etch\AME\tbatson\Defects\BE\images\defects\AME427_PM3\260722_0946_D613153_191_SMP_8M6CL_3015_3.jpg,D1V,BPD446,AME427_PM3,,,,,,,,,,,,,,,,,,,,
BMK_0091,eval,other,14day_2631,8978714,2026-07-22 11:14:19,3230,8978714_20260722_111419_3230,260722_0946_D613153_191_BEEP_8M6CL_3230_2.jpg,260722_0946_D613153_191_BEEP_8M6CL_3230_3.jpg,\\orshfs.intel.com\ORAnalysis$\1276_MAODATA\Config\etch\AME\tbatson\Defects\BE\images\defects\AME427_PM3\260722_0946_D613153_191_BEEP_8M6CL_3230_2.jpg,\\orshfs.intel.com\ORAnalysis$\1276_MAODATA\Config\etch\AME\tbatson\Defects\BE\images\defects\AME427_PM3\260722_0946_D613153_191_BEEP_8M6CL_3230_3.jpg,D1V,BPD446,AME427_PM3,,,,,,,,,,,,,,,,,,,,
BMK_0092,tune,other,14day_2631,8978714,2026-07-22 11:14:19,337,8978714_20260722_111419_337,260722_0946_D613153_191_SMP_8M6CL_337_2.jpg,260722_0946_D613153_191_SMP_8M6CL_337_3.jpg,\\orshfs.intel.com\ORAnalysis$\1276_MAODATA\Config\etch\AME\tbatson\Defects\BE\images\defects\AME427_PM3\260722_0946_D613153_191_SMP_8M6CL_337_2.jpg,\\orshfs.intel.com\ORAnalysis$\1276_MAODATA\Config\etch\AME\tbatson\Defects\BE\images\defects\AME427_PM3\260722_0946_D613153_191_SMP_8M6CL_337_3.jpg,D1V,BPD446,AME427_PM3,,,,,,,,,,,,,,,,,,,,
BMK_0093,tune,other,14day_2631,8978714,2026-07-22 11:14:19,3491,8978714_20260722_111419_3491,260722_0946_D613153_191_BEEP_8M6CL_3491_2.jpg,260722_0946_D613153_191_BEEP_8M6CL_3491_3.jpg,\\orshfs.intel.com\ORAnalysis$\1276_MAODATA\Config\etch\AME\tbatson\Defects\BE\images\defects\AME427_PM3\260722_0946_D613153_191_BEEP_8M6CL_3491_2.jpg,\\orshfs.intel.com\ORAnalysis$\1276_MAODATA\Config\etch\AME\tbatson\Defects\BE\images\defects\AME427_PM3\260722_0946_D613153_191_BEEP_8M6CL_3491_3.jpg,D1V,BPD446,AME427_PM3,,,,,,,,,,,,,,,,,,,,
BMK_0094,tune,other,14day_2631,8978714,2026-07-22 11:14:19,3493,8978714_20260722_111419_3493,260722_0946_D613153_191_BEEP_8M6CL_3493_2.jpg,260722_0946_D613153_191_BEEP_8M6CL_3493_3.jpg,\\orshfs.intel.com\ORAnalysis$\1276_MAODATA\Config\etch\AME\tbatson\Defects\BE\images\defects\AME427_PM3\260722_0946_D613153_191_BEEP_8M6CL_3493_2.jpg,\\orshfs.intel.com\ORAnalysis$\1276_MAODATA\Config\etch\AME\tbatson\Defects\BE\images\defects\AME427_PM3\260722_0946_D613153_191_BEEP_8M6CL_3493_3.jpg,D1V,BPD446,AME427_PM3,,,,,,,,,,,,,,,,,,,,
BMK_0095,tune,other,14day_2631,8978714,2026-07-22 11:14:19,3540,8978714_20260722_111419_3540,260722_0946_D613153_191_BEEP_8M6CL_3540_2.jpg,260722_0946_D613153_191_BEEP_8M6CL_3540_3.jpg,\\orshfs.intel.com\ORAnalysis$\1276_MAODATA\Config\etch\AME\tbatson\Defects\BE\images\defects\AME427_PM3\260722_0946_D613153_191_BEEP_8M6CL_3540_2.jpg,\\orshfs.intel.com\ORAnalysis$\1276_MAODATA\Config\etch\AME\tbatson\Defects\BE\images\defects\AME427_PM3\260722_0946_D613153_191_BEEP_8M6CL_3540_3.jpg,D1V,BPD446,AME427_PM3,,,,,,,,,,,,,,,,,,,,
BMK_0096,eval,other,14day_2631,8978714,2026-07-22 11:14:19,3881,8978714_20260722_111419_3881,260722_0946_D613153_191_BEEP_8M6CL_3881_2.jpg,260722_0946_D613153_191_BEEP_8M6CL_3881_3.jpg,\\orshfs.intel.com\ORAnalysis$\1276_MAODATA\Config\etch\AME\tbatson\Defects\BE\images\defects\AME427_PM3\260722_0946_D613153_191_BEEP_8M6CL_3881_2.jpg,\\orshfs.intel.com\ORAnalysis$\1276_MAODATA\Config\etch\AME\tbatson\Defects\BE\images\defects\AME427_PM3\260722_0946_D613153_191_BEEP_8M6CL_3881_3.jpg,D1V,BPD446,AME427_PM3,,,,,,,,,,,,,,,,,,,,
BMK_0097,tune,other,14day_2631,8978714,2026-07-22 11:14:19,4239,8978714_20260722_111419_4239,260722_0946_D613153_191_SMP_8M6CL_4239_2.jpg,260722_0946_D613153_191_SMP_8M6CL_4239_3.jpg,\\orshfs.intel.com\ORAnalysis$\1276_MAODATA\Config\etch\AME\tbatson\Defects\BE\images\defects\AME427_PM3\260722_0946_D613153_191_SMP_8M6CL_4239_2.jpg,\\orshfs.intel.com\ORAnalysis$\1276_MAODATA\Config\etch\AME\tbatson\Defects\BE\images\defects\AME427_PM3\260722_0946_D613153_191_SMP_8M6CL_4239_3.jpg,D1V,BPD446,AME427_PM3,,,,,,,,,,,,,,,,,,,,
BMK_0098,eval,other,14day_2631,8979112,2026-07-22 10:00:53,16092,8979112_20260722_100053_16092,260722_0918_D614177_062_SMP_8M6CL_16092_2.jpg,260722_0918_D614177_062_SMP_8M6CL_16092_3.jpg,\\orshfs.intel.com\ORAnalysis$\1276_MAODATA\Config\etch\AME\tbatson\Defects\BE\images\defects\AME421_PM6\260722_0918_D614177_062_SMP_8M6CL_16092_2.jpg,\\orshfs.intel.com\ORAnalysis$\1276_MAODATA\Config\etch\AME\tbatson\Defects\BE\images\defects\AME421_PM6\260722_0918_D614177_062_SMP_8M6CL_16092_3.jpg,D1V,BPD432,AME421_PM6,,,,,,,,,,,,,,,,,,,,
BMK_0099,tune,other,14day_2631,8979112,2026-07-22 10:00:53,2043,8979112_20260722_100053_2043,260722_0918_D614177_062_BEEP_8M6CL_2043_2.jpg,260722_0918_D614177_062_BEEP_8M6CL_2043_3.jpg,\\orshfs.intel.com\ORAnalysis$\1276_MAODATA\Config\etch\AME\tbatson\Defects\BE\images\defects\AME421_PM6\260722_0918_D614177_062_BEEP_8M6CL_2043_2.jpg,\\orshfs.intel.com\ORAnalysis$\1276_MAODATA\Config\etch\AME\tbatson\Defects\BE\images\defects\AME421_PM6\260722_0918_D614177_062_BEEP_8M6CL_2043_3.jpg,D1V,BPD432,AME421_PM6,,,,,,,,,,,,,,,,,,,,
BMK_0100,tune,other,14day_2631,,2026-07-22 09:46:00,3230,_20260722_094600_3230,260722_0946_D613153_191_SMP_8M6CL_3230_2.jpg,260722_0946_D613153_191_SMP_8M6CL_3230_3.jpg,\\orshfs.intel.com\ORAnalysis$\1276_MAODATA\Config\etch\AME\tbatson\Defects\BE\images\defects\AME427_PM3\260722_0946_D613153_191_SMP_8M6CL_3230_2.jpg,\\orshfs.intel.com\ORAnalysis$\1276_MAODATA\Config\etch\AME\tbatson\Defects\BE\images\defects\AME427_PM3\260722_0946_D613153_191_SMP_8M6CL_3230_3.jpg,,BPD446,AME427_PM3,,,,,,,,,,,,,,,,,,,,
BMK_0101,tune,other,14day_2631,,2026-07-22 09:46:00,3493,_20260722_094600_3493,260722_0946_D613153_191_SMP_8M6CL_3493_2.jpg,260722_0946_D613153_191_SMP_8M6CL_3493_3.jpg,\\orshfs.intel.com\ORAnalysis$\1276_MAODATA\Config\etch\AME\tbatson\Defects\BE\images\defects\AME427_PM3\260722_0946_D613153_191_SMP_8M6CL_3493_2.jpg,\\orshfs.intel.com\ORAnalysis$\1276_MAODATA\Config\etch\AME\tbatson\Defects\BE\images\defects\AME427_PM3\260722_0946_D613153_191_SMP_8M6CL_3493_3.jpg,,BPD446,AME427_PM3,,,,,,,,,,,,,,,,,,,,
BMK_0102,tune,other,14day_2631,,2026-07-22 09:18:00,16092,_20260722_091800_16092,260722_0918_D614177_062_BEEP_8M6CL_16092_2.jpg,260722_0918_D614177_062_BEEP_8M6CL_16092_3.jpg,\\orshfs.intel.com\ORAnalysis$\1276_MAODATA\Config\etch\AME\tbatson\Defects\BE\images\defects\AME421_PM6\260722_0918_D614177_062_BEEP_8M6CL_16092_2.jpg,\\orshfs.intel.com\ORAnalysis$\1276_MAODATA\Config\etch\AME\tbatson\Defects\BE\images\defects\AME421_PM6\260722_0918_D614177_062_BEEP_8M6CL_16092_3.jpg,,BPD432,AME421_PM6,,,,,,,,,,,,,,,,,,,,
BMK_0103,eval,other,14day_2631,8429592,2026-07-22 08:24:42,1,8429592_20260722_082442_1,260722_0630_D616500_012_SMP_8M6CL_1_2.jpg,260722_0630_D616500_012_SMP_8M6CL_1_3.jpg,\\orshfs.intel.com\ORAnalysis$\1276_MAODATA\Config\etch\AME\tbatson\Defects\BE\images\defects\AME423_PM4\260722_0630_D616500_012_SMP_8M6CL_1_2.jpg,\\orshfs.intel.com\ORAnalysis$\1276_MAODATA\Config\etch\AME\tbatson\Defects\BE\images\defects\AME423_PM4\260722_0630_D616500_012_SMP_8M6CL_1_3.jpg,D1V,BPD442,AME423_PM4,,,,,,,,,,,,,,,,,,,,
BMK_0104,tune,other,14day_2631,8429461,2026-07-22 08:24:42,10,8429461_20260722_082442_10,260722_0641_D616500_038_BEEP_8M6CL_10_2.jpg,260722_0641_D616500_038_BEEP_8M6CL_10_3.jpg,\\orshfs.intel.com\ORAnalysis$\1276_MAODATA\Config\etch\AME\tbatson\Defects\BE\images\defects\AME423_PM4\260722_0641_D616500_038_BEEP_8M6CL_10_2.jpg,\\orshfs.intel.com\ORAnalysis$\1276_MAODATA\Config\etch\AME\tbatson\Defects\BE\images\defects\AME423_PM4\260722_0641_D616500_038_BEEP_8M6CL_10_3.jpg,D1V,BPD442,AME423_PM4,,,,,,,,,,,,,,,,,,,,
BMK_0105,tune,other,14day_2631,8429461,2026-07-22 08:24:42,17,8429461_20260722_082442_17,260722_0641_D616500_038_BEEP_8M6CL_17_2.jpg,260722_0641_D616500_038_BEEP_8M6CL_17_3.jpg,\\orshfs.intel.com\ORAnalysis$\1276_MAODATA\Config\etch\AME\tbatson\Defects\BE\images\defects\AME423_PM4\260722_0641_D616500_038_BEEP_8M6CL_17_2.jpg,\\orshfs.intel.com\ORAnalysis$\1276_MAODATA\Config\etch\AME\tbatson\Defects\BE\images\defects\AME423_PM4\260722_0641_D616500_038_BEEP_8M6CL_17_3.jpg,D1V,BPD442,AME423_PM4,,,,,,,,,,,,,,,,,,,,
BMK_0106,tune,other,14day_2631,8429472,2026-07-22 08:24:42,467,8429472_20260722_082442_467,260722_0554_D616500_039_SMP_8M6CL_467_2.jpg,260722_0554_D616500_039_SMP_8M6CL_467_3.jpg,\\orshfs.intel.com\ORAnalysis$\1276_MAODATA\Config\etch\AME\tbatson\Defects\BE\images\defects\AME423_PM4\260722_0554_D616500_039_SMP_8M6CL_467_2.jpg,\\orshfs.intel.com\ORAnalysis$\1276_MAODATA\Config\etch\AME\tbatson\Defects\BE\images\defects\AME423_PM4\260722_0554_D616500_039_SMP_8M6CL_467_3.jpg,D1V,BPD442,AME423_PM4,,,,,,,,,,,,,,,,,,,,
BMK_0107,tune,other,14day_2631,8470939,2026-07-22 01:26:39,100,8470939_20260722_012639_100,260721_2217_D617584_129_SMP_8M6CL_100_2.jpg,260721_2217_D617584_129_SMP_8M6CL_100_3.jpg,\\orshfs.intel.com\ORAnalysis$\1276_MAODATA\Config\etch\AME\tbatson\Defects\BE\images\defects\AME421_PM1\260721_2217_D617584_129_SMP_8M6CL_100_2.jpg,\\orshfs.intel.com\ORAnalysis$\1276_MAODATA\Config\etch\AME\tbatson\Defects\BE\images\defects\AME421_PM1\260721_2217_D617584_129_SMP_8M6CL_100_3.jpg,D1V,BPD432,AME421_PM1,,,,,,,,,,,,,,,,,,,,
BMK_0108,eval,other,14day_2631,8448688,2026-07-21 23:51:04,1240,8448688_20260721_235104_1240,260721_2037_D616557_178_BEEP_8M5CL_1240_2.jpg,260721_2037_D616557_178_BEEP_8M5CL_1240_3.jpg,\\orshfs.intel.com\ORAnalysis$\1276_MAODATA\Config\etch\AME\tbatson\Defects\BE\images\defects\AME425_PM2\260721_2037_D616557_178_BEEP_8M5CL_1240_2.jpg,\\orshfs.intel.com\ORAnalysis$\1276_MAODATA\Config\etch\AME\tbatson\Defects\BE\images\defects\AME425_PM2\260721_2037_D616557_178_BEEP_8M5CL_1240_3.jpg,D1V,BPD458,AME425_PM2,,,,,,,,,,,,,,,,,,,,
BMK_0109,tune,other,14day_2631,8448688,2026-07-21 23:51:04,1241,8448688_20260721_235104_1241,260721_2037_D616557_178_BEEP_8M5CL_1241_2.jpg,260721_2037_D616557_178_BEEP_8M5CL_1241_3.jpg,\\orshfs.intel.com\ORAnalysis$\1276_MAODATA\Config\etch\AME\tbatson\Defects\BE\images\defects\AME425_PM2\260721_2037_D616557_178_BEEP_8M5CL_1241_2.jpg,\\orshfs.intel.com\ORAnalysis$\1276_MAODATA\Config\etch\AME\tbatson\Defects\BE\images\defects\AME425_PM2\260721_2037_D616557_178_BEEP_8M5CL_1241_3.jpg,D1V,BPD458,AME425_PM2,,,,,,,,,,,,,,,,,,,,
BMK_0110,tune,other,14day_2631,8444809,2026-07-21 21:53:23,14,8444809_20260721_215323_14,260721_1926_D616544_017_SMP_8M6CL_14_2.jpg,260721_1926_D616544_017_SMP_8M6CL_14_3.jpg,\\orshfs.intel.com\ORAnalysis$\1276_MAODATA\Config\etch\AME\tbatson\Defects\BE\images\defects\AME419_PM6\260721_1926_D616544_017_SMP_8M6CL_14_2.jpg,\\orshfs.intel.com\ORAnalysis$\1276_MAODATA\Config\etch\AME\tbatson\Defects\BE\images\defects\AME419_PM6\260721_1926_D616544_017_SMP_8M6CL_14_3.jpg,D1V,BPD436,AME419_PM6,,,,,,,,,,,,,,,,,,,,
BMK_0111,tune,other,14day_2631,8444809,2026-07-21 21:53:23,16,8444809_20260721_215323_16,260721_1926_D616544_017_SMP_8M6CL_16_2.jpg,260721_1926_D616544_017_SMP_8M6CL_16_3.jpg,\\orshfs.intel.com\ORAnalysis$\1276_MAODATA\Config\etch\AME\tbatson\Defects\BE\images\defects\AME419_PM6\260721_1926_D616544_017_SMP_8M6CL_16_2.jpg,\\orshfs.intel.com\ORAnalysis$\1276_MAODATA\Config\etch\AME\tbatson\Defects\BE\images\defects\AME419_PM6\260721_1926_D616544_017_SMP_8M6CL_16_3.jpg,D1V,BPD436,AME419_PM6,,,,,,,,,,,,,,,,,,,,
BMK_0112,tune,other,14day_2631,8444809,2026-07-21 21:53:23,2,8444809_20260721_215323_2,260721_1926_D616544_017_SMP_8M6CL_2_2.jpg,260721_1926_D616544_017_SMP_8M6CL_2_3.jpg,\\orshfs.intel.com\ORAnalysis$\1276_MAODATA\Config\etch\AME\tbatson\Defects\BE\images\defects\AME419_PM6\260721_1926_D616544_017_SMP_8M6CL_2_2.jpg,\\orshfs.intel.com\ORAnalysis$\1276_MAODATA\Config\etch\AME\tbatson\Defects\BE\images\defects\AME419_PM6\260721_1926_D616544_017_SMP_8M6CL_2_3.jpg,D1V,BPD436,AME419_PM6,,,,,,,,,,,,,,,,,,,,
BMK_0113,eval,other,14day_2631,8444702,2026-07-21 21:53:23,6,8444702_20260721_215323_6,260721_2024_D616544_038_BEEP_8M6CL_6_2.jpg,260721_2024_D616544_038_BEEP_8M6CL_6_3.jpg,\\orshfs.intel.com\ORAnalysis$\1276_MAODATA\Config\etch\AME\tbatson\Defects\BE\images\defects\AME419_PM6\260721_2024_D616544_038_BEEP_8M6CL_6_2.jpg,\\orshfs.intel.com\ORAnalysis$\1276_MAODATA\Config\etch\AME\tbatson\Defects\BE\images\defects\AME419_PM6\260721_2024_D616544_038_BEEP_8M6CL_6_3.jpg,D1V,BPD436,AME419_PM6,,,,,,,,,,,,,,,,,,,,
BMK_0114,eval,other,14day_2631,8444809,2026-07-21 21:53:23,78,8444809_20260721_215323_78,260721_1926_D616544_017_SMP_8M6CL_78_2.jpg,260721_1926_D616544_017_SMP_8M6CL_78_3.jpg,\\orshfs.intel.com\ORAnalysis$\1276_MAODATA\Config\etch\AME\tbatson\Defects\BE\images\defects\AME419_PM6\260721_1926_D616544_017_SMP_8M6CL_78_2.jpg,\\orshfs.intel.com\ORAnalysis$\1276_MAODATA\Config\etch\AME\tbatson\Defects\BE\images\defects\AME419_PM6\260721_1926_D616544_017_SMP_8M6CL_78_3.jpg,D1V,BPD436,AME419_PM6,,,,,,,,,,,,,,,,,,,,
BMK_0115,eval,other,14day_2631,8444809,2026-07-21 21:53:23,84,8444809_20260721_215323_84,260721_1926_D616544_017_BEEP_8M6CL_84_2.jpg,260721_1926_D616544_017_BEEP_8M6CL_84_3.jpg,\\orshfs.intel.com\ORAnalysis$\1276_MAODATA\Config\etch\AME\tbatson\Defects\BE\images\defects\AME419_PM6\260721_1926_D616544_017_BEEP_8M6CL_84_2.jpg,\\orshfs.intel.com\ORAnalysis$\1276_MAODATA\Config\etch\AME\tbatson\Defects\BE\images\defects\AME419_PM6\260721_1926_D616544_017_BEEP_8M6CL_84_3.jpg,D1V,BPD436,AME419_PM6,,,,,,,,,,,,,,,,,,,,
BMK_0116,tune,other,14day_2631,8444809,2026-07-21 21:53:23,85,8444809_20260721_215323_85,260721_1926_D616544_017_SMP_8M6CL_85_2.jpg,260721_1926_D616544_017_SMP_8M6CL_85_3.jpg,\\orshfs.intel.com\ORAnalysis$\1276_MAODATA\Config\etch\AME\tbatson\Defects\BE\images\defects\AME419_PM6\260721_1926_D616544_017_SMP_8M6CL_85_2.jpg,\\orshfs.intel.com\ORAnalysis$\1276_MAODATA\Config\etch\AME\tbatson\Defects\BE\images\defects\AME419_PM6\260721_1926_D616544_017_SMP_8M6CL_85_3.jpg,D1V,BPD436,AME419_PM6,,,,,,,,,,,,,,,,,,,,
BMK_0117,tune,other,14day_2631,8444809,2026-07-21 21:53:23,86,8444809_20260721_215323_86,260721_1926_D616544_017_SMP_8M6CL_86_2.jpg,260721_1926_D616544_017_SMP_8M6CL_86_3.jpg,\\orshfs.intel.com\ORAnalysis$\1276_MAODATA\Config\etch\AME\tbatson\Defects\BE\images\defects\AME419_PM6\260721_1926_D616544_017_SMP_8M6CL_86_2.jpg,\\orshfs.intel.com\ORAnalysis$\1276_MAODATA\Config\etch\AME\tbatson\Defects\BE\images\defects\AME419_PM6\260721_1926_D616544_017_SMP_8M6CL_86_3.jpg,D1V,BPD436,AME419_PM6,,,,,,,,,,,,,,,,,,,,
BMK_0118,tune,other,14day_2631,8444809,2026-07-21 21:53:23,88,8444809_20260721_215323_88,260721_1926_D616544_017_SMP_8M6CL_88_2.jpg,260721_1926_D616544_017_SMP_8M6CL_88_3.jpg,\\orshfs.intel.com\ORAnalysis$\1276_MAODATA\Config\etch\AME\tbatson\Defects\BE\images\defects\AME419_PM6\260721_1926_D616544_017_SMP_8M6CL_88_2.jpg,\\orshfs.intel.com\ORAnalysis$\1276_MAODATA\Config\etch\AME\tbatson\Defects\BE\images\defects\AME419_PM6\260721_1926_D616544_017_SMP_8M6CL_88_3.jpg,D1V,BPD436,AME419_PM6,,,,,,,,,,,,,,,,,,,,
BMK_0119,tune,other,14day_2631,8444809,2026-07-21 21:53:23,89,8444809_20260721_215323_89,260721_1926_D616544_017_SMP_8M6CL_89_2.jpg,260721_1926_D616544_017_SMP_8M6CL_89_3.jpg,\\orshfs.intel.com\ORAnalysis$\1276_MAODATA\Config\etch\AME\tbatson\Defects\BE\images\defects\AME419_PM6\260721_1926_D616544_017_SMP_8M6CL_89_2.jpg,\\orshfs.intel.com\ORAnalysis$\1276_MAODATA\Config\etch\AME\tbatson\Defects\BE\images\defects\AME419_PM6\260721_1926_D616544_017_SMP_8M6CL_89_3.jpg,D1V,BPD436,AME419_PM6,,,,,,,,,,,,,,,,,,,,
BMK_0120,tune,other,14day_2631,8341808,2026-07-21 12:35:50,1511,8341808_20260721_123550_1511,260721_1132_D614177_032_SMP_8M6CL_1511_2.jpg,260721_1132_D614177_032_SMP_8M6CL_1511_3.jpg,\\orshfs.intel.com\ORAnalysis$\1276_MAODATA\Config\etch\AME\tbatson\Defects\BE\images\defects\AME427_PM6\260721_1132_D614177_032_SMP_8M6CL_1511_2.jpg,\\orshfs.intel.com\ORAnalysis$\1276_MAODATA\Config\etch\AME\tbatson\Defects\BE\images\defects\AME427_PM6\260721_1132_D614177_032_SMP_8M6CL_1511_3.jpg,D1V,BPD458,AME427_PM6,,,,,,,,,,,,,,,,,,,,
BMK_0121,tune,other,14day_2631,8524654,2026-07-21 11:18:11,317,8524654_20260721_111811_317,260721_0852_D618210_340_SMP_8M6CL_317_2.jpg,260721_0852_D618210_340_SMP_8M6CL_317_3.jpg,\\orshfs.intel.com\ORAnalysis$\1276_MAODATA\Config\etch\AME\tbatson\Defects\BE\images\defects\AME403_PM4\260721_0852_D618210_340_SMP_8M6CL_317_2.jpg,\\orshfs.intel.com\ORAnalysis$\1276_MAODATA\Config\etch\AME\tbatson\Defects\BE\images\defects\AME403_PM4\260721_0852_D618210_340_SMP_8M6CL_317_3.jpg,D1V,BPD448,AME403_PM4,,,,,,,,,,,,,,,,,,,,
BMK_0122,tune,other,14day_2631,8524654,2026-07-21 11:18:11,350,8524654_20260721_111811_350,260721_0852_D618210_340_SMP_8M6CL_350_2.jpg,260721_0852_D618210_340_SMP_8M6CL_350_3.jpg,\\orshfs.intel.com\ORAnalysis$\1276_MAODATA\Config\etch\AME\tbatson\Defects\BE\images\defects\AME403_PM4\260721_0852_D618210_340_SMP_8M6CL_350_2.jpg,\\orshfs.intel.com\ORAnalysis$\1276_MAODATA\Config\etch\AME\tbatson\Defects\BE\images\defects\AME403_PM4\260721_0852_D618210_340_SMP_8M6CL_350_3.jpg,D1V,BPD448,AME403_PM4,,,,,,,,,,,,,,,,,,,,
BMK_0123,eval,other,14day_2631,8524654,2026-07-21 11:18:11,38,8524654_20260721_111811_38,260721_0852_D618210_340_BEEP_8M6CL_38_2.jpg,260721_0852_D618210_340_BEEP_8M6CL_38_3.jpg,\\orshfs.intel.com\ORAnalysis$\1276_MAODATA\Config\etch\AME\tbatson\Defects\BE\images\defects\AME403_PM4\260721_0852_D618210_340_BEEP_8M6CL_38_2.jpg,\\orshfs.intel.com\ORAnalysis$\1276_MAODATA\Config\etch\AME\tbatson\Defects\BE\images\defects\AME403_PM4\260721_0852_D618210_340_BEEP_8M6CL_38_3.jpg,D1V,BPD448,AME403_PM4,,,,,,,,,,,,,,,,,,,,
BMK_0124,tune,other,14day_2631,8403174,2026-07-20 20:48:34,2,8403174_20260720_204834_2,260720_1910_D615332_444_SMP_8M6CL_2_2.jpg,260720_1910_D615332_444_SMP_8M6CL_2_3.jpg,\\orshfs.intel.com\ORAnalysis$\1276_MAODATA\Config\etch\AME\tbatson\Defects\BE\images\defects\AME427_PM3\260720_1910_D615332_444_SMP_8M6CL_2_2.jpg,\\orshfs.intel.com\ORAnalysis$\1276_MAODATA\Config\etch\AME\tbatson\Defects\BE\images\defects\AME427_PM3\260720_1910_D615332_444_SMP_8M6CL_2_3.jpg,D1V,BPD446,AME427_PM3,,,,,,,,,,,,,,,,,,,,
BMK_0125,tune,other,14day_2631,8403174,2026-07-20 20:48:34,202,8403174_20260720_204834_202,260720_1910_D615332_444_SMP_8M6CL_202_2.jpg,260720_1910_D615332_444_SMP_8M6CL_202_3.jpg,\\orshfs.intel.com\ORAnalysis$\1276_MAODATA\Config\etch\AME\tbatson\Defects\BE\images\defects\AME427_PM3\260720_1910_D615332_444_SMP_8M6CL_202_2.jpg,\\orshfs.intel.com\ORAnalysis$\1276_MAODATA\Config\etch\AME\tbatson\Defects\BE\images\defects\AME427_PM3\260720_1910_D615332_444_SMP_8M6CL_202_3.jpg,D1V,BPD446,AME427_PM3,,,,,,,,,,,,,,,,,,,,
BMK_0126,tune,other,14day_2631,8403120,2026-07-20 20:48:34,26,8403120_20260720_204834_26,260720_1931_D615332_508_SMP_8M6CL_26_2.jpg,260720_1931_D615332_508_SMP_8M6CL_26_3.jpg,\\orshfs.intel.com\ORAnalysis$\1276_MAODATA\Config\etch\AME\tbatson\Defects\BE\images\defects\AME427_PM3\260720_1931_D615332_508_SMP_8M6CL_26_2.jpg,\\orshfs.intel.com\ORAnalysis$\1276_MAODATA\Config\etch\AME\tbatson\Defects\BE\images\defects\AME427_PM3\260720_1931_D615332_508_SMP_8M6CL_26_3.jpg,D1V,BPD446,AME427_PM3,,,,,,,,,,,,,,,,,,,,
BMK_0127,eval,other,14day_2631,8403163,2026-07-20 20:48:34,3,8403163_20260720_204834_3,260720_1901_D615332_495_SMP_8M6CL_3_2.jpg,260720_1901_D615332_495_SMP_8M6CL_3_3.jpg,\\orshfs.intel.com\ORAnalysis$\1276_MAODATA\Config\etch\AME\tbatson\Defects\BE\images\defects\AME427_PM3\260720_1901_D615332_495_SMP_8M6CL_3_2.jpg,\\orshfs.intel.com\ORAnalysis$\1276_MAODATA\Config\etch\AME\tbatson\Defects\BE\images\defects\AME427_PM3\260720_1901_D615332_495_SMP_8M6CL_3_3.jpg,D1V,BPD446,AME427_PM3,,,,,,,,,,,,,,,,,,,,
BMK_0128,tune,other,14day_2631,8470619,2026-07-20 05:24:30,904,8470619_20260720_052430_904,260720_0417_D617585_358_SMP_8M6CL_904_2.jpg,260720_0417_D617585_358_SMP_8M6CL_904_3.jpg,\\orshfs.intel.com\ORAnalysis$\1276_MAODATA\Config\etch\AME\tbatson\Defects\BE\images\defects\AME423_PM6\260720_0417_D617585_358_SMP_8M6CL_904_2.jpg,\\orshfs.intel.com\ORAnalysis$\1276_MAODATA\Config\etch\AME\tbatson\Defects\BE\images\defects\AME423_PM6\260720_0417_D617585_358_SMP_8M6CL_904_3.jpg,D1V,BPD448,AME423_PM6,,,,,,,,,,,,,,,,,,,,
BMK_0129,tune,other,14day_2631,8405767,2026-07-20 05:00:36,1111,8405767_20260720_050036_1111,260720_0248_D615337_063_SMP_8M6CL_1111_2.jpg,260720_0248_D615337_063_SMP_8M6CL_1111_3.jpg,\\orshfs.intel.com\ORAnalysis$\1276_MAODATA\Config\etch\AME\tbatson\Defects\BE\images\defects\AME427_PM5\260720_0248_D615337_063_SMP_8M6CL_1111_2.jpg,\\orshfs.intel.com\ORAnalysis$\1276_MAODATA\Config\etch\AME\tbatson\Defects\BE\images\defects\AME427_PM5\260720_0248_D615337_063_SMP_8M6CL_1111_3.jpg,D1V,BPD448,AME427_PM5,,,,,,,,,,,,,,,,,,,,
BMK_0130,tune,other,14day_2631,8448046,2026-07-19 21:54:56,134,8448046_20260719_215456_134,260719_2031_D616559_582_BEEP_8M6CL_134_2.jpg,260719_2031_D616559_582_BEEP_8M6CL_134_3.jpg,\\orshfs.intel.com\ORAnalysis$\1276_MAODATA\Config\etch\AME\tbatson\Defects\BE\images\defects\AME401_PM1\260719_2031_D616559_582_BEEP_8M6CL_134_2.jpg,\\orshfs.intel.com\ORAnalysis$\1276_MAODATA\Config\etch\AME\tbatson\Defects\BE\images\defects\AME401_PM1\260719_2031_D616559_582_BEEP_8M6CL_134_3.jpg,D1V,BPD432,AME401_PM1,,,,,,,,,,,,,,,,,,,,
BMK_0131,eval,other,14day_2631,8448046,2026-07-19 21:54:56,135,8448046_20260719_215456_135,260719_2031_D616559_582_BEEP_8M6CL_135_2.jpg,260719_2031_D616559_582_BEEP_8M6CL_135_3.jpg,\\orshfs.intel.com\ORAnalysis$\1276_MAODATA\Config\etch\AME\tbatson\Defects\BE\images\defects\AME401_PM1\260719_2031_D616559_582_BEEP_8M6CL_135_2.jpg,\\orshfs.intel.com\ORAnalysis$\1276_MAODATA\Config\etch\AME\tbatson\Defects\BE\images\defects\AME401_PM1\260719_2031_D616559_582_BEEP_8M6CL_135_3.jpg,D1V,BPD432,AME401_PM1,,,,,,,,,,,,,,,,,,,,
BMK_0132,tune,other,14day_2631,8448046,2026-07-19 21:54:56,144,8448046_20260719_215456_144,260719_2031_D616559_582_BEEP_8M6CL_144_2.jpg,260719_2031_D616559_582_BEEP_8M6CL_144_3.jpg,\\orshfs.intel.com\ORAnalysis$\1276_MAODATA\Config\etch\AME\tbatson\Defects\BE\images\defects\AME401_PM1\260719_2031_D616559_582_BEEP_8M6CL_144_2.jpg,\\orshfs.intel.com\ORAnalysis$\1276_MAODATA\Config\etch\AME\tbatson\Defects\BE\images\defects\AME401_PM1\260719_2031_D616559_582_BEEP_8M6CL_144_3.jpg,D1V,BPD432,AME401_PM1,,,,,,,,,,,,,,,,,,,,
BMK_0133,eval,other,14day_2631,8448046,2026-07-19 21:54:56,159,8448046_20260719_215456_159,260719_2031_D616559_582_BEEP_8M6CL_159_2.jpg,260719_2031_D616559_582_BEEP_8M6CL_159_3.jpg,\\orshfs.intel.com\ORAnalysis$\1276_MAODATA\Config\etch\AME\tbatson\Defects\BE\images\defects\AME401_PM1\260719_2031_D616559_582_BEEP_8M6CL_159_2.jpg,\\orshfs.intel.com\ORAnalysis$\1276_MAODATA\Config\etch\AME\tbatson\Defects\BE\images\defects\AME401_PM1\260719_2031_D616559_582_BEEP_8M6CL_159_3.jpg,D1V,BPD432,AME401_PM1,,,,,,,,,,,,,,,,,,,,
BMK_0134,tune,other,14day_2631,8448046,2026-07-19 21:54:56,161,8448046_20260719_215456_161,260719_2031_D616559_582_BEEP_8M6CL_161_2.jpg,260719_2031_D616559_582_BEEP_8M6CL_161_3.jpg,\\orshfs.intel.com\ORAnalysis$\1276_MAODATA\Config\etch\AME\tbatson\Defects\BE\images\defects\AME401_PM1\260719_2031_D616559_582_BEEP_8M6CL_161_2.jpg,\\orshfs.intel.com\ORAnalysis$\1276_MAODATA\Config\etch\AME\tbatson\Defects\BE\images\defects\AME401_PM1\260719_2031_D616559_582_BEEP_8M6CL_161_3.jpg,D1V,BPD432,AME401_PM1,,,,,,,,,,,,,,,,,,,,
BMK_0135,tune,other,14day_2631,8448046,2026-07-19 21:54:56,165,8448046_20260719_215456_165,260719_2031_D616559_582_BEEP_8M6CL_165_2.jpg,260719_2031_D616559_582_BEEP_8M6CL_165_3.jpg,\\orshfs.intel.com\ORAnalysis$\1276_MAODATA\Config\etch\AME\tbatson\Defects\BE\images\defects\AME401_PM1\260719_2031_D616559_582_BEEP_8M6CL_165_2.jpg,\\orshfs.intel.com\ORAnalysis$\1276_MAODATA\Config\etch\AME\tbatson\Defects\BE\images\defects\AME401_PM1\260719_2031_D616559_582_BEEP_8M6CL_165_3.jpg,D1V,BPD432,AME401_PM1,,,,,,,,,,,,,,,,,,,,
BMK_0136,tune,other,14day_2631,8447956,2026-07-19 21:54:56,116,8447956_20260719_215456_116,260719_2049_D616559_578_SMP_8M6CL_116_2.jpg,260719_2049_D616559_578_SMP_8M6CL_116_3.jpg,\\orshfs.intel.com\ORAnalysis$\1276_MAODATA\Config\etch\AME\tbatson\Defects\BE\images\defects\AME401_PM2\260719_2049_D616559_578_SMP_8M6CL_116_2.jpg,\\orshfs.intel.com\ORAnalysis$\1276_MAODATA\Config\etch\AME\tbatson\Defects\BE\images\defects\AME401_PM2\260719_2049_D616559_578_SMP_8M6CL_116_3.jpg,D1V,BPD432,AME401_PM2,,,,,,,,,,,,,,,,,,,,
BMK_0137,tune,other,14day_2631,8441143,2026-07-19 21:39:53,293,8441143_20260719_213953_293,260719_2021_D616527_009_SMP_8M6CL_293_2.jpg,260719_2021_D616527_009_SMP_8M6CL_293_3.jpg,\\orshfs.intel.com\ORAnalysis$\1276_MAODATA\Config\etch\AME\tbatson\Defects\BE\images\defects\AME417_PM3\260719_2021_D616527_009_SMP_8M6CL_293_2.jpg,\\orshfs.intel.com\ORAnalysis$\1276_MAODATA\Config\etch\AME\tbatson\Defects\BE\images\defects\AME417_PM3\260719_2021_D616527_009_SMP_8M6CL_293_3.jpg,D1V,BPD432,AME417_PM3,,,,,,,,,,,,,,,,,,,,
BMK_0138,tune,other,14day_2631,8441188,2026-07-19 21:39:53,19,8441188_20260719_213953_19,260719_2029_D616527_008_BEEP_8M6CL_19_2.jpg,260719_2029_D616527_008_BEEP_8M6CL_19_3.jpg,\\orshfs.intel.com\ORAnalysis$\1276_MAODATA\Config\etch\AME\tbatson\Defects\BE\images\defects\AME417_PM4\260719_2029_D616527_008_BEEP_8M6CL_19_2.jpg,\\orshfs.intel.com\ORAnalysis$\1276_MAODATA\Config\etch\AME\tbatson\Defects\BE\images\defects\AME417_PM4\260719_2029_D616527_008_BEEP_8M6CL_19_3.jpg,D1V,BPD432,AME417_PM4,,,,,,,,,,,,,,,,,,,,
