YYMM,LOT,LOT7,ACTUAL_LOT,WAFER_ID,LAYER,WAFER_KEY,INSPECTION_TIME,DEFECT_ID,CLASS,FINEBIN,WAFER_X_MM,WAFER_Y_MM,Column 14,IMAGE_COUNT,SUBENTITY,RECIPE,SUBENTITY_END_TIME,INSPECT_TIME,INSPECT_TOOL,PILOT_STATUS,SUM_NCDD,STATUS,BEEP_NCDD,SMP_NCDD,ORIGINAL_ROW_NUMBER,PILOT,_INCLUDE
2602,D5451920,D545192,D5451920,GS6CV566JKE5,8M6CL,7594338,2026/02/21 8:29:29 AM,237,SMALL_PARTICLE,SMALL_PARTICLE,-43.918207,-131.209871,19144.839154,4,AME417_PM6,P_78_GABON_R1,2026/02/21 6:28:45 AM,2026/02/21 8:29:29 AM,BPD432,ICCR2+CV+GF,0.003553,BSL,0,0.003553,1129,ICCR2,1
2602,D5435500Z,D543550,D5435500Z,A22TX114SLH1,8M5CL,8166762,2026/02/24 9:27:17 PM,2196,SMALL_PARTICLE,SMALL_PARTICLE,121.378242,55.462979,17808.819671,5,AME411_PM1,P_78_GABON_B10_R3,2026/02/24 8:03:48 PM,2026/02/24 9:27:17 PM,BPD454,SRCIP,0.003659,BSL,0,0.003659,1065,SRCIP,1
2512,D5366270,D536627,D5366270,KJ3PT502WFD4,8M5CL,7291887,2025/12/26 9:57:30 AM,2818,SMALL_PARTICLE,SMALL_PARTICLE,-87.560691,101.723619,18014.569271,5,AME409_PM5,P_78_GABON_B10_R3,2025/12/26 8:57:50 AM,2025/12/26 9:57:30 AM,BPD446,ICCR2+CV+GF,0.012148,BSL,0.006074,0.006074,2553,ICCR2,1
2604,D6028500,D602850,D6028500,KJ7KR759WFB4,8M5CL,7903175,2026/04/06 4:04:37 PM,126681,SMALL_PARTICLE,SMALL_PARTICLE,23.239158,137.941921,19568.032034,5,AME411_PM2,P_78_GABON_B10_R3,2026/04/06 2:51:14 PM,2026/04/06 4:04:37 PM,BPD458,ICCR2+CV+GF,0.003247,BSL,0,0.003247,159,ICCR2,1
2603,D5355230,D535523,D5355230,GP8YG811JKG7,8M6CL,7250665,2026/03/31 1:03:35 AM,764,SMALL_PARTICLE,SMALL_PARTICLE,18.641241,-133.392331,18141.009836,4,AME409_PM6,P_78_GABON_R1,2026/03/30 11:37:05 PM,2026/03/31 1:03:35 AM,BPD436,ICCR2+CV,0.010827,BSL,0,0.010827,377,ICCR2,1
2602,D5451780,D545178,D5451780,KJ57R007WFB3,8M6CL,7591253,2026/02/20 8:40:28 AM,91,SMALL_PARTICLE,SMALL_PARTICLE,-133.566504,-28.619978,18659.114132,4,AME403_PM2,P_78_GABON_R1,2026/02/20 7:12:02 AM,2026/02/20 8:40:28 AM,BPD454,ICCR2+CV,0.003584,BSL,0,0.003584,1145,ICCR2,1
2601,D5344830,D534483,D5344830,GQ8TY416JKB4,8M6CL,7214838,2026/01/05 6:25:20 AM,48,SMALL_PARTICLE,SMALL_PARTICLE,-130.829754,-31.238605,18092.274974,4,AME427_PM2,P_78_GABON,2026/01/05 4:53:41 AM,2026/01/05 6:25:20 AM,BPD450,POR+CV+GF,0.010658,BSL,0,0.010658,2321,POR,1
2604,D6015410,D601541,D6015410,GT5VX305JKB6,8M5CL,7869572,2026/04/07 9:15:06 AM,640,SMALL_PARTICLE,SMALL_PARTICLE,-20.630828,135.135964,18687.35983,5,AME411_PM1,P_78_GABON_B10_R3,2026/04/07 8:02:20 AM,2026/04/07 9:15:06 AM,BPD432,SRCIP,0.011075,BSL,0,0.011075,130,SRCIP,1
2601,D5413140,D541314,D5413140,GS1YD088JKC5,8M6CL,7443370,2026/01/29 7:22:03 AM,144,SMALL_PARTICLE,SMALL_PARTICLE,134.679658,-40.038593,19741.699208,4,AME417_PM2,P_78_GABON_R1,2026/01/29 3:16:09 AM,2026/01/29 7:22:03 AM,BPD448,ICCR2+CV+GF,0.017763,BSL,0,0.017763,1986,ICCR2,1
2603,D5435550T,D543555,D5435550T,GS4VR111JKB3,8M5CL,8223877,2026/03/07 11:28:32 AM,1280,SMALL_PARTICLE,SMALL_PARTICLE,-112.334423,86.151048,20041.025662,5,AME411_PM1,P_78_GABON_B10_R3,2026/03/07 10:21:08 AM,2026/03/07 11:28:32 AM,BPD442,SRCIP,0.003692,BSL,0,0.003692,818,SRCIP,1
2601,D526E0L0,D526E0L,D526E0L0,KHUHJ246WFC7,8M5CL,6944908,2026/01/16 4:13:06 PM,520,SMALL_PARTICLE,SMALL_PARTICLE,10.59705,-135.96881,18599.814762,5,AME409_PM5,P_78_GABON_B10_R3,2026/01/16 3:03:39 PM,2026/01/16 4:13:06 PM,BPD450,ICCR2+CV+GF,0.013184,BSL,0,0.013184,2178,ICCR2,1
2603,D5501870,D550187,D5501870,GT4TS326JKF2,8M5CL,7782366,2026/03/10 11:23:47 AM,1883,SMALL_PARTICLE,SMALL_PARTICLE,-2.168916,134.098974,17987.239024,5,AME421_PM6,P_78_GABON_B10_R3,2026/03/10 10:35:24 AM,2026/03/10 11:23:47 AM,BPD450,SRCIP,0.003659,BSL,0,0.003659,759,SRCIP,1
2601,D5355450,D535545,D5355450,GR0QX166JKC4,8M5CL,7261641,2026/01/08 9:29:31 AM,1842,SMALL_PARTICLE,SMALL_PARTICLE,-31.404384,133.708739,18864.262219,5,AME411_PM2,P_78_GABON_B10_R3,2026/01/08 8:24:10 AM,2026/01/08 9:29:31 AM,BPD448,ICCR2+CV+GF,0.01049,BSL,0,0.01049,2295,ICCR2,1
2601,D5322970S,D532297,D5322970S,A1YQA053SLD2,8M5CL,7985424,2026/01/21 7:22:42 PM,904,SMALL_PARTICLE,SMALL_PARTICLE,115.224556,-74.531921,18831.705553,5,AME421_PM6,P_78_GABON_B10_R3,2026/01/21 12:53:21 PM,2026/01/21 7:22:42 PM,BPD442,SRCIP,0.003692,BSL,0,0.003692,2096,SRCIP,1
2601,D5272890,D527289,D5272890,A1TU4161SLD4,8M6CL,6959553,2026/01/08 8:31:10 AM,87,SMALL_PARTICLE,SMALL_PARTICLE,-126.948636,-44.173613,18067.264268,4,AME403_PM6,P_78_GABON,2026/01/08 7:23:29 AM,2026/01/08 8:31:10 AM,BPD436,POR+CV,0.003609,BSL,0,0.003609,2299,POR,1
2604,D6015060,D601506,D6015060,5DXAI209MVG3,8M6CL,7873216,2026/04/03 3:29:45 PM,60,SMALL_PARTICLE,SMALL_PARTICLE,-128.439092,51.75589,19175.272503,4,AME403_PM3,P_78_GABON_R1,2026/04/03 1:37:39 PM,2026/04/03 3:29:45 PM,BPD458,ICCR2+CV,0.014437,BSL,0,0.014437,242,ICCR2,1
2602,D544974A,D544974,D544974A,GS9CS322JKF3,8M6CL,7705238,2026/02/18 12:27:23 PM,248390,SMALL_PARTICLE,SMALL_PARTICLE,100.425487,-91.361607,18432.221673,4,AME417_PM3,P_78_GABON_R1,2026/02/17 9:52:51 PM,2026/02/18 12:27:23 PM,BPD448,CCMR2+ICCR2+CV+GF,0.007674,BSL,0,0.007674,1242,CCMR2,1
2601,D541909A,D541909,D541909A,GR8XT884JDG2,8M5CL,7833170,2026/01/14 11:28:56 PM,152,SMALL_PARTICLE,SMALL_PARTICLE,-138.489002,1.911741,19182.858429,5,AME411_PM2,P_78_GABON_B10_R3,2026/01/14 9:56:50 PM,2026/01/14 11:28:56 PM,BPD454,ICCR2+CV+GF,0.018845,BSL,0.010978,0.007867,2200,ICCR2,1
2603,D5495990,D549599,D5495990,KJ69F474WFF2,8M6CL,7738707,2026/03/31 10:02:56 PM,83,SMALL_PARTICLE,SMALL_PARTICLE,-123.450009,61.993045,19083.04235,4,AME419_PM3,P_78_GABON_R1,2026/03/31 7:06:12 PM,2026/03/31 10:02:56 PM,BPD432,ICCR2+CV+GF,0.010658,BSL,0.003553,0.007105,367,ICCR2,1
2601,D5402120,D540212,D5402120,GS1QE056JKB2,8M5CL,7411977,2026/01/22 12:41:38 PM,4998,SMALL_PARTICLE,SMALL_PARTICLE,-16.73642,-132.881574,17937.620463,5,AME401_PM3,P_78_GABON_B10_R3,2026/01/22 10:39:59 AM,2026/01/22 12:41:38 PM,BPD444,ICCR2+CV+GF,0.003659,BSL,0,0.003659,2073,ICCR2,1
2601,D541909A,D541909,D541909A,GR8XT887JDE2,8M5CL,7952664,2026/01/14 11:28:56 PM,1112,SMALL_PARTICLE,SMALL_PARTICLE,-114.849604,76.346942,19019.287092,5,AME411_PM2,P_78_GABON_B10_R3,2026/01/14 9:49:13 PM,2026/01/14 11:28:56 PM,BPD454,ICCR2+CV+GF,0.007383,BSL,0,0.007383,2201,ICCR2,1
2602,D5306170T,D530617,D5306170T,GP0RU684JKA0,8M5CL,8054368,2026/02/02 7:14:11 PM,1050,SMALL_PARTICLE,SMALL_PARTICLE,-19.029098,135.441484,18706.502159,5,AME423_PM2,P_78_GABON_B10_R3,2026/02/02 2:52:45 PM,2026/02/02 7:14:11 PM,BPD450,ICCR2+CV+GF,0.003584,BSL,0,0.003584,1875,ICCR2,1
2603,D5491160,D549116,D5491160,MCK3P017WAC7,8M6CL,7742220,2026/03/28 4:13:09 AM,41,SMALL_PARTICLE,SMALL_PARTICLE,-128.082848,38.288874,17871.253824,4,AME419_PM4,P_78_GABON_R1,2026/03/28 2:14:58 AM,2026/03/28 4:13:09 AM,BPD444,ICCR2+CV+GF,0.003584,BSL,0,0.003584,453,ICCR2,1
2604,D5501410,D550141,D5501410,KJ7HE527WFE2,8M5CL,7768986,2026/04/07 5:12:54 AM,134,SMALL_PARTICLE,SMALL_PARTICLE,134.585404,11.881408,18254.398826,5,AME417_PM6,P_78_GABON_B10_R3,2026/04/07 3:28:19 AM,2026/04/07 5:12:54 AM,BPD432,ICCR2+CV+GF,0.007218,BSL,0,0.007218,137,ICCR2,1
2603,D547ERF0,D547ERF,D547ERF0,KJ69G486WFD7,8M6CL,7699134,2026/03/28 9:49:22 PM,2714,SMALL_PARTICLE,SMALL_PARTICLE,-43.393563,-130.423843,18893.380133,6,AME403_PM5,P_78_ROADRUNNER_R1,2026/03/28 8:36:25 PM,2026/03/28 9:49:22 PM,BPD432,ICCR2+CV+GF,0.010546,BSL,0.005273,0.005273,447,ICCR2,1
2601,D5344830,D534483,D5344830,GQ8TY413JKD4,8M6CL,7214941,2026/01/05 6:25:20 AM,168,SMALL_PARTICLE,SMALL_PARTICLE,122.221452,-60.237328,18566.619014,4,AME427_PM2,P_78_GABON,2026/01/05 5:14:49 AM,2026/01/05 6:25:20 AM,BPD450,POR+CV+GF,0.007168,BSL,0,0.007168,2319,POR,1
2604,D5512400,D551240,D5512400,GT5JE508JKG4,8M6CL,7804964,2026/04/10 12:30:54 PM,23,SMALL_PARTICLE,SMALL_PARTICLE,106.127585,-81.849832,17962.459296,4,AME421_PM6,P_78_GABON_R1,2026/04/10 10:35:25 AM,2026/04/10 12:30:54 PM,BPD446,SRCIP,0.003553,BSL,0,0.003553,45,SRCIP,1
2603,D5409890,D540989,D5409890,GQ9FQ332JKC7,8M6CL,7433701,2026/03/01 8:38:23 PM,316,SMALL_PARTICLE,SMALL_PARTICLE,124.149921,63.172434,19403.959302,4,AME417_PM6,P_78_GABON_R1,2026/03/01 2:35:17 PM,2026/03/01 8:38:23 PM,BPD448,ICCR2+CV+GF,0.007105,BSL,0,0.007105,943,ICCR2,1
2603,D5435400,D543540,D5435400,KJ40T256WFD1,8M6CL,7524996,2026/03/07 6:03:04 AM,2740,SMALL_PARTICLE,SMALL_PARTICLE,-28.297943,-132.375252,18323.98092,4,AME417_PM4,P_78_GABON_R1,2026/03/07 3:53:36 AM,2026/03/07 6:03:04 AM,BPD454,CCMR2+ICCR2+CV+GF,0.017763,BSL,0.007105,0.010658,833,CCMR2,1
2601,D5379310,D537931,D5379310,MCE1N017WAH0,8M6CL,7320655,2026/01/04 8:54:23 AM,88,SMALL_PARTICLE,SMALL_PARTICLE,-85.265294,-104.651029,18222.008232,4,AME417_PM5,P_78_GABON_R1,2026/01/04 7:27:39 AM,2026/01/04 8:54:23 AM,BPD444,ICCR2+CV+GF,0.011265,BSL,0,0.011265,2351,ICCR2,1
2603,D5491240,D549124,D5491240,GU6EW669JDF5,8M5CL,7744959,2026/03/22 12:53:33 AM,387,SMALL_PARTICLE,SMALL_PARTICLE,110.509024,76.185232,18016.43396,5,AME409_PM4,P_78_GABON_B10_R3,2026/03/21 11:09:58 PM,2026/03/22 12:53:33 AM,BPD454,ICCR2+CV+GF,0.003692,BSL,0,0.003692,543,ICCR2,1
2601,D542936A,D542936,D542936A,KJ4AD387WFG0,8M5CL,7614904,2026/01/13 2:10:17 AM,5742,SMALL_PARTICLE,SMALL_PARTICLE,70.540775,-119.299087,19208.273097,5,AME417_PM6,P_78_GABON_B10_R3,2026/01/12 3:21:17 PM,2026/01/13 2:10:17 AM,BPD444,ICCR2+CV+GF,0.016059,BSL,0.005353,0.010706,2224,ICCR2,1
2601,D5344700,D534470,D5344700,GQ9FR255JKD6,8M6CL,7210318,2026/01/02 2:12:26 PM,341,SMALL_PARTICLE,SMALL_PARTICLE,-24.268706,-134.402093,18652.892694,4,AME427_PM6,P_78_GABON,2026/01/02 12:04:24 PM,2026/01/02 2:12:26 PM,BPD448,POR+CV+GF,0.014436,BSL,0.003609,0.010827,2390,POR,1
2512,D5344800,D534480,D5344800,GQ4SC653JKB0,8M5CL,7212242,2025/12/14 3:53:05 PM,3076,SMALL_PARTICLE,SMALL_PARTICLE,-17.54281,-134.12649,18297.665502,5,AME401_PM2,P_78_GABON_B10_R3,2025/12/14 2:06:58 PM,2025/12/14 3:53:05 PM,BPD458,ICCR2+CV+GF,0.014964,BSL,0,0.014964,2770,ICCR2,1
2601,D5380320,D538032,D5380320,A20H5076SLF3,8M6CL,7337173,2026/01/15 9:14:55 AM,58,SMALL_PARTICLE,SMALL_PARTICLE,14.731696,134.851922,18402.063734,4,AME425_PM5,P_78_GABON,2026/01/15 7:48:47 AM,2026/01/15 9:14:55 AM,BPD432,POR+CV+GF,0.007105,BSL,0,0.007105,2194,POR,1
2603,D531EP40,D531EP4,D531EP40,KHYXL373WFA0,8M5CL,7137360,2026/03/04 2:32:26 PM,14141,SMALL_PARTICLE,SMALL_PARTICLE,-117.284247,-65.217932,18008.973249,5,AME403_PM5,P_78_GABON_B10_R3,2026/03/04 1:35:24 PM,2026/03/04 2:32:26 PM,BPD454,ICCR2+CV+GF,0.019773,BSL,0.006591,0.013182,872,ICCR2,1
2604,D5485340U,D548534,D5485340U,KJ6GT622WFF0,8M6CL,8327120,2026/04/03 6:20:29 AM,100000,SMALL_PARTICLE,SMALL_PARTICLE,-109.681516,-76.734095,17918.156288,4,AME403_PM3,P_78_GABON_R1,2026/04/03 5:15:28 AM,2026/04/03 6:20:29 AM,BPD436,ICCR2+CV,0.01421,BSL,0.007105,0.007105,265,ICCR2,1
2602,D5435340,D543534,D5435340,KJ41L007WFB3,8M6CL,7524315,2026/02/06 11:37:12 PM,357,SMALL_PARTICLE,SMALL_PARTICLE,40.937285,-130.846437,18796.651379,4,AME419_PM6,P_78_GABON_R1,2026/02/06 9:38:43 PM,2026/02/06 11:37:12 PM,BPD450,ICCR2+CV+GF,0.003584,BSL,0,0.003584,1784,ICCR2,1
2604,D5485360,D548536,D5485360,GT4TS126JKH0,8M5CL,7712748,2026/04/04 7:31:39 AM,903,SMALL_PARTICLE,SMALL_PARTICLE,87.936333,104.589396,18671.740417,5,AME419_PM4,P_78_GABON_B10_R3,2026/04/04 6:11:39 AM,2026/04/04 7:31:39 AM,BPD450,ICCR2+CV+GF,0.007319,BSL,0,0.007319,226,ICCR2,1
2512,D5295710,D529571,D5295710,GP6ZP326JKC6,8M6CL,7050899,2025/12/03 2:06:57 AM,131743,SMALL_PARTICLE,SMALL_PARTICLE,-143.731887,5.221143,20686.115675,4,AME403_PM6,P_78_GABON,2025/12/02 11:46:59 PM,2025/12/03 2:06:57 AM,BPD448,POR+CV,0.007105,BSL,0,0.007105,3023,POR,1
2512,D5241410,D524141,D5241410,KHT1K346WFF2,8M6CL,6851132,2025/12/11 7:13:35 PM,591,SMALL_PARTICLE,SMALL_PARTICLE,37.37421,-129.636635,18202.488707,4,AME411_PM1,P_78_GABON_R1,2025/12/11 4:10:34 PM,2025/12/11 7:13:35 PM,BPD450,SRCIP,0.017918,BSL,0.003584,0.014334,2832,SRCIP,1
2602,D525EP30,D525EP3,D525EP30,KHTWH525WFH2,8M5CL,6915398,2026/02/18 2:06:48 PM,11575,SMALL_PARTICLE,SMALL_PARTICLE,6.431962,138.193124,19138.709656,9,AME419_PM4,P_78_GABON_B10_R3,2026/02/18 12:06:14 PM,2026/02/18 2:06:48 PM,BPD448,ICCR2+CV+GF,0.015867,BSL,0,0.015867,1200,ICCR2,1
2601,D5189160,D518916,D5189160,GJ9JQ153JKG0,8M6CL,6653268,2026/01/07 3:23:58 PM,196,SMALL_PARTICLE,SMALL_PARTICLE,127.837434,-52.932303,19144.238233,4,AME403_PM6,P_78_GABON,2026/01/07 2:12:02 PM,2026/01/07 3:23:58 PM,BPD442,POR+CV,0.018045,BSL,0.010827,0.007218,2302,POR,1
2603,D5491030,D549103,D5491030,GT6QX576JKA4,8M6CL,7740444,2026/03/08 6:40:20 AM,149,SMALL_PARTICLE,SMALL_PARTICLE,105.465625,-87.16108,18720.051923,4,AME403_PM5,P_78_GABON_R1,2026/03/08 4:32:22 AM,2026/03/08 6:40:20 AM,BPD450,ICCR2+CV+GF,0.003553,BSL,0,0.003553,813,ICCR2,1
2601,D5380500,D538050,D5380500,MCCYF884WAG5,8M6CL,7341867,2026/01/08 3:43:23 PM,107,SMALL_PARTICLE,SMALL_PARTICLE,-30.646213,133.216285,18685.76896,4,AME409_PM4,P_78_GABON_R1,2026/01/08 11:26:07 AM,2026/01/08 3:43:23 PM,BPD450,ICCR2+CV+GF,0.010658,BSL,0,0.010658,2287,ICCR2,1
2603,D5409890,D540989,D5409890,GQ9FQ338JKG2,8M6CL,7433612,2026/03/01 10:21:38 PM,584,SMALL_PARTICLE,SMALL_PARTICLE,-95.793958,-96.905474,18567.15328,4,AME417_PM6,P_78_GABON_R1,2026/03/01 2:28:20 PM,2026/03/01 10:21:38 PM,BPD448,ICCR2+CV+GF,0.003553,BSL,0,0.003553,945,ICCR2,1
2602,D5463050,D546305,D5463050,GS4VR288JKC6,8M6CL,7627644,2026/02/16 6:24:41 PM,139,SMALL_PARTICLE,SMALL_PARTICLE,111.657582,-80.278555,18912.062011,4,AME403_PM2,P_78_GABON_R1,2026/02/16 4:58:07 PM,2026/02/16 6:24:41 PM,BPD444,ICCR2+CV,0.007105,BSL,0,0.007105,1279,ICCR2,1
2603,D5463080,D546308,D5463080,MCGRM477WAA1,8M6CL,7630681,2026/03/02 3:59:05 PM,48,SMALL_PARTICLE,SMALL_PARTICLE,70.427863,119.429087,19223.390708,4,AME417_PM2,P_78_GABON_R1,2026/03/02 1:59:12 PM,2026/03/02 3:59:05 PM,BPD442,ICCR2+CV+GF,0.010753,BSL,0,0.010753,920,ICCR2,1
2604,D6015610,D601561,D6015610,GT9FQ036JKB1,8M5CL,7889925,2026/04/02 9:26:56 PM,6168,SMALL_PARTICLE,SMALL_PARTICLE,-80.180561,111.067789,18764.976116,5,AME409_PM1,P_78_GABON_B10_R3,2026/04/02 7:16:29 PM,2026/04/02 9:26:56 PM,BPD458,ICCR2+CV+GF,0.003659,BSL,0,0.003659,282,ICCR2,1
2512,D5241410,D524141,D5241410,KHT1K346WFF2,8M6CL,6851132,2025/12/11 7:13:35 PM,597,SMALL_PARTICLE,SMALL_PARTICLE,34.386601,-131.539623,18485.110747,4,AME411_PM1,P_78_GABON_R1,2025/12/11 4:10:34 PM,2025/12/11 7:13:35 PM,BPD450,SRCIP,0.017918,BSL,0.003584,0.014334,2832,SRCIP,1
2602,D5435080,D543508,D5435080,A22VF003SLF7,8M5CL,7517885,2026/02/09 2:31:52 PM,5762,SMALL_PARTICLE,SMALL_PARTICLE,114.015827,77.86349,19062.331881,5,AME401_PM3,P_78_GABON_B10_R3,2026/02/09 12:04:37 PM,2026/02/09 2:31:52 PM,BPD444,ICCR2+CV+GF,0.003609,BSL,0,0.003609,1734,ICCR2,1
2604,D5485340U,D548534,D5485340U,KJ6GQ244WFC6,8M6CL,8370339,2026/04/03 6:20:29 AM,11700,SMALL_PARTICLE,SMALL_PARTICLE,32.014604,133.588132,18870.723881,4,AME403_PM3,P_78_GABON_R1,2026/04/03 5:11:54 AM,2026/04/03 6:20:29 AM,BPD436,ICCR2+CV,0.003553,BSL,0,0.003553,266,ICCR2,1
2512,D5241410,D524141,D5241410,KHT1K346WFF2,8M6CL,6851132,2025/12/11 7:13:35 PM,595,SMALL_PARTICLE,LOWCONF,39.64124,-131.209066,18787.246909,4,AME411_PM1,P_78_GABON_R1,2025/12/11 4:10:34 PM,2025/12/11 7:13:35 PM,BPD450,SRCIP,0.017918,BSL,0.003584,0.014334,2832,SRCIP,1
2603,D5322680,D532268,D5322680,A1YP9032SLG1,8M5CL,7148039,2026/03/11 1:31:48 AM,738,SMALL_PARTICLE,SMALL_PARTICLE,118.692517,-71.890751,19256.193671,5,AME403_PM2,P_78_GABON_B10_R3,2026/03/10 10:55:04 PM,2026/03/11 1:31:48 AM,BPD448,ICCR2+CV,0.007167,BSL,0,0.007167,749,ICCR2,1
2602,D5413270,D541327,D5413270,MCE1M574WAB6,8M5CL,7445331,2026/02/04 1:02:01 PM,2053,SMALL_PARTICLE,SMALL_PARTICLE,-103.324514,-99.913129,20658.58854,5,AME421_PM5,P_78_GABON_B10_R3,2026/02/04 7:43:06 AM,2026/02/04 1:02:01 PM,BPD446,ICCR2+CV,0.003659,BSL,0,0.003659,1832,ICCR2,1
2512,D5376430,D537643,D5376430,KJ1RQ464WFE1,8M6CL,7311315,2025/12/23 5:30:45 PM,15,SMALL_PARTICLE,SMALL_PARTICLE,-128.311831,42.211685,18245.752325,4,AME423_PM3,P_78_GABON_R1,2025/12/23 4:08:02 PM,2025/12/23 5:30:45 PM,BPD454,ICCR2+CV+GF,0.003553,BSL,0,0.003553,2606,ICCR2,1
2604,D5501790,D550179,D5501790,GT2RM251JKB1,8M5CL,7779492,2026/04/13 2:58:25 AM,1910,SMALL_PARTICLE,SMALL_PARTICLE,119.314123,76.146644,20034.17134,5,AME421_PM6,P_78_GABON_B10_R3,2026/04/13 12:56:31 AM,2026/04/13 2:58:25 AM,BPD436,SRCIP,0.007383,BSL,0,0.007383,1419,SRCIP,1
2602,D5424840,D542484,D5424840,A20V6002SLG5,8M6CL,7495743,2026/02/07 7:09:10 AM,40753,SMALL_PARTICLE,SMALL_PARTICLE,-92.256982,98.129048,18140.660789,4,AME417_PM6,P_78_GABON_R1,2026/02/07 5:37:01 AM,2026/02/07 7:09:10 AM,BPD458,ICCR2+CV+GF,0.010658,BSL,0.003553,0.007105,1768,ICCR2,1
2604,D6021090,D602109,D6021090,KJ7KK026WFA7,8M5CL,7907792,2026/04/11 12:17:56 AM,1217,SMALL_PARTICLE,SMALL_PARTICLE,36.286136,-129.561607,18102.893674,5,AME423_PM2,P_78_GABON_B10_R3,2026/04/10 10:20:57 PM,2026/04/11 12:17:56 AM,BPD448,ICCR2+CV+GF,0.010978,BSL,0.007319,0.003659,31,ICCR2,1
2601,D5334350,D533435,D5334350,GQ6VT126JKB5,8M6CL,7176728,2026/01/04 1:36:42 AM,5668,SMALL_PARTICLE,SMALL_PARTICLE,-121.519906,60.795266,18463.151922,4,AME425_PM2,P_78_GABON,2026/01/03 11:08:46 PM,2026/01/04 1:36:42 AM,BPD448,POR+CV+GF,0.003553,BSL,0,0.003553,2363,POR,1
2604,D5501640,D550164,D5501640,5DWZC564MVG5,8M6CL,7774562,2026/04/05 4:53:52 AM,3,SMALL_PARTICLE,SMALL_PARTICLE,136.202349,-4.610268,18572.334444,4,AME427_PM3,P_78_GABON_R1,2026/04/05 3:16:26 AM,2026/04/05 4:53:52 AM,BPD450,SRCIP,0.003553,BSL,0,0.003553,189,SRCIP,1
2601,D5463030,D546303,D5463030,A20D2071SLA4,8M5CL,7625115,2026/01/29 2:10:11 PM,1048,SMALL_PARTICLE,SMALL_PARTICLE,-9.659723,-135.212308,18375.678483,5,AME411_PM1,P_78_GABON_B10_R3,2026/01/29 12:16:04 PM,2026/01/29 2:10:11 PM,BPD448,SRCIP,0.014767,BSL,0,0.014767,1974,SRCIP,1
2604,D6015590,D601559,D6015590,A23UP019SLB5,8M6CL,7889923,2026/04/07 8:25:18 AM,78,SMALL_PARTICLE,SMALL_PARTICLE,135.987151,-25.648459,19150.348686,4,AME401_PM2,P_78_GABON_R1,2026/04/07 7:22:32 AM,2026/04/07 8:25:18 AM,BPD432,ICCR2+CV+GF,0.010753,BSL,0,0.010753,131,ICCR2,1
2601,D5322970,D532297,D5322970,A1YQA051SLC1,8M6CL,7141317,2026/01/22 10:55:43 AM,8,SMALL_PARTICLE,SMALL_PARTICLE,136.532789,31.321585,19622.244159,4,AME427_PM3,P_78_GABON,2026/01/22 10:10:16 AM,2026/01/22 10:55:43 AM,BPD454,POR+CV+GF,0.010753,BSL,0,0.010753,2075,POR,1
2602,D5424840,D542484,D5424840,A20V6002SLG5,8M6CL,7495743,2026/02/07 7:09:10 AM,40752,SMALL_PARTICLE,SMALL_PARTICLE,-92.971094,98.439292,18333.918529,4,AME417_PM6,P_78_GABON_R1,2026/02/07 5:37:01 AM,2026/02/07 7:09:10 AM,BPD458,ICCR2+CV+GF,0.010658,BSL,0.003553,0.007105,1768,ICCR2,1
2601,D542936A,D542936,D542936A,KJ4AD387WFG0,8M5CL,7614904,2026/01/13 2:10:17 AM,5778,SMALL_PARTICLE,SMALL_PARTICLE,69.332228,-120.374345,19296.940774,5,AME417_PM6,P_78_GABON_B10_R3,2026/01/12 3:21:17 PM,2026/01/13 2:10:17 AM,BPD444,ICCR2+CV+GF,0.016059,BSL,0.005353,0.010706,2224,ICCR2,1
2512,D5241410,D524141,D5241410,KHT1K346WFF2,8M6CL,6851132,2025/12/11 7:13:35 PM,588,SMALL_PARTICLE,LOWCONF,46.560223,-127.466699,18415.61372,4,AME411_PM1,P_78_GABON_R1,2025/12/11 4:10:34 PM,2025/12/11 7:13:35 PM,BPD450,SRCIP,0.017918,BSL,0.003584,0.014334,2832,SRCIP,1
2601,D5380330,D538033,D5380330,A1ZSS009SLG1,8M5CL,7340114,2026/01/04 10:03:41 AM,20566,SMALL_PARTICLE,SMALL_PARTICLE,61.095669,-121.066673,18389.820082,5,AME417_PM1,P_78_GABON_B10_R3,2026/01/04 8:24:45 AM,2026/01/04 10:03:41 AM,BPD444,CCMR2+ICCR2+CV+GF,0.003692,BSL,0,0.003692,2345,CCMR2,1
2603,D5424350,D542435,D5424350,KJ39G145WFA6,8M6CL,7484679,2026/03/02 6:31:11 PM,48,SMALL_PARTICLE,SMALL_PARTICLE,-86.702094,-103.020365,18130.448709,4,AME417_PM2,P_78_GABON_R1,2026/03/02 5:33:19 PM,2026/03/02 6:31:11 PM,BPD432,ICCR2+CV+GF,0.010753,BSL,0,0.010753,915,ICCR2,1
2512,D5295710D,D529571,D5295710D,GP6ZP329JKA6,8M6CL,7741472,2025/12/04 1:53:55 PM,306,SMALL_PARTICLE,SMALL_PARTICLE,-27.709083,-131.199106,17980.998696,4,AME411_PM1,P_78_GABON_R1,2025/12/04 12:34:49 PM,2025/12/04 1:53:55 PM,BPD458,SRCIP,0.017921,BSL,0.007168,0.010753,2963,SRCIP,1
2601,D5322970,D532297,D5322970,A1YQA051SLC1,8M6CL,7141317,2026/01/22 10:55:43 AM,23,SMALL_PARTICLE,SMALL_PARTICLE,119.86026,73.753516,19806.06305,4,AME427_PM3,P_78_GABON,2026/01/22 10:10:16 AM,2026/01/22 10:55:43 AM,BPD454,POR+CV+GF,0.010753,BSL,0,0.010753,2075,POR,1
2601,D5355350,D535535,D5355350,KJ1JT354WFH1,8M5CL,7252838,2026/01/03 6:24:16 AM,1347,SMALL_PARTICLE,SMALL_PARTICLE,-122.808897,64.694346,19267.383587,5,AME409_PM1,P_78_GABON_B10_R3,2026/01/03 5:27:29 AM,2026/01/03 6:24:16 AM,BPD446,ICCR2+CV+GF,0.00966,BSL,0,0.00966,2378,ICCR2,1
2603,D5451770,D545177,D5451770,KJ57R165WFE2,8M5CL,7591211,2026/03/25 9:01:38 AM,19934,SMALL_PARTICLE,SMALL_PARTICLE,69.268194,-115.475968,18132.781886,5,AME427_PM6,P_78_GABON_B10_R3,2026/03/25 7:49:32 AM,2026/03/25 9:01:38 AM,BPD444,ICCR2+CV+GF,0.00923,BSL,0.004615,0.004615,487,ICCR2,1
2604,D5485340,D548534,D5485340,KJ6GQ055WFF7,8M6CL,7712288,2026/04/03 7:36:10 AM,177,SMALL_PARTICLE,SMALL_PARTICLE,131.552427,-28.782169,18134.454302,4,AME401_PM1,P_78_GABON_R1,2026/04/03 5:43:41 AM,2026/04/03 7:36:10 AM,BPD432,ICCR2+CV+GF,0.010752,BSL,0.003584,0.007168,258,ICCR2,1
2512,D5413110,D541311,D5413110,MCFJF115WAF1,8M6CL,7442154,2025/12/21 9:42:36 PM,68,SMALL_PARTICLE,SMALL_PARTICLE,32.627529,-134.649568,19195.061811,4,AME423_PM4,P_78_GABON_R1,2025/12/21 3:48:01 PM,2025/12/21 9:42:36 PM,BPD432,ICCR2+CV+GF,0.017921,BSL,0,0.017921,2640,ICCR2,1
2603,D5501560,D550156,D5501560,KJ7KF009WFC6,8M6CL,7768854,2026/03/10 7:01:08 AM,30,SMALL_PARTICLE,SMALL_PARTICLE,-135.957674,40.540784,20128.044287,4,AME421_PM3,P_78_GABON_R1,2026/03/10 5:01:56 AM,2026/03/10 7:01:08 AM,BPD436,ICCR2+CV+GF,0.017921,BSL,0.003584,0.014337,769,ICCR2,1
2604,D5512570Q,D551257,D5512570Q,KJ7KG376WFE4,8M6CL,8364206,2026/04/08 8:27:26 AM,94681,SMALL_PARTICLE,SMALL_PARTICLE,70.74371,118.492283,19045.093635,4,AME421_PM6,P_78_GABON_R1,2026/04/08 6:37:54 AM,2026/04/08 8:27:26 AM,BPD450,SRCIP,0.017763,BSL,0,0.017763,103,SRCIP,1
2604,D5501740,D550174,D5501740,KJ7HA045WFA2,8M6CL,7777173,2026/04/08 7:36:52 AM,9,SMALL_PARTICLE,SMALL_PARTICLE,-129.319588,38.839077,18232.029743,4,AME411_PM1,P_78_GABON_R1,2026/04/08 3:22:19 AM,2026/04/08 7:36:52 AM,BPD446,SRCIP,0.010753,BSL,0,0.010753,109,SRCIP,1
2602,D5435460,D543546,D5435460,MCFTG383WAF1,8M6CL,7525684,2026/02/17 1:24:05 AM,346,SMALL_PARTICLE,SMALL_PARTICLE,-117.189816,-74.578303,19295.376252,4,AME403_PM2,P_78_GABON_R1,2026/02/17 12:30:38 AM,2026/02/17 1:24:05 AM,BPD454,ICCR2+CV,0.006233,BSL,0,0.006233,1261,ICCR2,1
2604,D5435390,D543539,D5435390,KJ39G021WFF1,8M6CL,7524703,2026/04/08 8:08:57 AM,1619,SMALL_PARTICLE,SMALL_PARTICLE,83.336905,-109.894821,19021.911418,4,AME417_PM6,P_78_GABON_R1,2026/04/08 5:56:26 AM,2026/04/08 8:08:57 AM,BPD454,ICCR2+CV+GF,0.003584,BSL,0,0.003584,106,ICCR2,1
2601,D5322970,D532297,D5322970,A1YVB085SLD6,8M6CL,7141462,2026/01/22 10:55:43 AM,128,SMALL_PARTICLE,SMALL_PARTICLE,113.06657,74.642043,18355.483835,4,AME427_PM3,P_78_GABON,2026/01/22 10:15:15 AM,2026/01/22 10:55:43 AM,BPD454,POR+CV+GF,0.017921,BSL,0,0.017921,2074,POR,1
2602,D5451830,D545183,D5451830,GS6CV541JKD7,8M6CL,7590968,2026/02/16 9:27:21 PM,73,SMALL_PARTICLE,SMALL_PARTICLE,135.295598,35.716283,19580.55171,4,AME417_PM1,P_78_GABON_R1,2026/02/16 7:54:03 PM,2026/02/16 9:27:21 PM,BPD448,CCMR2+ICCR2+CV+GF,0.003584,BSL,0,0.003584,1268,CCMR2,1
2601,D541909A,D541909,D541909A,GR8XT887JDE2,8M5CL,7952664,2026/01/14 11:28:56 PM,1111,SMALL_PARTICLE,SMALL_PARTICLE,-116.144972,76.452617,19334.657167,5,AME411_PM2,P_78_GABON_B10_R3,2026/01/14 9:49:13 PM,2026/01/14 11:28:56 PM,BPD454,ICCR2+CV+GF,0.007383,BSL,0,0.007383,2201,ICCR2,1
2604,D5501720AK,D550172,D5501720AK,MCK3P178WAD6,8M6CL,8379204,2026/04/07 5:49:33 AM,78,SMALL_PARTICLE,SMALL_PARTICLE,-45.956237,-129.736407,18943.51102,4,AME411_PM1,P_78_GABON_R1,2026/04/07 4:13:07 AM,2026/04/07 5:49:33 AM,BPD454,SRCIP,0.007106,BSL,0.003553,0.003553,134,SRCIP,1
2602,D5463050,D546305,D5463050,GS4VR288JKC6,8M6CL,7627644,2026/02/16 6:24:41 PM,179,SMALL_PARTICLE,SMALL_PARTICLE,111.112034,-84.032091,19407.276417,4,AME403_PM2,P_78_GABON_R1,2026/02/16 4:58:07 PM,2026/02/16 6:24:41 PM,BPD444,ICCR2+CV,0.007105,BSL,0,0.007105,1279,ICCR2,1
2512,D5355250,D535525,D5355250,GR0QX228JKG7,8M5CL,7250817,2025/12/03 3:18:48 PM,61,SMALL_PARTICLE,SMALL_PARTICLE,93.595303,95.622081,17903.663118,9,AME417_PM4,P_78_GABON_B10_R3,2025/12/03 1:29:32 PM,2025/12/03 3:18:48 PM,BPD442,CCMR2+ICCR2+CV+GF,0.007167,BSL,0,0.007167,3015,CCMR2,1
2512,D547R190,D547R19,D547R190,GAKFA034MMG6,8M5CL,7868382,2025/12/27 8:49:26 PM,1963,SMALL_PARTICLE,SMALL_PARTICLE,-38.018969,-129.811666,18296.510634,5,AME421_PM6,P_78_GABON_B10_R3,2025/12/27 5:51:13 AM,2025/12/27 8:49:26 PM,BPD446,SRCIP,0.003584,BSL,0,0.003584,2528,SRCIP,1
2601,D5380500,D538050,D5380500,MCCYF645WAC0,8M6CL,7341850,2026/01/08 12:28:45 PM,55,SMALL_PARTICLE,SMALL_PARTICLE,-117.771936,-74.056737,19354.629204,4,AME409_PM4,P_78_GABON_R1,2026/01/08 10:50:58 AM,2026/01/08 12:28:45 PM,BPD436,ICCR2+CV+GF,0.010752,BSL,0.003584,0.007168,2290,ICCR2,1
2601,D5344910X,D534491,D5344910X,A0SWX042SLC2,8M6CL,7893379,2026/01/04 9:59:31 AM,211,SMALL_PARTICLE,SMALL_PARTICLE,-132.418132,-30.537042,18467.072616,4,AME425_PM4,P_78_GABON,2026/01/04 8:22:40 AM,2026/01/04 9:59:31 AM,BPD442,POR+CV+GF,0.007106,BSL,0.003553,0.003553,2346,POR,1
2602,D5463310,D546331,D5463310,GR0ZC797JDB5,8M6CL,7636263,2026/02/25 11:57:26 AM,329,SMALL_PARTICLE,SMALL_PARTICLE,114.034094,-73.63208,18425.4578,4,AME403_PM3,P_78_GABON_R1,2026/02/25 10:29:08 AM,2026/02/25 11:57:26 AM,BPD454,ICCR2+CV,0.007168,BSL,0,0.007168,1053,ICCR2,1
2601,D541909A,D541909,D541909A,GR8XT883JDC0,8M5CL,7833217,2026/01/14 11:28:56 PM,2345,SMALL_PARTICLE,SMALL_PARTICLE,-127.229311,-64.316472,20323.906148,5,AME411_PM2,P_78_GABON_B10_R3,2026/01/14 10:23:28 PM,2026/01/14 11:28:56 PM,BPD454,ICCR2+CV+GF,0.003692,BSL,0,0.003692,2199,ICCR2,1
2601,D5334310,D533431,D5334310,KJ0AA571WFC4,8M6CL,7176735,2026/01/09 11:25:30 AM,96,SMALL_PARTICLE,SMALL_PARTICLE,-40.750251,-135.300591,19966.832882,4,AME425_PM2,P_78_GABON,2026/01/09 9:14:25 AM,2026/01/09 11:25:30 AM,BPD448,POR+CV+GF,0.007168,BSL,0.003584,0.003584,2270,POR,1
2512,D5334390,D533439,D5334390,GQ6BB353JKA2,8M6CL,7178691,2025/12/21 11:10:07 PM,1282,SMALL_PARTICLE,SMALL_PARTICLE,48.045908,129.076172,18969.067454,4,AME425_PM2,P_78_GABON,2025/12/21 10:05:20 PM,2025/12/21 11:10:07 PM,BPD448,POR+CV+GF,0.007168,BSL,0.003584,0.003584,2631,POR,1
2603,D5484930,D548493,D5484930,GT3FZ405JKB4,8M6CL,7702178,2026/03/24 5:55:42 PM,381,SMALL_PARTICLE,SMALL_PARTICLE,70.328108,-116.064936,18417.112144,4,AME417_PM6,P_78_GABON_R1,2026/03/24 4:09:15 PM,2026/03/24 5:55:42 PM,BPD442,ICCR2+CV+GF,0.003609,BSL,0,0.003609,493,ICCR2,1
2512,D5295710,D529571,D5295710,GP6ZP326JKC6,8M6CL,7050899,2025/12/03 2:06:57 AM,131734,SMALL_PARTICLE,SMALL_PARTICLE,-142.112925,3.558209,20208.744303,4,AME403_PM6,P_78_GABON,2025/12/02 11:46:59 PM,2025/12/03 2:06:57 AM,BPD448,POR+CV,0.007105,BSL,0,0.007105,3023,POR,1
2601,D5380320,D538032,D5380320,A20H5078SLG4,8M5CL,7337183,2026/01/12 6:05:49 AM,3563,SMALL_PARTICLE,SMALL_PARTICLE,-46.159736,133.26948,19891.475527,5,AME417_PM2,P_78_GABON_B10_R3,2026/01/12 4:41:48 AM,2026/01/12 6:05:49 AM,BPD444,ICCR2+CV+GF,0.014637,BSL,0,0.014637,2232,ICCR2,1
2602,D5424770P,D542477,D5424770P,KJ39E048WFG2,8M6CL,8094698,2026/02/15 10:31:21 PM,489,SMALL_PARTICLE,SMALL_PARTICLE,-38.854693,-133.868973,19430.5891,4,AME421_PM6,P_78_GABON_R1,2026/02/15 9:10:07 PM,2026/02/15 10:31:21 PM,BPD442,SRCIP,0.014211,BSL,0.010658,0.003553,1299,SRCIP,1
2604,D6015060,D601506,D6015060,5DXAI209MVG3,8M6CL,7873216,2026/04/03 3:29:45 PM,73,SMALL_PARTICLE,SMALL_PARTICLE,58.631033,120.100751,17861.788421,4,AME403_PM3,P_78_GABON_R1,2026/04/03 1:37:39 PM,2026/04/03 3:29:45 PM,BPD458,ICCR2+CV,0.014437,BSL,0,0.014437,242,ICCR2,1
2601,D5322690,D532269,D5322690,A1YCG007SLC2,8M5CL,7147889,2026/01/31 6:22:24 PM,171,SMALL_PARTICLE,SMALL_PARTICLE,-34.885737,128.918852,17837.085047,5,AME409_PM5,P_78_GABON_B10_R3,2026/01/31 1:47:45 PM,2026/01/31 6:22:24 PM,BPD458,ICCR2+CV+GF,0.014437,BSL,0,0.014437,1920,ICCR2,1
2604,D6026080,D602608,D6026080,KJ7YL025WFC1,8M6CL,7919736,2026/04/09 10:28:50 AM,1014,SMALL_PARTICLE,SMALL_PARTICLE,32.059055,135.478451,19382.193693,4,AME417_PM6,P_78_GABON_R1,2026/04/09 7:01:26 AM,2026/04/09 10:28:50 AM,BPD436,ICCR2+CV+GF,0.010827,BSL,0.003609,0.007218,88,ICCR2,1
2603,D5484950,D548495,D5484950,GT4JT176JKH2,8M5CL,7702215,2026/03/01 4:30:05 AM,439,SMALL_PARTICLE,SMALL_PARTICLE,135.605441,31.645087,19390.24716,5,AME417_PM3,P_78_GABON_B10_R3,2026/03/01 2:24:48 AM,2026/03/01 4:30:05 AM,BPD448,CCMR2+ICCR2+CV+GF,0.007167,BSL,0,0.007167,957,CCMR2,1
2602,D5463310,D546331,D5463310,GR0ZC798JDF7,8M5CL,7636215,2026/02/22 10:29:03 PM,3508,SMALL_PARTICLE,SMALL_PARTICLE,-86.87245,109.964854,19639.091684,5,AME419_PM4,P_78_GABON_B10_R3,2026/02/22 9:33:12 PM,2026/02/22 10:29:03 PM,BPD450,ICCR2+CV+GF,0.018662,BSL,0,0.018662,1096,ICCR2,1
2603,D5491260,D549126,D5491260,GT5VX104JKG5,8M5CL,7744938,2026/03/08 6:19:58 AM,12285,SMALL_PARTICLE,SMALL_PARTICLE,-45.896281,-132.108067,19559.009976,5,AME417_PM5,P_78_GABON_B10_R3,2026/03/08 4:36:52 AM,2026/03/08 6:19:58 AM,BPD444,ICCR2+CV+GF,0.011343,BSL,0.003659,0.007684,809,ICCR2,1
2602,D5401910,D540191,D5401910,GS2UG002JKF7,8M6CL,7407844,2026/02/01 11:34:40 PM,340,SMALL_PARTICLE,SMALL_PARTICLE,-23.696346,-133.581901,18405.641089,4,AME425_PM1,P_78_GABON,2026/02/01 9:46:58 PM,2026/02/01 11:34:40 PM,BPD450,POR+CV+GF,0.007106,BSL,0.003553,0.003553,1901,POR,1
2601,D532263A,D532263,D532263A,KHZBU430WFD4,8M6CL,7683885,2026/01/22 2:14:26 PM,73,SMALL_PARTICLE,SMALL_PARTICLE,22.140494,135.740654,18915.726623,4,AME419_PM4,P_78_GABON,2026/01/22 1:26:31 PM,2026/01/22 2:14:26 PM,BPD458,POR+CV+GF,0.017918,BSL,0.003584,0.014334,2066,POR,1
2602,D5413480,D541348,D5413480,MCFFR004WAE4,8M6CL,7451930,2026/02/02 2:08:30 AM,15,SMALL_PARTICLE,SMALL_PARTICLE,-124.444808,64.486235,19644.984743,4,AME423_PM1,P_78_GABON_R1,2026/02/02 12:47:11 AM,2026/02/02 2:08:30 AM,BPD432,ICCR2+CV+GF,0.014211,BSL,0,0.014211,1899,ICCR2,1
2601,D5334360,D533436,D5334360,GQ5EV261JKE3,8M5CL,7178457,2026/01/14 3:31:13 PM,3117,SMALL_PARTICLE,SMALL_PARTICLE,25.858317,-132.052543,18106.526671,5,AME409_PM6,P_78_GABON_B10_R3,2026/01/14 1:26:55 PM,2026/01/14 3:31:13 PM,BPD436,ICCR2+CV,0.007383,BSL,0,0.007383,2209,ICCR2,1
2601,D5424860,D542486,D5424860,A20V6037SLE4,8M6CL,7495968,2026/01/31 4:20:07 PM,95,SMALL_PARTICLE,SMALL_PARTICLE,-37.585466,135.306967,19720.642573,4,AME427_PM6,P_78_GABON,2026/01/31 2:59:59 PM,2026/01/31 4:20:07 PM,BPD432,POR+CV+GF,0.010753,BSL,0,0.010753,1917,POR,1
2603,D5484990,D548499,D5484990,A24QB029SLF4,8M6CL,7702159,2026/03/15 6:18:37 AM,60,SMALL_PARTICLE,SMALL_PARTICLE,-17.301514,135.611857,18689.918146,4,AME423_PM3,P_78_GABON_R1,2026/03/15 12:59:27 AM,2026/03/15 6:18:37 AM,BPD436,ICCR2+CV+GF,0.007168,BSL,0,0.007168,657,ICCR2,1
2512,D5306440W,D530644,D5306440W,GP1WY160JKE1,8M5CL,7749476,2025/12/03 1:21:00 AM,1606,SMALL_PARTICLE,SMALL_PARTICLE,-3.897666,134.673816,18152.228516,5,AME411_PM1,P_78_GABON_B10_R3,2025/12/02 11:56:47 PM,2025/12/03 1:21:00 AM,BPD454,SRCIP,0.003903,BSL,0,0.003903,3022,SRCIP,1
2602,D5402320,D540232,D5402320,GS2UF434JKB7,8M6CL,7415648,2026/02/12 11:36:07 PM,69,SMALL_PARTICLE,SMALL_PARTICLE,-45.113837,-129.11232,18705.249465,4,AME425_PM5,P_78_GABON,2026/02/12 9:25:04 PM,2026/02/12 11:36:07 PM,BPD432,POR+CV+GF,0.003553,BSL,0,0.003553,1339,POR,1
2512,D5334220,D533422,D5334220,A1UPA020SLD3,8M6CL,7175169,2025/12/29 10:49:40 PM,116279,SMALL_PARTICLE,SMALL_PARTICLE,-70.217623,113.698774,17857.925789,4,AME403_PM4,P_78_GABON,2025/12/29 8:32:25 PM,2025/12/29 10:49:40 PM,BPD432,POR+CV,0.003553,BSL,0,0.003553,2466,POR,1
2604,D6026440,D602644,D6026440,GT7EJ003JKC3,8M6CL,7912585,2026/04/13 4:20:03 PM,15,SMALL_PARTICLE,SMALL_PARTICLE,134.320843,-6.704517,18087.039412,4,AME423_PM1,P_78_GABON_R1,2026/04/13 12:30:23 PM,2026/04/13 4:20:03 PM,BPD444,ICCR2+CV+GF,0.010752,BSL,0.003584,0.007168,1411,ICCR2,1
2602,D547939A,D547939,D547939A,GT3FY039JKF5,8M5CL,7968589,2026/02/16 8:07:11 PM,1383,SMALL_PARTICLE,SMALL_PARTICLE,34.682857,134.519732,19298.458867,5,AME421_PM4,P_78_GABON_B10_R3,2026/02/16 5:44:24 PM,2026/02/16 8:07:11 PM,BPD444,ICCR2+CV,0.014766,BSL,0.007383,0.007383,1277,ICCR2,1
2603,D5491210,D549121,D5491210,KJ6GY332WFG5,8M6CL,7742379,2026/03/25 3:41:40 PM,123,SMALL_PARTICLE,SMALL_PARTICLE,-39.86116,-128.410528,18078.175778,4,AME409_PM6,P_78_GABON_R1,2026/03/25 12:55:46 PM,2026/03/25 3:41:40 PM,BPD442,ICCR2+CV,0.018733,BSL,0.004522,0.014211,482,ICCR2,1
2602,D5413370,D541337,D5413370,GS0ZL252JKC7,8M5CL,7447077,2026/02/18 7:22:02 AM,2782,SMALL_PARTICLE,SMALL_PARTICLE,-39.488391,-134.179611,19563.501032,5,AME421_PM1,P_78_GABON_B10_R3,2026/02/18 5:47:51 AM,2026/02/18 7:22:02 AM,BPD432,CCMR2+ICCR2+CV+GF,0.003659,BSL,0,0.003659,1222,CCMR2,1
2603,D547ERF0,D547ERF,D547ERF0,KJ69G447WFE7,8M6CL,7699045,2026/03/28 9:49:22 PM,906,SMALL_PARTICLE,SMALL_PARTICLE,117.802749,72.544967,19140.259909,6,AME403_PM6,P_78_ROADRUNNER_R1,2026/03/28 8:36:25 PM,2026/03/28 9:49:22 PM,BPD432,ICCR2+CV,0.005289,BSL,0,0.005289,448,ICCR2,1
2602,D5424880,D542488,D5424880,MCEWL451WAG0,8M6CL,7498097,2026/02/12 8:57:40 PM,142,SMALL_PARTICLE,SMALL_PARTICLE,-41.305488,-130.110672,18634.930307,4,AME411_PM2,P_78_GABON_R1,2026/02/12 7:28:52 PM,2026/02/12 8:57:40 PM,BPD454,ICCR2+CV+GF,0.007168,BSL,0,0.007168,1341,ICCR2,1
2603,D541E7PA,D541E7P,D541E7PA,A20V6146SLD7,8M5CL,7705028,2026/03/11 11:49:46 PM,7423,SMALL_PARTICLE,SMALL_PARTICLE,20.311035,-137.715825,19378.186598,9,AME417_PM6,P_78_GABON_B10_R3,2026/03/11 10:12:20 PM,2026/03/11 11:49:46 PM,BPD450,ICCR2+CV+GF,0.005273,BSL,0,0.005273,732,ICCR2,1
2601,D5391100,D539110,D5391100,GS3WB727JKG4,8M6CL,7391743,2026/01/19 5:48:45 AM,237,SMALL_PARTICLE,SMALL_PARTICLE,-122.298408,-53.992942,17872.138385,4,AME403_PM5,P_78_GABON,2026/01/19 3:54:14 AM,2026/01/19 5:48:45 AM,BPD432,POR+CV+GF,0.014336,BSL,0.007168,0.007168,2142,POR,1
2604,D6021040,D602104,D6021040,KJ7KK004WFF4,8M6CL,7907507,2026/04/15 12:38:04 AM,51,SMALL_PARTICLE,SMALL_PARTICLE,-47.551566,132.899689,19923.478765,4,AME423_PM3,P_78_GABON_R1,2026/04/14 9:56:21 PM,2026/04/15 12:38:04 AM,BPD454,ICCR2+CV+GF,0.010658,BSL,0,0.010658,1480,ICCR2,1
2604,D6031270,D603127,D6031270,GT7PS426JKF3,8M6CL,7950883,2026/04/15 12:48:44 AM,168,SMALL_PARTICLE,SMALL_PARTICLE,-133.215829,22.045257,18232.450452,4,AME411_PM2,P_78_GABON_R1,2026/04/14 10:33:22 PM,2026/04/15 12:48:44 AM,BPD448,ICCR2+CV+GF,0.003584,BSL,0,0.003584,1477,ICCR2,1
2604,D6014950,D601495,D6014950,GT6QX355JKD6,8M5CL,7869601,2026/04/15 1:03:41 AM,4184,SMALL_PARTICLE,SMALL_PARTICLE,-25.790835,131.889357,18059.96966,5,AME401_PM1,P_78_GABON_B10_R3,2026/04/14 11:25:24 PM,2026/04/15 1:03:41 AM,BPD448,ICCR2+CV+GF,0.010827,BSL,0.003609,0.007218,1475,ICCR2,1
2604,D6015700,D601570,D6015700,KJ7KK160WFH2,8M6CL,7891073,2026/04/15 6:51:43 AM,3522,SMALL_PARTICLE,SMALL_PARTICLE,133.334118,-36.895928,19139.296526,4,AME427_PM6,P_78_GABON_R1,2026/04/15 2:35:31 AM,2026/04/15 6:51:43 AM,BPD458,ICCR2+CV+GF,0.007105,BSL,0,0.007105,1467,ICCR2,1
2604,D6021040,D602104,D6021040,KJ7KK021WFB6,8M6CL,7907584,2026/04/15 11:49:42 AM,65,SMALL_PARTICLE,SMALL_PARTICLE,-60.846142,-118.780475,17811.054238,4,AME423_PM4,P_78_GABON_R1,2026/04/14 10:03:29 PM,2026/04/15 11:49:42 AM,BPD446,ICCR2+CV+GF,0.017921,BSL,0.003584,0.014337,1479,ICCR2,1
2604,D6021080,D602108,D6021080,KJ7KE239WFG6,8M5CL,7907494,2026/04/16 9:48:25 AM,3916,SMALL_PARTICLE,SMALL_PARTICLE,116.256396,-73.357824,18896.919953,5,AME425_PM4,P_78_GABON_B10_R4,2026/04/16 8:44:28 AM,2026/04/16 9:48:25 AM,BPD458,SRCIP,0.003876,BSL,0,0.003876,1495,SRCIP,1
2604,D6015450,D601545,D6015450,5DXBG149MVF3,8M6CL,7883410,2026/04/17 12:26:41 PM,113,SMALL_PARTICLE,SMALL_PARTICLE,136.443043,-18.728766,18967.470659,4,AME423_PM5,P_78_GABON_R1,2026/04/17 9:33:30 AM,2026/04/17 12:26:41 PM,BPD450,ICCR2+CV+GF,0.003584,BSL,0,0.003584,1719,ICCR2,1
2604,D550E800,D550E80,D550E800,5DWZH313MVF5,8M6CL,7796360,2026/04/21 11:12:45 PM,1954,SMALL_PARTICLE,SMALL_PARTICLE,-66.890028,119.883457,18846.319108,6,AME419_PM3,P_78_ROADRUNNER_R1,2026/04/21 9:44:27 PM,2026/04/21 11:12:45 PM,BPD458,ICCR2+CV+GF,0.005289,BSL,0,0.005289,1615,ICCR2,1
2604,D6021040,D602104,D6021040,KJ7KK004WFF4,8M6CL,7907507,2026/04/15 12:38:04 AM,51,SMALL_PARTICLE,SMALL_PARTICLE,-47.551566,132.899689,19923.478765,4,AME423_PM3,P_78_GABON_R1,2026/04/14 9:56:21 PM,2026/04/15 12:38:04 AM,BPD454,ICCR2+CV+GF,0.010658,BSL,0,0.010658,1480,ICCR2,1
2604,D6031270,D603127,D6031270,GT7PS426JKF3,8M6CL,7950883,2026/04/15 12:48:44 AM,168,SMALL_PARTICLE,SMALL_PARTICLE,-133.215829,22.045257,18232.450452,4,AME411_PM2,P_78_GABON_R1,2026/04/14 10:33:22 PM,2026/04/15 12:48:44 AM,BPD448,ICCR2+CV+GF,0.003584,BSL,0,0.003584,1477,ICCR2,1
2604,D6014950,D601495,D6014950,GT6QX355JKD6,8M5CL,7869601,2026/04/15 1:03:41 AM,4184,SMALL_PARTICLE,SMALL_PARTICLE,-25.790835,131.889357,18059.96966,5,AME401_PM1,P_78_GABON_B10_R3,2026/04/14 11:25:24 PM,2026/04/15 1:03:41 AM,BPD448,ICCR2+CV+GF,0.010827,BSL,0.003609,0.007218,1475,ICCR2,1
2604,D6015700,D601570,D6015700,KJ7KK160WFH2,8M6CL,7891073,2026/04/15 6:51:43 AM,3522,SMALL_PARTICLE,SMALL_PARTICLE,133.334118,-36.895928,19139.296526,4,AME427_PM6,P_78_GABON_R1,2026/04/15 2:35:31 AM,2026/04/15 6:51:43 AM,BPD458,ICCR2+CV+GF,0.007105,BSL,0,0.007105,1467,ICCR2,1
2604,D6021040,D602104,D6021040,KJ7KK021WFB6,8M6CL,7907584,2026/04/15 11:49:42 AM,65,SMALL_PARTICLE,SMALL_PARTICLE,-60.846142,-118.780475,17811.054238,4,AME423_PM4,P_78_GABON_R1,2026/04/14 10:03:29 PM,2026/04/15 11:49:42 AM,BPD446,ICCR2+CV+GF,0.017921,BSL,0.003584,0.014337,1479,ICCR2,1
2604,D6021080,D602108,D6021080,KJ7KE239WFG6,8M5CL,7907494,2026/04/16 9:48:25 AM,3916,SMALL_PARTICLE,SMALL_PARTICLE,116.256396,-73.357824,18896.919953,5,AME425_PM4,P_78_GABON_B10_R4,2026/04/16 8:44:28 AM,2026/04/16 9:48:25 AM,BPD458,SRCIP,0.003876,BSL,0,0.003876,1495,SRCIP,1
2604,D6015450,D601545,D6015450,5DXBG149MVF3,8M6CL,7883410,2026/04/17 12:26:41 PM,113,SMALL_PARTICLE,SMALL_PARTICLE,136.443043,-18.728766,18967.470659,4,AME423_PM5,P_78_GABON_R1,2026/04/17 9:33:30 AM,2026/04/17 12:26:41 PM,BPD450,ICCR2+CV+GF,0.003584,BSL,0,0.003584,1719,ICCR2,1
2604,D550E800,D550E80,D550E800,5DWZH313MVF5,8M6CL,7796360,2026/04/21 11:12:45 PM,1954,SMALL_PARTICLE,SMALL_PARTICLE,-66.890028,119.883457,18846.319108,6,AME419_PM3,P_78_ROADRUNNER_R1,2026/04/21 9:44:27 PM,2026/04/21 11:12:45 PM,BPD458,ICCR2+CV+GF,0.005289,BSL,0,0.005289,1615,ICCR2,1
2604,D6042310,D604231,D6042310,A29M4051SLG5,8M6CL,7975061,2026/04/25 1:37:57 PM,21,SMALL_PARTICLE,SMALL_PARTICLE,-109.031278,82.802393,18744.055869,4,AME411_PM2,P_78_GABON_R1,2026/04/25 12:07:16 PM,2026/04/25 1:37:57 PM,BPD454,ICCR2+CV+GF,0.003584,BSL,0,0.003584,1535,ICCR2,1
2604,D6053230,D605323,D6053230,GS7PC879JKB3,8M5CL,8010057,2026/04/26 7:40:04 AM,7380,SMALL_PARTICLE,SMALL_PARTICLE,-37.846416,127.974416,17809.802355,5,AME411_PM4,P_78_GABON_B10_R3,2026/04/26 5:59:58 AM,2026/04/26 7:40:04 AM,BPD448,ICCR2+CV+GF,0.007384,BSL,0.003692,0.003692,1518,ICCR2,1
