PERIOD_START,PERIOD_END,DEVICE,LAYER,PERIOD_DAYS,SAMPLE_SIZE,FIRST_WAFER_TIME,LAST_WAFER_TIME,ZERO_BEEP_DEFECT_RATE,ZERO_SMP_DEFECT_RATE,ZERO_BEEP_LOT_DEFECT_RATE,ZERO_SMP_LOT_DEFECT_RATE,CCMR2_ON_RATE,ICCR2_ON_RATE,GF_ON_RATE,CV_ON_RATE,SRCIP_ON_RATE,P_ORDER_BEEP_CLEAN_AVG,P_ORDER_BEEP_DEFECTIVE_AVG,P_ORDER_BEEP_CLEAN_COUNT,P_ORDER_BEEP_DEFECTIVE_COUNT,P_ORDER_SMP_CLEAN_AVG,P_ORDER_SMP_DEFECTIVE_AVG,P_ORDER_SMP_CLEAN_COUNT,P_ORDER_SMP_DEFECTIVE_COUNT,UNW_12HRS_BEEP_CLEAN_AVG,UNW_12HRS_BEEP_DEFECTIVE_AVG,UNW_12HRS_BEEP_CLEAN_COUNT,UNW_12HRS_BEEP_DEFECTIVE_COUNT,UNW_12HRS_SMP_CLEAN_AVG,UNW_12HRS_SMP_DEFECTIVE_AVG,UNW_12HRS_SMP_CLEAN_COUNT,UNW_12HRS_SMP_DEFECTIVE_COUNT,S_SCAN_TOTAL,S_SCAN_AVG,N_SCAN_TOTAL,N_SCAN_AVG
2025-05-22,2025-05-28,PNCB,8M5CL,7,14,2025-05-27 09:31:29,2025-05-28 20:07:59,0.07142857142857142,0.14285714285714285,0.21428571428571427,0.7857142857142857,0.0,1.0,0.0,0.0,0.0,5.384615384615385,6.0,13,1,5.166666666666667,7.0,12,2,52.47722047476923,60.601933086,13,1,53.4004832715,51.0,12,2,130,9.285714285714286,130,9.285714285714286
2025-05-29,2025-06-04,PNCB,8M5CL,7,12,2025-06-04 03:48:22,2025-06-04 03:48:22,0.0,0.25,0.0,1.0,0.0,1.0,0.5,0.0,0.0,3.5,,12,0,3.7777777777777777,2.6666666666666665,9,3,63.103199358999994,,12,0,62.31395498577778,65.47093247866667,9,3,72,6.0,144,12.0
2025-06-05,2025-06-11,PNCB,8M5CL,7,62,2025-06-05 09:33:11,2025-06-11 09:32:06,0.04838709677419355,0.27419354838709675,0.2903225806451613,0.6774193548387096,0.3870967741935484,1.0,0.0,0.6774193548387096,0.0,11.101694915254237,7.333333333333333,59,3,10.28888888888889,12.588235294117647,45,17,65.43625488711865,35.666666666666664,59,3,70.54975640755556,46.64705882352941,45,17,436,7.032258064516129,436,7.032258064516129
2025-06-12,2025-06-18,PNCB,8M5CL,7,62,2025-06-12 00:10:08,2025-06-18 22:32:08,0.04838709677419355,0.16129032258064516,0.3870967741935484,0.6129032258064516,0.2903225806451613,1.0,0.0,0.3548387096774194,0.0,6.898305084745763,8.333333333333334,59,3,7.403846153846154,4.7,52,10,77.44183071044068,117.93572932,59,3,78.19103989199999,85.69411254920001,52,10,685,11.048387096774194,685,11.048387096774194
2025-06-19,2025-06-25,PNCB,8M5CL,7,29,2025-06-19 00:48:53,2025-06-24 22:35:44,0.034482758620689655,0.3448275862068966,0.4827586206896552,0.6896551724137931,0.0,1.0,0.5517241379310345,0.5517241379310345,0.0,7.321428571428571,3.0,28,1,5.894736842105263,9.6,19,10,67.83441966907142,8.0,28,1,65.77239799042106,65.76881889159999,19,10,330,11.379310344827585,356,12.275862068965518
2025-06-26,2025-07-02,PNCB,8M5CL,7,19,2025-06-28 02:14:12,2025-07-02 21:21:35,0.10526315789473684,0.0,0.21052631578947367,0.0,0.05263157894736842,1.0,0.9473684210526315,1.0,0.0,5.235294117647059,2.0,17,2,4.894736842105263,,19,0,58.88235294117647,42.5,17,2,57.1578947368421,,19,0,79,4.157894736842105,141,7.421052631578948
2025-07-03,2025-07-09,PNCB,8M5CL,7,100,2025-07-04 01:20:09,2025-07-09 08:03:08,0.05,0.21,0.4,0.82,0.15,1.0,0.85,1.0,0.0,5.2,6.8,95,5,5.227848101265823,5.476190476190476,79,21,57.40815839901056,39.8,95,5,60.04577756639244,43.29326762671429,79,21,916,9.16,1704,17.04
2025-07-10,2025-07-16,PNCB,8M5CL,7,63,2025-07-10 02:00:13,2025-07-16 16:16:01,0.07936507936507936,0.14285714285714285,0.3492063492063492,0.8412698412698413,0.0,1.0,0.9047619047619048,0.9047619047619048,0.0,5.948275862068965,4.4,58,5,5.962962962962963,5.0,54,9,39.3382676882069,15.2,58,5,37.28425194314815,38.25221344288889,54,9,569,9.031746031746032,641,10.174603174603174
2025-07-17,2025-07-23,PNCB,8M5CL,7,52,2025-07-17 03:36:17,2025-07-23 10:25:56,0.07692307692307693,0.2692307692307692,0.4423076923076923,0.7307692307692307,0.0,1.0,0.9615384615384616,0.9615384615384616,0.0,6.541666666666667,6.25,48,4,5.605263157894737,9.0,38,14,42.357064866625,34.713546031250004,48,4,35.033101833394745,60.05253057528572,38,14,442,8.5,442,8.5
2025-07-24,2025-07-30,PNCB,8M5CL,7,54,2025-07-24 10:58:38,2025-07-30 00:08:20,0.037037037037037035,0.1111111111111111,0.4074074074074074,0.5185185185185185,0.1111111111111111,1.0,0.8888888888888888,1.0,0.0,7.5576923076923075,9.0,52,2,7.4375,9.0,48,6,29.15704073026923,13.0,52,2,29.647563728895832,19.847176497833335,48,6,484,8.962962962962964,484,8.962962962962964
2025-07-31,2025-08-06,PNCB,8M5CL,7,131,2025-07-31 01:58:01,2025-08-05 15:29:58,0.022900763358778626,0.31297709923664124,0.1450381679389313,0.7557251908396947,0.06870229007633588,1.0,0.6335877862595419,1.0,0.0,8.828125,5.333333333333333,128,3,8.28888888888889,9.75609756097561,90,41,67.9572621919375,87.84301498,128,3,68.80735181786666,67.54626687560975,90,41,1351,10.312977099236642,1357,10.358778625954198
2025-08-07,2025-08-13,PNCB,8M5CL,7,31,2025-08-07 04:08:20,2025-08-11 21:33:27,0.0967741935483871,0.3870967741935484,0.2903225806451613,0.9354838709677419,0.3225806451612903,1.0,0.6774193548387096,1.0,0.0,8.0,2.6666666666666665,28,3,8.0,6.666666666666667,19,12,53.964285714285715,30.0,28,3,43.10526315789474,65.16666666666667,19,12,229,7.387096774193548,229,7.387096774193548
2025-08-14,2025-08-20,PNCB,8M5CL,7,58,2025-08-14 04:59:04,2025-08-20 19:31:39,0.15517241379310345,0.1206896551724138,0.6379310344827587,0.6551724137931034,0.43103448275862066,1.0,0.5689655172413793,1.0,0.0,8.714285714285714,8.11111111111111,49,9,8.764705882352942,7.571428571428571,51,7,50.63657862320409,55.57276778444444,49,9,51.224205683039216,52.70182468028571,51,7,776,13.379310344827585,802,13.827586206896552
2025-08-21,2025-08-27,PNCB,8M5CL,7,99,2025-08-21 20:52:14,2025-08-27 17:46:56,0.13131313131313133,0.16161616161616163,0.5353535353535354,0.7777777777777778,0.10101010101010101,1.0,0.7272727272727273,1.0,0.04040404040404041,5.0813953488372094,3.923076923076923,86,13,4.9397590361445785,4.875,83,16,57.4563263541279,53.18174496576923,86,13,56.56265242771084,58.619162469375,83,16,787,7.94949494949495,1223,12.353535353535353
2025-08-28,2025-09-03,PNCB,8M5CL,7,132,2025-08-28 10:57:52,2025-09-03 21:22:13,0.06060606060606061,0.2196969696969697,0.3181818181818182,0.7424242424242424,0.12121212121212122,1.0,0.8787878787878788,1.0,0.0,6.048387096774194,6.25,124,8,5.757281553398058,7.137931034482759,103,29,80.81494054704032,74.88401093525,124,8,80.84043911871844,79.08825814093102,103,29,968,7.333333333333333,1464,11.090909090909092
2025-09-04,2025-09-10,PNCB,8M5CL,7,49,2025-09-04 08:22:57,2025-09-10 03:23:55,0.08163265306122448,0.14285714285714285,0.5918367346938775,0.6326530612244898,0.3673469387755102,1.0,0.6326530612244898,1.0,0.0,7.888888888888889,9.25,45,4,7.738095238095238,9.571428571428571,42,7,146.5270054040889,177.80984243,45,4,144.2164289015238,178.26637129142858,42,7,541,11.040816326530612,541,11.040816326530612
2025-09-11,2025-09-17,PNCB,8M5CL,7,57,2025-09-11 07:06:41,2025-09-17 20:33:01,0.10526315789473684,0.14035087719298245,0.5263157894736842,0.6491228070175439,0.14035087719298245,1.0,0.8596491228070176,1.0,0.0,5.568627450980392,6.833333333333333,51,6,5.326530612244898,8.0,49,8,110.20665323960783,105.00373279433335,51,6,110.75418868214287,102.95080832012499,49,8,363,6.368421052631579,441,7.7368421052631575
2025-09-18,2025-09-24,PNCB,8M5CL,7,40,2025-09-18 16:26:18,2025-09-24 22:04:58,0.15,0.25,0.45,0.5,0.7,1.0,0.8,1.0,0.0,5.382352941176471,10.666666666666666,34,6,6.133333333333334,6.3,30,10,154.9222846235294,160.36058422000002,34,6,151.67484928366667,167.927570401,30,10,222,5.55,224,5.6
2025-09-25,2025-10-01,PNCB,8M5CL,7,103,2025-09-25 06:58:53,2025-10-01 21:32:22,0.24271844660194175,0.3106796116504854,0.5242718446601942,0.6310679611650486,0.6990291262135923,1.0,0.5145631067961165,1.0,0.0,6.717948717948718,6.32,78,25,6.690140845070423,6.46875,71,32,136.2894077297949,129.785703736,78,25,130.46678427769012,144.127334769,71,32,373,3.621359223300971,395,3.8349514563106797
2025-10-02,2025-10-08,PNCB,8M5CL,7,63,2025-10-04 03:31:17,2025-10-08 17:11:07,0.1746031746031746,0.1111111111111111,0.4603174603174603,0.42857142857142855,0.7777777777777778,1.0,0.8888888888888888,1.0,0.0,7.461538461538462,7.181818181818182,52,11,7.607142857142857,5.857142857142857,56,7,137.41465118938459,120.07623474909089,52,11,135.11627977712502,128.55553950985714,56,7,295,4.682539682539683,317,5.031746031746032
2025-10-09,2025-10-15,PNCB,8M5CL,7,39,2025-10-09 02:34:26,2025-10-15 16:51:57,0.2564102564102564,0.2564102564102564,0.6923076923076923,0.5641025641025641,0.5641025641025641,1.0,0.7692307692307693,1.0,0.0,9.482758620689655,8.7,29,10,9.655172413793103,8.2,29,10,108.07058450437931,119.47747806789998,29,10,112.32975844024136,107.1258736539,29,10,121,3.1025641025641026,137,3.5128205128205128
2025-10-16,2025-10-22,PNCB,8M5CL,7,80,2025-10-16 06:20:49,2025-10-22 11:23:18,0.1375,0.225,0.3,0.4125,0.4,1.0,0.8125,1.0,0.0,8.101449275362318,6.181818181818182,69,11,8.403225806451612,5.888888888888889,62,18,123.42499771271015,140.49207217027273,69,11,127.33215041532259,120.39690612777775,62,18,230,2.875,264,3.3
2025-10-23,2025-10-29,PNCB,8M5CL,7,93,2025-10-23 03:29:36,2025-10-29 09:10:59,0.16129032258064516,0.20430107526881722,0.3655913978494624,0.43010752688172044,0.5806451612903226,1.0,0.7956989247311828,1.0,0.0,7.551282051282051,6.466666666666667,78,15,7.662162162162162,6.2631578947368425,74,19,108.78675986249232,96.92187045285336,78,15,106.32204978746486,109.01913904183158,74,19,279,3.0,345,3.7096774193548385
2025-10-30,2025-11-05,PNCB,8M5CL,7,47,2025-10-30 01:52:08,2025-11-04 21:33:24,0.1702127659574468,0.2765957446808511,0.574468085106383,0.6595744680851063,0.3829787234042553,1.0,1.0,1.0,0.0,10.205128205128204,11.0,39,8,10.5,9.923076923076923,34,13,118.50583662846154,116.239302193,39,8,113.54229187938235,130.09262478115386,34,13,205,4.361702127659575,213,4.531914893617022
2025-11-06,2025-11-12,PNCB,8M5CL,7,10,2025-11-08 22:05:49,2025-11-09 04:12:14,0.4,0.2,1.0,0.6,0.8,1.0,0.8,1.0,0.0,6.166666666666667,5.75,6,4,6.0,6.0,8,2,46.39214399166667,57.0882159875,6,4,42.54410799375,83.176431975,8,2,36,3.6,36,3.6
2025-11-20,2025-11-26,PNCB,8M5CL,7,23,2025-11-21 19:50:41,2025-11-25 22:47:59,0.34782608695652173,0.21739130434782608,1.0,0.8260869565217391,0.5217391304347826,1.0,1.0,1.0,0.5217391304347826,9.0,12.0,15,8,9.944444444444445,10.4,18,5,60.34057625053333,74.88858046975,15,8,63.84306719166667,71.0084156132,18,5,113,4.913043478260869,113,4.913043478260869
2025-11-27,2025-12-03,PNCB,8M5CL,7,40,2025-11-27 11:19:41,2025-12-03 20:05:07,0.375,0.325,0.9,0.6,0.5,1.0,1.0,1.0,0.0,11.96,8.066666666666666,25,15,12.777777777777779,5.769230769230769,27,13,98.25241801184,119.43644132746667,25,15,98.01824911607407,123.18187262107693,27,13,176,4.4,240,6.0
2025-12-18,2025-12-24,PNCB,8M5CL,7,10,2025-12-18 08:13:42,2025-12-23 18:39:16,0.2,0.2,0.4,0.3,0.4,1.0,0.9,1.0,0.0,7.0,13.5,8,2,9.125,5.0,8,2,50.3300970825,70.142699695,8,2,34.67890597125,132.74746414,8,2,26,2.6,28,2.8
2025-12-25,2025-12-29,PNCB,8M5CL,7,23,2025-12-26 08:41:41,2025-12-29 03:30:58,0.08695652173913043,0.17391304347826086,0.5652173913043478,0.6521739130434783,0.8260869565217391,1.0,0.9130434782608695,1.0,0.7391304347826086,7.238095238095238,5.5,21,2,7.157894736842105,6.75,19,4,115.53895163714284,98.0,21,2,113.3436112268421,117.1973427675,19,4,197,8.565217391304348,197,8.565217391304348
2025-05-29,2025-06-04,PNCB,8M6CL,7,28,2025-06-01 11:33:49,2025-06-04 22:22:48,0.10714285714285714,0.21428571428571427,0.7142857142857143,0.8571428571428571,0.0,0.0,0.03571428571428571,0.9642857142857143,0.0,6.16,5.0,25,3,5.636363636363637,7.5,22,6,38.577666144599995,23.608399889666668,25,3,37.626877369818175,34.57925852466666,22,6,234,8.357142857142858,304,10.857142857142858
2025-06-05,2025-06-11,PNCB,8M6CL,7,44,2025-06-08 10:25:52,2025-06-10 15:23:09,0.045454545454545456,0.09090909090909091,0.3181818181818182,0.5454545454545454,0.0,0.2727272727272727,0.13636363636363635,0.5909090909090909,0.0,4.476190476190476,5.0,42,2,4.45,5.0,40,4,48.58541341904762,25.0,42,2,48.067627082499996,41.970570075,40,4,352,8.0,496,11.272727272727273
2025-06-12,2025-06-18,PNCB,8M6CL,7,23,2025-06-13 01:37:51,2025-06-14 06:00:30,0.21739130434782608,0.17391304347826086,0.4782608695652174,0.4782608695652174,0.0,0.5217391304347826,0.0,0.4782608695652174,0.0,5.166666666666667,4.2,18,5,5.052631578947368,4.5,19,4,83.03598675333333,7.6,18,5,79.0340927136842,7.75,19,4,205,8.91304347826087,265,11.521739130434783
2025-06-19,2025-06-25,PNCB,8M6CL,7,36,2025-06-19 22:38:04,2025-06-23 19:47:49,0.1388888888888889,0.5277777777777778,1.0,1.0,0.0,0.3333333333333333,0.0,0.6666666666666666,0.0,6.645161290322581,5.6,31,5,5.235294117647059,7.631578947368421,17,19,24.70967741935484,14.8,31,5,40.0,8.421052631578947,17,19,432,12.0,720,20.0
2025-06-26,2025-07-02,PNCB,8M6CL,7,11,2025-06-27 05:49:16,2025-06-30 07:52:32,0.18181818181818182,0.0,0.18181818181818182,0.0,0.0,0.0,0.0,1.0,0.0,2.888888888888889,4.5,9,2,3.1818181818181817,,11,0,50.77777777777778,14.605994336,9,2,44.20108987927272,,11,0,33,3.0,57,5.181818181818182
2025-07-03,2025-07-09,PNCB,8M6CL,7,47,2025-07-06 09:52:32,2025-07-09 09:57:53,0.06382978723404255,0.0425531914893617,0.425531914893617,0.1276595744680851,0.0,0.3829787234042553,0.425531914893617,0.7446808510638298,0.0,4.931818181818182,5.666666666666667,44,3,5.022222222222222,4.0,45,2,26.636363636363637,24.0,44,3,26.133333333333333,34.0,45,2,411,8.74468085106383,815,17.340425531914892
2025-07-10,2025-07-16,PNCB,8M6CL,7,58,2025-07-10 13:48:55,2025-07-16 22:02:50,0.08620689655172414,0.13793103448275862,0.7068965517241379,0.5689655172413793,0.0,0.1896551724137931,0.2413793103448276,0.3620689655172414,0.0,5.169811320754717,5.0,53,5,5.32,4.125,50,8,49.20168627581133,37.8,53,5,48.33582462388001,47.487267678,50,8,494,8.517241379310345,854,14.724137931034482
2025-07-17,2025-07-23,PNCB,8M6CL,7,55,2025-07-17 03:00:30,2025-07-23 23:06:58,0.05454545454545454,0.10909090909090909,0.45454545454545453,0.45454545454545453,0.0,0.36363636363636365,0.36363636363636365,0.6727272727272727,0.0,6.153846153846154,3.6666666666666665,52,3,6.0,6.166666666666667,49,6,48.495876749192306,69.47581397666666,52,3,51.351286385469386,35.666666666666664,49,6,455,8.272727272727273,525,9.545454545454545
2025-07-24,2025-07-30,PNCB,8M6CL,7,38,2025-07-24 20:42:36,2025-07-29 22:31:22,0.18421052631578946,0.39473684210526316,0.9473684210526315,0.8947368421052632,0.0,0.10526315789473684,0.10526315789473684,0.5526315789473685,0.0,6.354838709677419,5.428571428571429,31,7,6.3478260869565215,5.933333333333334,23,15,35.645161290322584,31.428571428571427,31,7,43.82608695652174,21.133333333333333,23,15,334,8.789473684210526,334,8.789473684210526
2025-07-31,2025-08-06,PNCB,8M6CL,7,79,2025-07-31 01:37:22,2025-08-05 21:56:03,0.08860759493670886,0.16455696202531644,0.4177215189873418,0.5569620253164557,0.17721518987341772,0.620253164556962,0.5189873417721519,0.7215189873417721,0.0,7.916666666666667,8.857142857142858,72,7,7.757575757575758,9.23076923076923,66,13,60.47373075358332,77.07696979942857,72,7,61.06134603009091,66.430658836,66,13,583,7.379746835443038,665,8.417721518987342
2025-08-07,2025-08-13,PNCB,8M6CL,7,11,2025-08-07 03:54:19,2025-08-13 01:05:30,0.2727272727272727,0.2727272727272727,0.7272727272727273,0.6363636363636364,0.0,0.0,0.5454545454545454,0.45454545454545453,0.0,7.75,14.0,8,3,12.0,2.6666666666666665,8,3,77.920146417625,69.97267027566666,8,3,72.007200238875,85.74052675233334,8,3,33,3.0,33,3.0
2025-08-14,2025-08-20,PNCB,8M6CL,7,85,2025-08-15 02:11:49,2025-08-20 22:33:45,0.047058823529411764,0.16470588235294117,0.2823529411764706,0.7058823529411765,0.0,0.36470588235294116,0.4117647058823529,0.8588235294117647,0.0,7.209876543209877,4.0,81,4,6.464788732394366,10.071428571428571,71,14,54.338723770925924,56.727786127499996,81,4,53.32341029360562,60.17040279349999,71,14,907,10.670588235294117,1033,12.152941176470588
2025-08-21,2025-08-27,PNCB,8M6CL,7,93,2025-08-21 14:34:20,2025-08-27 18:11:16,0.1935483870967742,0.23655913978494625,0.6559139784946236,0.9032258064516129,0.0,0.16129032258064516,0.3655913978494624,0.4731182795698925,0.0,5.48,4.944444444444445,75,18,5.295774647887324,5.636363636363637,71,22,51.63344126212,37.71211318466666,75,18,52.15495623453521,38.56019269686363,71,22,717,7.709677419354839,1235,13.279569892473118
2025-08-28,2025-09-03,PNCB,8M6CL,7,172,2025-08-28 18:51:09,2025-09-03 21:27:42,0.11627906976744186,0.1744186046511628,0.5813953488372093,0.5581395348837209,0.0,0.11627906976744186,0.38372093023255816,0.7674418604651163,0.0,5.342105263157895,3.5,152,20,5.26056338028169,4.5,142,30,57.22184826959868,43.6028844911,152,20,58.79807027192958,40.681754939566666,142,30,1294,7.523255813953488,1754,10.19767441860465
2025-09-04,2025-09-10,PNCB,8M6CL,7,99,2025-09-04 11:11:26,2025-09-10 22:24:19,0.12121212121212122,0.12121212121212122,0.4444444444444444,0.5353535353535354,0.0,0.020202020202020204,0.5151515151515151,0.8080808080808081,0.0,5.160919540229885,4.416666666666667,87,12,4.977011494252873,5.75,87,12,66.67396767232184,53.455231232833334,87,12,67.45869592473562,47.76595140283333,87,12,803,8.11111111111111,875,8.83838383838384
2025-09-11,2025-09-17,PNCB,8M6CL,7,50,2025-09-11 12:32:50,2025-09-17 07:50:29,0.14,0.28,0.62,0.58,0.0,0.08,0.56,0.92,0.0,6.3023255813953485,9.142857142857142,43,7,6.166666666666667,8.071428571428571,36,14,62.118725743255816,61.392121415285715,43,7,53.59285914177778,83.6790805545,36,14,270,5.4,292,5.84
2025-09-18,2025-09-24,PNCB,8M6CL,7,146,2025-09-18 04:08:23,2025-09-24 22:35:37,0.14383561643835616,0.136986301369863,0.6095890410958904,0.4589041095890411,0.0410958904109589,0.136986301369863,0.4452054794520548,0.7123287671232876,0.0,6.096,5.714285714285714,125,21,5.944444444444445,6.65,126,20,96.63478900110401,90.28937821552381,125,21,96.8533989299762,88.59486512435,126,20,812,5.561643835616438,886,6.068493150684931
2025-09-25,2025-10-01,PNCB,8M6CL,7,103,2025-09-26 06:24:24,2025-10-01 23:57:40,0.0970873786407767,0.18446601941747573,0.23300970873786409,0.3786407766990291,0.20388349514563106,0.20388349514563106,0.36893203883495146,0.9514563106796117,0.0,6.741935483870968,4.4,93,10,6.285714285714286,7.526315789473684,84,19,82.19613308351613,88.0796613704,93,10,82.98574847558334,81.8017957116842,84,19,399,3.8737864077669903,495,4.805825242718447
2025-10-02,2025-10-08,PNCB,8M6CL,7,98,2025-10-02 03:27:46,2025-10-08 03:48:40,0.22448979591836735,0.22448979591836735,0.41836734693877553,0.5,0.5306122448979592,0.5510204081632653,0.6122448979591837,0.8877551020408163,0.0,4.9605263157894735,4.363636363636363,76,22,4.407894736842105,6.2727272727272725,76,22,105.90479040847367,92.35360288018181,76,22,99.58073993878948,114.20032268454547,76,22,336,3.4285714285714284,456,4.653061224489796
2025-10-09,2025-10-15,PNCB,8M6CL,7,78,2025-10-09 03:03:06,2025-10-15 17:17:28,0.20512820512820512,0.2948717948717949,0.5641025641025641,0.6794871794871795,0.34615384615384615,0.44871794871794873,0.6025641025641025,0.9102564102564102,0.0,7.016129032258065,6.75,62,16,7.236363636363636,6.304347826086956,55,23,90.47909370251612,103.326729803625,62,16,91.11050385589091,97.90668584086957,55,23,340,4.358974358974359,466,5.9743589743589745
2025-10-16,2025-10-22,PNCB,8M6CL,7,93,2025-10-17 07:03:49,2025-10-22 19:56:32,0.13978494623655913,0.3010752688172043,0.5913978494623656,0.6666666666666666,0.12903225806451613,0.21505376344086022,0.2903225806451613,0.8709677419354839,0.0,7.3625,6.153846153846154,80,13,7.538461538461538,6.392857142857143,65,28,85.72536517922501,92.32760896799999,80,13,81.71021092569231,98.11158645542855,65,28,541,5.817204301075269,585,6.290322580645161
2025-10-23,2025-10-29,PNCB,8M6CL,7,138,2025-10-23 00:26:06,2025-10-29 22:04:58,0.11594202898550725,0.2246376811594203,0.4927536231884058,0.5072463768115942,0.2898550724637681,0.391304347826087,0.5579710144927537,0.8840579710144928,0.0,7.60655737704918,6.0,122,16,7.074766355140187,8.612903225806452,107,31,76.76317014568032,55.6031530476875,122,16,73.29438271951402,77.81478243703225,107,31,1024,7.420289855072464,1078,7.811594202898551
2025-10-30,2025-11-05,PNCB,8M6CL,7,46,2025-10-30 11:27:51,2025-11-05 19:46:35,0.08695652173913043,0.2391304347826087,0.17391304347826086,0.6304347826086957,0.2608695652173913,0.2608695652173913,0.5869565217391305,0.8913043478260869,0.0,6.023809523809524,7.75,42,4,5.828571428571428,7.2727272727272725,35,11,68.69960079216666,15.0,42,4,65.66819325991429,58.817860834,35,11,178,3.869565217391304,234,5.086956521739131
2025-11-06,2025-11-12,PNCB,8M6CL,7,54,2025-11-06 05:18:57,2025-11-12 03:38:14,0.16666666666666666,0.07407407407407407,0.4444444444444444,0.18518518518518517,0.37037037037037035,0.48148148148148145,0.5555555555555556,1.0,0.0,5.044444444444444,6.0,45,9,4.94,8.5,50,4,92.68420317551112,72.11215194733333,45,9,86.88955727247999,118.83016169999999,50,4,208,3.8518518518518516,244,4.518518518518518
2025-11-13,2025-11-19,PNCB,8M6CL,7,24,2025-11-14 20:18:32,2025-11-19 17:02:19,0.125,0.3333333333333333,0.625,0.625,0.0,0.375,0.5416666666666666,1.0,0.0,5.0476190476190474,4.0,21,3,4.5625,5.625,16,8,75.03038323571428,78.77586986333334,21,3,72.748926798125,80.99785359625,16,8,146,6.083333333333333,162,6.75
2025-11-20,2025-11-26,PNCB,8M6CL,7,46,2025-11-21 08:29:54,2025-11-26 23:50:48,0.08695652173913043,0.13043478260869565,0.41304347826086957,0.6086956521739131,0.08695652173913043,0.32608695652173914,0.782608695652174,1.0,0.1956521739130435,4.119047619047619,5.0,42,4,4.0,5.5,40,6,76.14285714285714,42.25,42,4,73.575,70.66666666666667,40,6,232,5.043478260869565,306,6.6521739130434785
2025-11-27,2025-12-03,PNCB,8M6CL,7,20,2025-11-27 22:26:28,2025-11-30 11:30:51,0.0,0.1,0.0,0.25,0.0,0.4,0.8,1.0,0.0,2.25,,20,0,2.1666666666666665,3.0,18,2,87.811335864,,20,0,88.08224852194445,85.3731219425,18,2,62,3.1,72,3.6
2025-12-04,2025-12-10,PNCB,8M6CL,7,57,2025-12-04 16:15:43,2025-12-10 14:24:52,0.10526315789473684,0.22807017543859648,0.43859649122807015,0.5087719298245614,0.0,0.17543859649122806,0.9649122807017544,1.0,0.07017543859649122,4.392156862745098,2.5,51,6,4.386363636363637,3.5384615384615383,44,13,93.96063715835291,73.72689099266667,51,6,93.24538109975,87.04285174176924,44,13,291,5.105263157894737,471,8.263157894736842
2025-12-11,2025-12-17,PNCB,8M6CL,7,14,2025-12-11 16:03:06,2025-12-13 12:42:37,0.21428571428571427,0.07142857142857142,0.6428571428571429,0.14285714285714285,0.0,0.42857142857142855,0.9285714285714286,1.0,0.14285714285714285,11.181818181818182,8.333333333333334,11,3,10.846153846153847,7.0,13,1,69.40794892327273,78.85298731,11,3,68.38818462200001,111.0,13,1,38,2.7142857142857144,52,3.7142857142857144
2025-12-18,2025-12-24,PNCB,8M6CL,7,22,2025-12-19 01:11:25,2025-12-24 09:15:59,0.13636363636363635,0.09090909090909091,0.36363636363636365,0.2727272727272727,0.0,0.2727272727272727,0.8181818181818182,1.0,0.18181818181818182,9.894736842105264,11.0,19,3,10.3,7.5,20,2,52.04280704210527,81.91620534933334,19,3,56.7780974924,49.5,20,2,84,3.8181818181818183,92,4.181818181818182
2025-12-25,2025-12-29,PNCB,8M6CL,7,17,2025-12-28 11:41:35,2025-12-29 17:41:14,0.058823529411764705,0.35294117647058826,0.4117647058823529,1.0,0.0,0.0,0.23529411764705882,1.0,0.0,5.0,1.0,16,1,4.090909090909091,6.0,11,6,56.100405398125005,38.0,16,1,44.94173333545455,73.54123661333334,11,6,91,5.352941176470588,177,10.411764705882353
2025-06-19,2025-06-25,PXMG,8M5CL,7,11,2025-06-19 04:18:35,2025-06-19 04:18:35,0.18181818181818182,0.0,1.0,0.0,1.0,1.0,0.0,1.0,0.0,5.777777777777778,7.0,9,2,6.0,,11,0,24.0,24.0,9,2,24.0,,11,0,121,11.0,121,11.0
2025-07-03,2025-07-09,PXMG,8M5CL,7,39,2025-07-03 01:13:56,2025-07-09 23:43:39,0.07692307692307693,0.20512820512820512,0.3076923076923077,0.7948717948717948,0.05128205128205128,1.0,0.9487179487179487,1.0,0.0,4.194444444444445,5.0,36,3,4.161290322580645,4.625,31,8,70.77777777777777,71.0,36,3,72.6774193548387,63.5,31,8,211,5.410256410256411,417,10.692307692307692
2025-07-10,2025-07-16,PXMG,8M5CL,7,18,2025-07-10 09:06:17,2025-07-14 17:31:06,0.16666666666666666,0.05555555555555555,0.3333333333333333,0.1111111111111111,0.0,1.0,1.0,1.0,0.0,6.466666666666667,10.666666666666666,15,3,7.294117647058823,5.0,17,1,39.89427251066666,79.47136255333334,15,3,41.94373461235294,123.78468691,17,1,156,8.666666666666666,164,9.11111111111111
2025-09-04,2025-09-10,PXMG,8M5CL,7,16,2025-09-04 21:10:38,2025-09-09 00:57:35,0.25,0.25,0.375,0.375,0.375,1.0,0.625,1.0,0.0,15.25,14.25,12,4,15.083333333333334,14.75,12,4,115.62717665716667,181.066985125,12,4,115.18818161550001,182.38397025,12,4,32,2.0,32,2.0
2025-09-11,2025-09-17,PXMG,8M5CL,7,12,2025-09-11 06:45:11,2025-09-16 15:11:48,0.16666666666666666,0.4166666666666667,0.3333333333333333,0.75,0.8333333333333334,1.0,0.5,1.0,0.0,12.3,6.5,10,2,12.142857142857142,10.2,7,5,91.81153086100001,0.0,10,2,77.60852434571429,74.97112763800001,7,5,30,2.5,32,2.6666666666666665
2025-09-25,2025-10-01,PXMG,8M5CL,7,21,2025-09-25 04:40:01,2025-09-30 15:51:39,0.047619047619047616,0.14285714285714285,0.047619047619047616,0.23809523809523808,0.2857142857142857,1.0,0.7142857142857143,1.0,0.0,8.15,3.0,20,1,8.555555555555555,4.0,18,3,138.88639774100002,164.13465622,20,1,140.69866748416666,136.42886544166666,18,3,43,2.0476190476190474,45,2.142857142857143
2025-10-02,2025-10-08,PXMG,8M5CL,7,12,2025-10-04 04:16:37,2025-10-08 06:32:21,0.25,0.4166666666666667,0.3333333333333333,0.75,0.6666666666666666,1.0,0.9166666666666666,1.0,0.0,17.333333333333332,9.666666666666666,9,3,15.428571428571429,15.4,7,5,117.71809094111111,96.859006334,9,3,108.40447048014286,118.24170882220001,7,5,22,1.8333333333333333,24,2.0
2025-10-09,2025-10-15,PXMG,8M5CL,7,10,2025-10-09 12:57:52,2025-10-14 07:00:01,0.1,0.3,0.2,0.5,0.2,1.0,0.9,1.0,0.0,5.111111111111111,24.0,9,1,7.714285714285714,5.333333333333333,7,3,130.25064147533334,154.43777731,9,1,123.67233743257144,153.66239618666665,7,3,18,1.8,20,2.0
2025-10-16,2025-10-22,PXMG,8M5CL,7,24,2025-10-17 17:00:28,2025-10-21 15:27:43,0.125,0.4583333333333333,0.4166666666666667,1.0,0.5,1.0,0.6666666666666666,1.0,0.0,10.80952380952381,11.333333333333334,21,3,12.076923076923077,9.454545454545455,13,11,96.38125235333334,127.26848858666665,21,3,97.84937076,103.06999502727272,13,11,88,3.6666666666666665,96,4.0
2025-11-20,2025-11-26,PXMG,8M5CL,7,68,2025-11-20 07:21:17,2025-11-26 19:11:41,0.25,0.22058823529411764,0.38235294117647056,0.5,0.7205882352941176,1.0,1.0,1.0,0.6764705882352942,7.901960784313726,7.411764705882353,51,17,8.11320754716981,6.6,53,15,68.38718186366667,58.582301859588235,51,17,66.34967097384906,64.47418966973333,53,15,226,3.323529411764706,232,3.411764705882353
2025-11-27,2025-12-03,PXMG,8M5CL,7,38,2025-11-29 22:32:54,2025-12-03 02:49:21,0.3157894736842105,0.42105263157894735,0.5263157894736842,0.631578947368421,0.5,1.0,1.0,1.0,0.5789473684210527,8.307692307692308,6.5,26,12,8.272727272727273,7.0,22,16,117.11195496384615,117.52780841666667,26,12,110.90659445636365,125.95621575125,22,16,120,3.1578947368421053,124,3.263157894736842
2025-12-04,2025-12-10,PXMG,8M5CL,7,26,2025-12-04 10:59:33,2025-12-08 19:24:58,0.2692307692307692,0.19230769230769232,0.5384615384615384,0.34615384615384615,0.5384615384615384,1.0,1.0,1.0,0.15384615384615385,7.947368421052632,9.857142857142858,19,7,8.285714285714286,9.2,21,5,90.64964351057894,93.30543061442856,19,7,89.39615003290476,99.6324180622,21,5,58,2.230769230769231,68,2.6153846153846154
2025-12-11,2025-12-17,PXMG,8M5CL,7,38,2025-12-11 23:05:58,2025-12-17 16:10:45,0.18421052631578946,0.23684210526315788,0.42105263157894735,0.42105263157894735,0.2631578947368421,1.0,1.0,1.0,0.10526315789473684,8.935483870967742,4.285714285714286,31,7,8.068965517241379,8.11111111111111,29,9,87.77587988870968,71.73807097771429,31,7,83.21742718434483,89.99037611644445,29,9,108,2.8421052631578947,132,3.473684210526316
2025-12-18,2025-12-24,PXMG,8M5CL,7,59,2025-12-18 00:14:50,2025-12-24 20:27:44,0.3728813559322034,0.2711864406779661,0.6610169491525424,0.5254237288135594,0.23728813559322035,1.0,0.711864406779661,1.0,0.06779661016949153,10.27027027027027,7.363636363636363,37,22,8.86046511627907,10.0625,43,16,103.10903499540541,84.62626313336365,37,22,97.04303509218606,93.997598425,43,16,159,2.694915254237288,177,3.0
2025-12-25,2025-12-29,PXMG,8M5CL,7,23,2025-12-25 15:25:28,2025-12-29 16:43:11,0.34782608695652173,0.34782608695652173,0.6521739130434783,0.6956521739130435,0.2608695652173913,1.0,0.9130434782608695,1.0,0.0,7.133333333333334,6.75,15,8,6.066666666666666,8.75,15,8,94.37492121200002,153.81029974749998,15,8,100.89553926000002,141.5841409075,15,8,67,2.9130434782608696,73,3.1739130434782608
2025-04-17,2025-04-23,PXMG,8M6CL,7,12,2025-04-18 00:12:12,2025-04-19 15:40:51,0.08333333333333333,0.4166666666666667,0.3333333333333333,0.8333333333333334,0.0,0.0,0.3333333333333333,0.0,0.0,2.727272727272727,6.0,11,1,3.142857142857143,2.8,7,5,55.01770441927272,45.0,11,1,53.01714390814285,55.814948251,7,5,40,3.3333333333333335,72,6.0
2025-04-24,2025-04-30,PXMG,8M6CL,7,12,2025-04-25 19:49:31,2025-04-26 17:11:34,0.08333333333333333,0.25,0.5,0.75,0.0,0.5,0.0,0.0,0.0,4.7272727272727275,1.0,11,1,4.333333333333333,4.666666666666667,9,3,42.27272727272727,30.0,11,1,42.333333333333336,38.0,9,3,54,4.5,72,6.0
2025-06-12,2025-06-18,PXMG,8M6CL,7,12,2025-06-12 17:30:44,2025-06-17 01:25:06,0.25,0.16666666666666666,0.8333333333333334,0.5,0.3333333333333333,0.6666666666666666,0.0,0.6666666666666666,0.0,3.6666666666666665,10.0,9,3,5.7,3.0,10,2,13.444444444444445,36.333333333333336,9,3,12.1,54.5,10,2,40,3.3333333333333335,48,4.0
2025-06-19,2025-06-25,PXMG,8M6CL,7,17,2025-06-19 23:28:06,2025-06-20 18:03:58,0.11764705882352941,0.5294117647058824,0.35294117647058826,1.0,0.0,0.0,0.35294117647058826,0.6470588235294118,0.0,3.3333333333333335,3.0,15,2,3.25,3.3333333333333335,8,9,14.626984965066667,8.5,15,2,15.770949732,12.24857518,8,9,79,4.647058823529412,157,9.235294117647058
2025-07-10,2025-07-16,PXMG,8M6CL,7,29,2025-07-12 18:10:54,2025-07-16 20:22:50,0.13793103448275862,0.10344827586206896,0.3103448275862069,0.3103448275862069,0.0,0.0,0.27586206896551724,0.7931034482758621,0.0,5.44,6.5,25,4,5.6923076923076925,4.666666666666667,26,3,43.208630478,37.75,25,4,44.29537698557692,26.511986775,26,3,125,4.310344827586207,209,7.206896551724138
2025-07-17,2025-07-23,PXMG,8M6CL,7,43,2025-07-17 20:59:44,2025-07-23 15:44:19,0.023255813953488372,0.3023255813953488,0.13953488372093023,0.8604651162790697,0.0,0.4186046511627907,0.4186046511627907,1.0,0.0,6.071428571428571,10.0,42,1,5.966666666666667,6.615384615384615,30,13,64.81422394664287,101.0,42,1,63.495694685066674,70.64050501592308,30,13,377,8.767441860465116,377,8.767441860465116
2025-08-07,2025-08-13,PXMG,8M6CL,7,17,2025-08-09 22:26:05,2025-08-10 20:54:57,0.17647058823529413,0.0,1.0,0.0,0.0,0.0,0.0,1.0,0.0,6.071428571428571,3.3333333333333335,14,3,5.588235294117647,,17,0,103.61543291500003,105.05983132400002,14,3,103.87032675188236,,17,0,169,9.941176470588236,169,9.941176470588236
2025-08-21,2025-08-27,PXMG,8M6CL,7,10,2025-08-24 21:52:43,2025-08-25 21:04:09,0.2,0.2,0.5,0.5,0.0,0.0,0.5,1.0,0.0,10.25,6.5,8,2,10.0,7.5,8,2,37.012031480625,2.0,8,2,37.012031480625,2.0,8,2,50,5.0,50,5.0
2025-09-04,2025-09-10,PXMG,8M6CL,7,21,2025-09-06 09:18:07,2025-09-10 21:44:41,0.19047619047619047,0.19047619047619047,0.47619047619047616,0.6190476190476191,0.0,0.0,0.2857142857142857,0.7619047619047619,0.0,10.411764705882353,11.25,17,4,10.0,13.0,17,4,51.418373688705884,86.884358499,17,4,58.50395790170588,56.77062559375,17,4,65,3.0952380952380953,81,3.857142857142857
2025-09-11,2025-09-17,PXMG,8M6CL,7,19,2025-09-12 03:01:22,2025-09-16 15:05:38,0.10526315789473684,0.42105263157894735,0.3684210526315789,0.9473684210526315,0.0,0.0,0.10526315789473684,0.7894736842105263,0.0,9.176470588235293,14.5,17,2,10.727272727272727,8.375,11,8,64.09245000711765,69.832060415,17,2,65.10881710381818,64.129847851125,11,8,75,3.9473684210526314,83,4.368421052631579
2025-09-25,2025-10-01,PXMG,8M6CL,7,16,2025-09-26 09:38:08,2025-09-30 21:52:21,0.0625,0.1875,0.0625,0.25,0.0,0.0,0.3125,0.8125,0.0,7.866666666666666,10.0,15,1,7.230769230769231,11.333333333333334,13,3,86.590544106,108.0,15,1,91.91216627615384,70.66666666666667,13,3,28,1.75,32,2.0
2025-10-02,2025-10-08,PXMG,8M6CL,7,16,2025-10-04 04:51:37,2025-10-08 05:02:15,0.375,0.25,0.6875,0.6875,0.125,0.125,0.3125,0.6875,0.0,7.2,10.5,10,6,7.75,10.5,12,4,35.238194313600005,74.88679213066666,10,6,47.1763087375,58.8967477675,12,4,54,3.375,56,3.5
2025-10-16,2025-10-22,PXMG,8M6CL,7,12,2025-10-19 05:48:37,2025-10-20 08:15:08,0.0,0.16666666666666666,0.0,0.5,0.0,0.0,0.8333333333333334,0.16666666666666666,0.0,5.5,,12,0,6.4,1.0,10,2,65.97269407399999,,12,0,68.4254246666,53.709041111000005,10,2,40,3.3333333333333335,48,4.0
2025-10-23,2025-10-29,PXMG,8M6CL,7,16,2025-10-23 17:51:26,2025-10-28 20:38:57,0.1875,0.3125,0.4375,0.75,0.0,0.0,0.0,0.75,0.0,9.153846153846153,10.666666666666666,13,3,9.727272727272727,8.8,11,5,71.95403396307691,100.60027128,13,3,65.76385832,102.76016276800001,11,5,66,4.125,96,6.0
2025-11-13,2025-11-19,PXMG,8M6CL,7,10,2025-11-13 07:56:03,2025-11-16 10:59:38,0.1,0.5,0.1,0.7,0.0,0.0,0.9,1.0,0.0,8.666666666666666,6.0,9,1,8.4,8.4,5,5,51.62388702311111,99.0,9,1,45.6574814204,67.0655152212,5,5,16,1.6,28,2.8
2025-11-20,2025-11-26,PXMG,8M6CL,7,20,2025-11-23 00:43:44,2025-11-26 22:30:19,0.15,0.2,0.25,0.5,0.4,0.9,1.0,1.0,0.2,7.823529411764706,3.3333333333333335,17,3,6.6875,9.0,16,4,52.82978965388235,92.24668606333334,17,3,62.024031075375,45.615496275,16,4,54,2.7,56,2.8
2025-11-27,2025-12-03,PXMG,8M6CL,7,50,2025-11-27 04:56:34,2025-12-03 18:37:35,0.2,0.38,0.56,0.64,0.62,0.68,0.84,1.0,0.48,7.775,6.6,40,10,7.290322580645161,7.947368421052632,31,19,99.61195651695,114.82586581000001,40,10,104.02475794509677,100.41944328842105,31,19,144,2.88,156,3.12
2025-12-04,2025-12-10,PXMG,8M6CL,7,59,2025-12-04 13:50:20,2025-12-10 06:54:52,0.1694915254237288,0.11864406779661017,0.6271186440677966,0.3050847457627119,0.288135593220339,0.6271186440677966,0.8305084745762712,1.0,0.4915254237288136,7.448979591836735,6.4,49,10,7.269230769230769,7.285714285714286,52,7,64.12732459512245,87.26205415300001,49,10,63.36677870867308,102.82670769142858,52,7,315,5.338983050847458,327,5.5423728813559325
2025-12-11,2025-12-17,PXMG,8M6CL,7,42,2025-12-13 13:22:41,2025-12-17 19:47:05,0.11904761904761904,0.2857142857142857,0.40476190476190477,0.7380952380952381,0.0,0.14285714285714285,0.8095238095238095,1.0,0.0,9.054054054054054,11.4,37,5,9.933333333333334,7.833333333333333,30,12,70.66905959745945,62.8,37,5,61.73114998716666,89.73505879091665,30,12,162,3.857142857142857,220,5.238095238095238
2025-12-18,2025-12-24,PXMG,8M6CL,7,81,2025-12-18 04:26:57,2025-12-24 17:30:15,0.24691358024691357,0.38271604938271603,0.5802469135802469,0.7530864197530864,0.12345679012345678,0.5802469135802469,0.6666666666666666,1.0,0.07407407407407407,10.836065573770492,8.25,61,20,10.66,9.451612903225806,50,31,83.5004591970328,67.18135952085001,61,20,69.47464441128001,95.59428970554839,50,31,309,3.814814814814815,349,4.308641975308642
2025-12-25,2025-12-29,PXMG,8M6CL,7,40,2025-12-26 01:26:13,2025-12-29 22:49:40,0.275,0.45,0.6,0.675,0.05,0.05,0.75,1.0,0.0,6.344827586206897,6.7272727272727275,29,11,5.7272727272727275,7.333333333333333,22,18,101.97975484713794,88.66454827381817,29,11,99.08335307831817,97.38273076977777,22,18,100,2.5,144,3.6
2024-12-26,2025-01-01,PXSA,8M5CL,7,12,2024-12-26 20:03:08,2025-01-01 10:30:52,0.4166666666666667,0.4166666666666667,0.5,0.6666666666666666,0.0,0.0,0.0,0.0,0.0,2.7142857142857144,6.6,7,5,3.142857142857143,6.0,7,5,115.081693996,87.8,7,5,107.08138499657142,99.0004325992,7,5,32,2.6666666666666665,32,2.6666666666666665
2025-01-02,2025-01-08,PXSA,8M5CL,7,18,2025-01-04 10:36:46,2025-01-08 05:52:55,0.1111111111111111,0.3333333333333333,0.3333333333333333,0.8333333333333334,0.0,0.0,0.0,0.0,0.0,5.3125,1.5,16,2,5.75,3.1666666666666665,12,6,51.7601187846875,0.0,16,2,34.416395954416664,69.194191517,12,6,62,3.4444444444444446,76,4.222222222222222
2025-01-09,2025-01-15,PXSA,8M5CL,7,10,2025-01-12 22:35:11,2025-01-13 15:00:51,0.2,0.4,0.2,0.9,0.0,0.0,0.0,0.0,0.0,2.25,9.0,8,2,3.5,3.75,6,4,71.125,122.17138053,8,2,78.86189675499999,85.04284513249999,6,4,24,2.4,36,3.6
2025-01-16,2025-01-22,PXSA,8M5CL,7,24,2025-01-16 13:01:54,2025-01-21 08:27:26,0.125,0.25,0.125,0.7083333333333334,0.0,0.0,0.0,0.0,0.0,2.4285714285714284,2.6666666666666665,21,3,2.611111111111111,2.0,18,6,69.87412283904762,81.09937684666666,21,3,70.2139078691111,74.46739475266666,18,6,68,2.8333333333333335,128,5.333333333333333
2025-01-23,2025-01-29,PXSA,8M5CL,7,38,2025-01-24 03:35:37,2025-01-29 09:05:40,0.13157894736842105,0.15789473684210525,0.2631578947368421,0.3157894736842105,0.0,0.0,0.0,0.2631578947368421,0.0,3.4242424242424243,3.4,33,5,3.15625,4.833333333333333,32,6,80.07947969124243,80.8258030014,33,5,80.71533899959375,77.31016613850001,32,6,116,3.0526315789473686,204,5.368421052631579
2025-01-30,2025-02-05,PXSA,8M5CL,7,64,2025-01-30 09:30:45,2025-02-05 19:49:51,0.171875,0.15625,0.5625,0.65625,0.0,0.109375,0.0,0.1875,0.0,3.0377358490566038,3.0,53,11,2.9814814814814814,3.3,54,10,50.77887013835849,38.266583513,53,11,49.671065383703706,42.9975005256,54,10,292,4.5625,430,6.71875
2025-02-06,2025-02-12,PXSA,8M5CL,7,68,2025-02-06 03:10:57,2025-02-11 05:11:48,0.19117647058823528,0.17647058823529413,0.36764705882352944,0.5147058823529411,0.0,0.058823529411764705,0.0,0.5441176470588235,0.0,3.581818181818182,2.8461538461538463,55,13,3.5892857142857144,2.75,56,12,34.18431489010909,49.41467461030769,55,13,34.142572468625005,50.87866922058333,56,12,364,5.352941176470588,546,8.029411764705882
2025-02-13,2025-02-19,PXSA,8M5CL,7,42,2025-02-13 09:39:26,2025-02-18 16:25:29,0.16666666666666666,0.11904761904761904,0.4523809523809524,0.5,0.0,0.09523809523809523,0.0,0.42857142857142855,0.0,2.7142857142857144,2.857142857142857,35,7,2.7567567567567566,2.6,37,5,54.518107463571425,43.276500684571424,35,7,53.21808827072972,48.4,37,5,156,3.7142857142857144,262,6.238095238095238
2025-02-20,2025-02-26,PXSA,8M5CL,7,67,2025-02-20 08:57:37,2025-02-24 22:03:50,0.208955223880597,0.14925373134328357,0.44776119402985076,0.5074626865671642,0.0,0.2537313432835821,0.0,0.582089552238806,0.0,3.339622641509434,3.142857142857143,53,14,3.1052631578947367,4.4,57,10,53.68091018432076,67.2969506595,53,14,53.65025923038597,72.918077287,57,10,365,5.447761194029851,577,8.611940298507463
2025-03-06,2025-03-12,PXSA,8M5CL,7,42,2025-03-07 04:39:49,2025-03-12 05:43:00,0.14285714285714285,0.23809523809523808,0.40476190476190477,0.47619047619047616,0.0,0.0,0.2857142857142857,0.047619047619047616,0.0,3.8055555555555554,3.0,36,6,3.46875,4.4,32,10,72.27003861841666,69.15027731083333,36,6,71.63600508975,72.42708912559999,32,10,162,3.857142857142857,300,7.142857142857143
2025-03-13,2025-03-19,PXSA,8M5CL,7,38,2025-03-13 21:13:01,2025-03-19 10:34:39,0.21052631578947367,0.21052631578947367,0.3684210526315789,0.5789473684210527,0.0,0.3684210526315789,0.10526315789473684,0.0,0.0,4.266666666666667,3.5,30,8,4.0,4.5,30,8,39.6051989198,52.6834860165,30,8,45.587461857533334,30.25,30,8,198,5.2105263157894735,228,6.0
2025-03-20,2025-03-26,PXSA,8M5CL,7,32,2025-03-20 08:59:27,2025-03-23 21:36:09,0.0625,0.15625,0.5,0.75,0.0,0.75,0.0,0.0,0.0,6.1,1.5,30,2,5.925925925925926,5.2,27,5,43.31654142763333,24.2498292195,30,2,42.35173799818518,40.8997950634,27,5,312,9.75,320,10.0
2025-03-27,2025-04-02,PXSA,8M5CL,7,54,2025-03-27 09:28:15,2025-03-30 03:50:10,0.1111111111111111,0.16666666666666666,0.6296296296296297,0.7777777777777778,0.0,1.0,0.0,0.0,0.0,6.3125,5.833333333333333,48,6,6.0,7.555555555555555,45,9,37.5533802221875,54.23094348316666,48,6,38.099131859399996,45.942997543444434,45,9,564,10.444444444444445,564,10.444444444444445
2025-04-03,2025-04-09,PXSA,8M5CL,7,81,2025-04-04 15:16:02,2025-04-09 13:41:14,0.04938271604938271,0.2716049382716049,0.14814814814814814,0.7777777777777778,0.0,1.0,0.345679012345679,0.0,0.0,5.3896103896103895,4.25,77,4,4.593220338983051,7.318181818181818,59,22,17.38704679774026,11.75,77,4,18.2678407360339,14.0,59,22,581,7.172839506172839,873,10.777777777777779
2025-04-10,2025-04-16,PXSA,8M5CL,7,58,2025-04-13 19:47:09,2025-04-16 23:06:03,0.034482758620689655,0.08620689655172414,0.1724137931034483,0.20689655172413793,0.0,0.9482758620689655,0.603448275862069,0.0,0.0,3.4285714285714284,3.5,56,2,3.4716981132075473,3.0,53,5,51.02570165939286,26.5,56,2,51.81960930049056,32.8,53,5,282,4.862068965517241,462,7.9655172413793105
2025-04-17,2025-04-23,PXSA,8M5CL,7,30,2025-04-17 09:35:31,2025-04-22 10:10:21,0.0,0.2,0.0,0.7,0.0,1.0,0.5,0.0,0.0,3.7333333333333334,,30,0,3.9583333333333335,2.8333333333333335,24,6,28.8,,30,0,31.875,16.5,24,6,162,5.4,252,8.4
2025-04-24,2025-04-30,PXSA,8M5CL,7,20,2025-04-27 08:24:21,2025-04-30 08:11:34,0.1,0.3,0.6,0.7,0.0,1.0,0.55,0.0,0.0,2.888888888888889,4.0,18,2,2.642857142857143,3.8333333333333335,14,6,49.672290313944444,52.5,18,2,51.578658975071434,46.166666666666664,14,6,90,4.5,176,8.8
2025-05-01,2025-05-07,PXSA,8M5CL,7,33,2025-05-01 05:28:47,2025-05-06 14:02:35,0.15151515151515152,0.21212121212121213,0.42424242424242425,0.5454545454545454,0.0,1.0,0.30303030303030304,0.2727272727272727,0.0,2.9642857142857144,5.6,28,5,3.0384615384615383,4.571428571428571,26,7,27.80107405307142,22.408669159000002,28,5,26.926219248115384,27.198816975714287,26,7,129,3.909090909090909,197,5.96969696969697
2025-05-15,2025-05-21,PXSA,8M5CL,7,11,2025-05-15 02:04:45,2025-05-16 10:49:00,0.18181818181818182,0.45454545454545453,0.6363636363636364,1.0,0.0,1.0,0.36363636363636365,0.0,0.0,3.7777777777777777,7.5,9,2,3.8333333333333335,5.2,6,5,34.77777777777778,57.5,9,2,31.0,48.4,6,5,41,3.727272727272727,73,6.636363636363637
2025-05-22,2025-05-28,PXSA,8M5CL,7,34,2025-05-22 18:51:41,2025-05-28 16:50:54,0.17647058823529413,0.14705882352941177,0.5294117647058824,0.6470588235294118,0.0,1.0,0.47058823529411764,0.0,0.0,3.2857142857142856,2.1666666666666665,28,6,2.9655172413793105,3.8,29,5,47.357142857142854,71.83333333333333,28,6,52.758620689655174,45.4,29,5,176,5.176470588235294,348,10.235294117647058
2025-06-05,2025-06-11,PXSA,8M5CL,7,29,2025-06-05 04:45:31,2025-06-10 07:49:37,0.0,0.5517241379310345,0.0,1.0,0.3448275862068966,1.0,0.0,1.0,0.0,6.0,,29,0,5.538461538461538,6.375,13,16,30.137931034482758,,29,0,21.53846153846154,37.125,13,16,261,9.0,261,9.0
2025-06-12,2025-06-18,PXSA,8M5CL,7,22,2025-06-12 03:05:16,2025-06-17 15:57:56,0.22727272727272727,0.3181818181818182,0.7272727272727273,1.0,0.18181818181818182,1.0,0.0,0.18181818181818182,0.0,4.176470588235294,6.0,17,5,4.0,5.857142857142857,15,7,72.83614037647058,82.2,17,5,71.46666666666667,82.45919805714286,15,7,166,7.545454545454546,166,7.545454545454546
2025-06-26,2025-07-02,PXSA,8M5CL,7,20,2025-06-27 17:16:55,2025-07-02 01:31:19,0.1,0.1,0.6,0.5,0.0,1.0,1.0,1.0,0.0,3.0555555555555554,3.5,18,2,3.0,4.0,18,2,29.0,29.0,18,2,28.61111111111111,32.5,18,2,104,5.2,208,10.4
2025-07-10,2025-07-16,PXSA,8M5CL,7,15,2025-07-10 14:22:32,2025-07-10 15:33:57,0.2,0.3333333333333333,0.8,0.8,0.0,1.0,1.0,1.0,0.0,5.083333333333333,7.0,12,3,5.2,6.0,10,5,11.25,0.0,12,3,13.5,0.0,10,5,149,9.933333333333334,153,10.2
2024-12-26,2025-01-01,PXSA,8M6CL,7,10,2024-12-29 05:34:59,2025-01-01 20:21:43,0.2,0.5,0.4,0.6,0.0,0.0,0.0,0.0,0.0,2.375,2.5,8,2,2.2,2.6,5,5,87.093225707875,60.0,8,2,63.8,99.54916113259999,5,5,16,1.6,20,2.0
2025-01-02,2025-01-08,PXSA,8M6CL,7,14,2025-01-02 11:54:01,2025-01-07 21:22:00,0.2857142857142857,0.35714285714285715,0.5714285714285714,0.5,0.0,0.0,0.0,0.0,0.0,5.5,6.75,10,4,4.333333333333333,8.6,9,5,80.41416063070001,77.75217812700001,10,4,78.71112008033333,81.3500476184,9,5,28,2.0,34,2.4285714285714284
2025-01-09,2025-01-15,PXSA,8M6CL,7,13,2025-01-09 00:48:32,2025-01-15 02:55:56,0.5384615384615384,0.23076923076923078,0.6923076923076923,0.3076923076923077,0.0,0.0,0.0,0.0,0.0,5.5,4.428571428571429,6,7,5.4,3.3333333333333335,10,3,72.35671347733334,78.24604956485715,6,7,69.1285356184,96.85909054466667,10,3,29,2.230769230769231,29,2.230769230769231
2025-01-16,2025-01-22,PXSA,8M6CL,7,18,2025-01-18 06:45:09,2025-01-19 12:46:55,0.16666666666666666,0.2777777777777778,0.3333333333333333,0.3333333333333333,0.0,0.0,0.0,0.0,0.0,3.8666666666666667,4.333333333333333,15,3,3.1538461538461537,6.0,13,5,56.679346677733335,79.919824056,15,3,58.68338087676922,65.4131441872,13,5,60,3.3333333333333335,92,5.111111111111111
2025-01-23,2025-01-29,PXSA,8M6CL,7,24,2025-01-23 16:49:20,2025-01-29 09:24:40,0.16666666666666666,0.375,0.2916666666666667,0.6666666666666666,0.0,0.0,0.0,0.16666666666666666,0.0,3.0,2.25,20,4,2.4,3.6666666666666665,15,9,60.791838664850005,71.03100451099999,20,4,60.7808503502,65.36089289866666,15,9,58,2.4166666666666665,104,4.333333333333333
2025-01-30,2025-02-05,PXSA,8M6CL,7,46,2025-01-30 01:53:34,2025-02-05 11:32:40,0.1956521739130435,0.17391304347826086,0.391304347826087,0.30434782608695654,0.0,0.0,0.0,0.32608695652173914,0.0,2.2972972972972974,2.3333333333333335,37,9,2.236842105263158,2.625,38,8,55.50726041432433,48.67642078388889,37,9,56.85276812442106,41.431404207125,38,8,112,2.4347826086956523,188,4.086956521739131
2025-02-06,2025-02-12,PXSA,8M6CL,7,85,2025-02-06 11:55:11,2025-02-11 19:11:56,0.21176470588235294,0.2823529411764706,0.4235294117647059,0.6588235294117647,0.0,0.058823529411764705,0.0,0.24705882352941178,0.0,2.7611940298507465,2.7222222222222223,67,18,2.80327868852459,2.625,61,24,43.97827851682089,36.15467429294444,67,18,42.853152649377044,40.970270262,61,24,263,3.0941176470588236,487,5.729411764705882
2025-02-13,2025-02-19,PXSA,8M6CL,7,21,2025-02-14 04:19:16,2025-02-19 19:32:43,0.23809523809523808,0.42857142857142855,0.42857142857142855,0.5714285714285714,0.0,0.0,0.0,0.14285714285714285,0.0,2.125,3.0,16,5,2.3333333333333335,2.3333333333333335,12,9,60.859289292437495,59.31774609079999,16,5,59.31713629491667,62.05908039933334,12,9,41,1.9523809523809523,69,3.2857142857142856
2025-02-20,2025-02-26,PXSA,8M6CL,7,46,2025-02-20 00:10:36,2025-02-25 11:38:56,0.13043478260869565,0.13043478260869565,0.2608695652173913,0.30434782608695654,0.0,0.0,0.2391304347826087,0.1956521739130435,0.0,2.7,4.0,40,6,2.975,2.1666666666666665,40,6,44.0,32.666666666666664,40,6,39.25,64.33333333333333,40,6,140,3.0434782608695654,240,5.217391304347826
2025-02-27,2025-03-05,PXSA,8M6CL,7,18,2025-02-27 23:13:47,2025-03-03 04:03:33,0.2222222222222222,0.16666666666666666,0.6111111111111112,0.3888888888888889,0.0,0.2222222222222222,0.0,0.5555555555555556,0.0,4.928571428571429,5.0,14,4,4.8,5.666666666666667,15,3,18.285714285714285,17.25,14,4,16.533333333333335,25.666666666666668,15,3,54,3.0,68,3.7777777777777777
2025-03-06,2025-03-12,PXSA,8M6CL,7,24,2025-03-08 13:42:11,2025-03-12 09:52:10,0.041666666666666664,0.125,0.25,0.4166666666666667,0.0,0.0,0.16666666666666666,0.0,0.0,3.260869565217391,5.0,23,1,3.2857142857142856,3.6666666666666665,21,3,39.47684322030435,33.0,23,1,39.80797114604762,35.0,21,3,75,3.125,146,6.083333333333333
2025-03-13,2025-03-19,PXSA,8M6CL,7,35,2025-03-13 02:16:57,2025-03-18 06:07:21,0.17142857142857143,0.22857142857142856,0.34285714285714286,0.34285714285714286,0.0,0.0,0.05714285714285714,0.2,0.0,3.5517241379310347,3.0,29,6,3.5555555555555554,3.125,27,8,43.482236356551724,54.2946240815,29,6,39.34288144762963,65.561849967875,27,8,104,2.9714285714285715,145,4.142857142857143
2025-03-20,2025-03-26,PXSA,8M6CL,7,56,2025-03-20 00:29:44,2025-03-25 22:50:21,0.10714285714285714,0.375,0.32142857142857145,0.6785714285714286,0.0,0.0,0.0,0.42857142857142855,0.0,3.38,3.6666666666666665,50,6,3.8285714285714287,2.7142857142857144,35,21,39.935185966732,60.647194139833324,50,6,39.31241648516,46.89085172357142,35,21,220,3.9285714285714284,394,7.035714285714286
2025-03-27,2025-04-02,PXSA,8M6CL,7,44,2025-03-27 21:46:54,2025-04-01 03:35:13,0.22727272727272727,0.3181818181818182,0.6590909090909091,0.75,0.0,0.09090909090909091,0.022727272727272728,0.20454545454545456,0.0,2.911764705882353,2.9,34,10,2.566666666666667,3.642857142857143,30,14,54.431745184647056,43.1535803661,34,10,50.32264100956666,55.181136403714284,30,14,134,3.0454545454545454,222,5.045454545454546
2025-04-03,2025-04-09,PXSA,8M6CL,7,30,2025-04-06 13:48:26,2025-04-09 07:52:39,0.0,0.26666666666666666,0.0,0.8,0.0,0.0,0.03333333333333333,0.5,0.0,3.1333333333333333,,30,0,2.727272727272727,4.25,22,8,14.3,,30,0,14.227272727272727,14.5,22,8,158,5.266666666666667,324,10.8
2025-04-10,2025-04-16,PXSA,8M6CL,7,44,2025-04-13 02:24:56,2025-04-16 17:16:23,0.09090909090909091,0.25,0.38636363636363635,0.45454545454545453,0.0,0.045454545454545456,0.18181818181818182,0.7727272727272727,0.0,3.6,5.25,40,4,3.4545454545454546,4.636363636363637,33,11,28.125,30.25,40,4,27.636363636363637,30.363636363636363,33,11,186,4.2272727272727275,376,8.545454545454545
2025-04-17,2025-04-23,PXSA,8M6CL,7,94,2025-04-17 01:05:36,2025-04-23 11:40:33,0.20212765957446807,0.20212765957446807,0.46808510638297873,0.5851063829787234,0.0,0.3191489361702128,0.10638297872340426,0.22340425531914893,0.0,3.68,2.526315789473684,75,19,3.0933333333333333,4.842105263157895,75,19,36.22018765013333,35.97442493473684,75,19,34.8102814752,41.539844046315785,75,19,480,5.1063829787234045,750,7.9787234042553195
2025-05-08,2025-05-14,PXSA,8M6CL,7,26,2025-05-08 07:26:52,2025-05-12 05:10:40,0.19230769230769232,0.11538461538461539,0.46153846153846156,0.3076923076923077,0.0,0.11538461538461539,0.23076923076923078,0.7307692307692307,0.0,3.0952380952380953,1.6,21,5,2.8260869565217392,2.6666666666666665,23,3,60.00167807780952,68.3199372476,21,5,61.63630112486956,61.333333333333336,23,3,68,2.6153846153846154,132,5.076923076923077
2025-05-15,2025-05-21,PXSA,8M6CL,7,15,2025-05-15 15:26:06,2025-05-20 19:24:12,0.06666666666666667,0.2,0.26666666666666666,0.5333333333333333,0.0,0.0,0.0,0.9333333333333333,0.0,2.7142857142857144,2.0,14,1,2.5,3.3333333333333335,12,3,14.857142857142858,22.0,14,1,16.0,12.666666666666666,12,3,47,3.1333333333333333,89,5.933333333333334
2025-05-22,2025-05-28,PXSA,8M6CL,7,14,2025-05-22 02:27:50,2025-05-24 11:04:18,0.07142857142857142,0.07142857142857142,0.2857142857142857,0.35714285714285715,0.0,0.0,0.0,0.7857142857142857,0.0,3.4615384615384617,2.0,13,1,3.3846153846153846,3.0,13,1,40.61538461538461,44.0,13,1,40.38461538461539,47.0,13,1,54,3.857142857142857,106,7.571428571428571
2025-05-29,2025-06-04,PXSA,8M6CL,7,27,2025-05-30 02:12:51,2025-06-02 03:31:45,0.07407407407407407,0.037037037037037035,0.14814814814814814,0.07407407407407407,0.0,0.0,0.0,0.9259259259259259,0.0,2.84,2.0,25,2,2.8461538461538463,1.0,26,1,35.55417603232,28.5,25,2,35.302092338769235,28.0,26,1,99,3.6666666666666665,193,7.148148148148148
2025-06-12,2025-06-18,PXSA,8M6CL,7,15,2025-06-14 13:30:11,2025-06-16 10:45:50,0.13333333333333333,0.26666666666666666,0.3333333333333333,0.8,0.0,0.0,0.0,0.6666666666666666,0.0,3.230769230769231,3.0,13,2,3.1818181818181817,3.25,11,4,11.846153846153847,34.0,13,2,13.0,19.75,11,4,63,4.2,93,6.2
2025-06-19,2025-06-25,PXSA,8M6CL,7,14,2025-06-19 20:07:58,2025-06-25 19:51:14,0.21428571428571427,0.2857142857142857,0.7142857142857143,0.7142857142857143,0.0,0.0,0.35714285714285715,0.6428571428571429,0.0,2.909090909090909,1.3333333333333333,11,3,2.9,1.75,10,4,46.03938545363636,34.623850671666666,11,3,47.0561687975,34.935776007499996,10,4,58,4.142857142857143,116,8.285714285714286
2025-06-26,2025-07-02,PXSA,8M6CL,7,11,2025-06-30 23:15:02,2025-06-30 23:15:02,0.09090909090909091,0.18181818181818182,0.45454545454545453,1.0,0.0,0.0,0.0,1.0,0.0,3.5,1.0,10,1,3.2222222222222223,3.5,9,2,47.2,46.0,10,1,47.111111111111114,47.0,9,2,61,5.545454545454546,121,11.0
2025-07-03,2025-07-09,PXSA,8M6CL,7,16,2025-07-06 13:29:09,2025-07-08 18:59:16,0.0625,0.0,0.375,0.0,0.0,0.0,0.0,0.625,0.0,3.066666666666667,6.0,15,1,3.25,,16,0,53.855777546399985,42.0,15,1,53.11479144975,,16,0,88,5.5,160,10.0
2025-03-06,2025-03-12,PXSB,8M5CL,7,16,2025-03-08 05:36:03,2025-03-12 10:54:04,0.1875,0.0,0.1875,0.0,0.0,0.75,0.8125,0.0,0.0,6.076923076923077,2.0,13,3,5.3125,,16,0,17.621909716615384,75.084803914,13,3,28.396202378625,,16,0,154,9.625,160,10.0
2025-04-10,2025-04-16,PXSB,8M5CL,7,18,2025-04-11 19:25:46,2025-04-16 19:01:09,0.16666666666666666,0.3333333333333333,0.5555555555555556,0.5555555555555556,0.0,1.0,0.2222222222222222,0.0,0.0,4.733333333333333,3.6666666666666665,15,3,4.333333333333333,5.0,12,6,52.00146900126666,38.666666666666664,15,3,58.28066229875,32.775681239,12,6,48,2.6666666666666665,68,3.7777777777777777
2025-04-24,2025-04-30,PXSB,8M5CL,7,12,2025-04-27 07:42:31,2025-04-30 20:04:55,0.08333333333333333,0.08333333333333333,0.25,0.3333333333333333,0.3333333333333333,1.0,0.4166666666666667,0.3333333333333333,0.0,10.090909090909092,4.0,11,1,8.272727272727273,24.0,11,1,21.09090909090909,39.0,11,1,24.636363636363637,0.0,11,1,38,3.1666666666666665,56,4.666666666666667
2025-05-15,2025-05-21,PXSB,8M5CL,7,14,2025-05-17 09:29:50,2025-05-18 04:51:36,0.0,0.07142857142857142,0.0,0.8571428571428571,0.8571428571428571,1.0,0.0,0.8571428571428571,0.0,6.857142857142857,,14,0,7.153846153846154,3.0,13,1,25.571428571428573,,14,0,26.384615384615383,15.0,13,1,148,10.571428571428571,148,10.571428571428571
2025-05-22,2025-05-28,PXSB,8M5CL,7,50,2025-05-22 21:14:59,2025-05-28 15:11:11,0.12,0.12,0.7,0.76,0.12,1.0,0.12,0.12,0.0,5.409090909090909,6.166666666666667,44,6,5.4772727272727275,5.666666666666667,44,6,43.20454545454545,52.5,44,6,44.54545454545455,42.666666666666664,44,6,372,7.44,444,8.88
2025-05-29,2025-06-04,PXSB,8M5CL,7,16,2025-05-30 02:24:04,2025-05-31 17:29:44,0.125,0.25,0.375,0.75,0.0,1.0,0.375,0.25,0.0,4.785714285714286,4.5,14,2,5.083333333333333,3.75,12,4,46.42857142857143,39.0,14,2,40.666666666666664,60.0,12,4,88,5.5,160,10.0
2025-02-27,2025-03-05,PXSB,8M6CL,7,14,2025-03-03 23:22:37,2025-03-05 02:41:01,0.21428571428571427,0.07142857142857142,0.5714285714285714,0.2857142857142857,0.0,0.42857142857142855,0.0,0.5714285714285714,0.0,3.4545454545454546,1.6666666666666667,11,3,3.1538461538461537,2.0,13,1,17.88176356589091,3.3333333333333335,11,3,15.199383751161538,9.1074104597,13,1,52,3.7142857142857144,52,3.7142857142857144
2025-03-13,2025-03-19,PXSB,8M6CL,7,12,2025-03-14 01:05:30,2025-03-14 01:05:30,0.08333333333333333,0.16666666666666666,1.0,1.0,0.0,0.0,0.0,1.0,0.0,6.0,12.0,11,1,7.0,4.0,10,2,28.0,28.0,11,1,28.0,28.0,10,2,144,12.0,144,12.0
2025-03-27,2025-04-02,PXSB,8M6CL,7,12,2025-03-28 14:25:06,2025-04-02 12:03:53,0.16666666666666666,0.16666666666666666,0.6666666666666666,0.3333333333333333,0.0,0.3333333333333333,0.3333333333333333,0.3333333333333333,0.0,5.3,3.0,10,2,5.5,2.0,10,2,27.420790934000003,21.0,10,2,31.620790934000002,0.0,10,2,48,4.0,48,4.0
2025-04-03,2025-04-09,PXSB,8M6CL,7,14,2025-04-04 22:26:39,2025-04-07 00:59:48,0.21428571428571427,0.42857142857142855,0.5714285714285714,0.7142857142857143,0.0,0.0,0.5714285714285714,0.7857142857142857,0.0,5.545454545454546,4.666666666666667,11,3,6.375,4.0,8,6,16.90909090909091,24.666666666666668,11,3,22.625,13.166666666666666,8,6,44,3.142857142857143,52,3.7142857142857144
2025-04-10,2025-04-16,PXSB,8M6CL,7,30,2025-04-12 15:48:46,2025-04-15 20:53:53,0.16666666666666666,0.16666666666666666,0.36666666666666664,0.43333333333333335,0.0,0.2,0.03333333333333333,0.43333333333333335,0.0,4.48,4.0,25,5,4.2,5.4,25,5,28.52,33.0,25,5,29.52,28.0,25,5,112,3.7333333333333334,148,4.933333333333334
2025-04-17,2025-04-23,PXSB,8M6CL,7,37,2025-04-18 07:17:17,2025-04-23 02:02:15,0.2702702702702703,0.2702702702702703,0.4864864864864865,0.5945945945945946,0.0,0.0,0.16216216216216217,0.2702702702702703,0.0,3.6666666666666665,3.5,27,10,3.6666666666666665,3.5,27,10,35.81436928555555,17.1,27,10,31.703347280296295,28.199759414200003,27,10,115,3.108108108108108,167,4.513513513513513
2025-04-24,2025-04-30,PXSB,8M6CL,7,26,2025-04-25 07:32:58,2025-04-29 15:38:08,0.15384615384615385,0.34615384615384615,0.46153846153846156,0.8076923076923077,0.0,0.0,0.4230769230769231,0.5769230769230769,0.0,4.409090909090909,4.0,22,4,4.117647058823529,4.777777777777778,17,9,38.92806700186364,47.25,22,4,37.58500138582353,45.16360560911111,17,9,112,4.3076923076923075,220,8.461538461538462
2025-05-01,2025-05-07,PXSB,8M6CL,7,25,2025-05-01 01:35:20,2025-05-07 14:01:53,0.16,0.24,0.48,0.32,0.0,0.08,0.44,0.84,0.0,5.476190476190476,6.0,21,4,4.526315789473684,8.833333333333334,19,6,21.553580663428573,7.78904067825,21,4,17.409545086578948,25.5,19,6,71,2.84,97,3.88
2025-05-29,2025-06-04,PXSB,8M6CL,7,20,2025-05-29 18:25:26,2025-05-31 13:51:32,0.1,0.3,0.2,0.75,0.0,0.4,0.0,0.5,0.0,3.8333333333333335,4.5,18,2,3.7142857142857144,4.333333333333333,14,6,74.32825698416666,39.0,18,2,67.99564884357143,77.32825698416667,14,6,92,4.6,112,5.6
2025-01-02,2025-01-08,PYZA,8M5CL,7,27,2025-01-04 14:03:42,2025-01-08 12:42:59,0.1111111111111111,0.2962962962962963,0.37037037037037035,0.5925925925925926,0.0,0.0,0.0,0.0,0.0,4.958333333333333,1.0,24,3,4.947368421052632,3.5,19,8,67.14831489454167,80.33333333333333,24,3,70.95672269605262,63.0477282805,19,8,75,2.7777777777777777,85,3.1481481481481484
2025-01-09,2025-01-15,PYZA,8M5CL,7,14,2025-01-09 15:02:48,2025-01-13 10:04:11,0.07142857142857142,0.5,0.14285714285714285,0.7142857142857143,0.0,0.0,0.0,0.14285714285714285,0.0,6.846153846153846,4.0,13,1,7.285714285714286,6.0,7,7,66.821777008,106.0,13,1,64.50311448257143,74.73732853228572,7,7,36,2.5714285714285716,36,2.5714285714285716
2025-01-16,2025-01-22,PYZA,8M5CL,7,10,2025-01-17 06:04:11,2025-01-22 03:20:48,0.2,0.3,0.4,0.5,0.0,0.0,0.0,0.0,0.0,6.25,5.5,8,2,7.571428571428571,2.6666666666666665,7,3,55.267436492875,22.0,8,2,47.592949336857146,50.996282195,7,3,16,1.6,20,2.0
2025-01-30,2025-02-05,PYZA,8M5CL,7,16,2025-01-30 14:35:30,2025-02-05 16:08:05,0.1875,0.1875,0.375,0.375,0.0,0.0,0.0,0.25,0.0,3.4615384615384617,5.333333333333333,13,3,4.0,3.0,13,3,46.55622587784615,61.0,13,3,49.11910225538462,49.894202364,13,3,30,1.875,48,3.0
2025-02-06,2025-02-12,PYZA,8M5CL,7,12,2025-02-08 11:53:47,2025-02-12 18:31:51,0.16666666666666666,0.16666666666666666,0.25,0.16666666666666666,0.0,0.0,0.0,0.16666666666666666,0.0,6.3,10.0,10,2,7.4,4.5,10,2,62.8943597567,67.922551416,10,2,65.06902610009999,57.049219699,10,2,26,2.1666666666666665,40,3.3333333333333335
2025-02-13,2025-02-19,PYZA,8M5CL,7,16,2025-02-13 04:45:02,2025-02-19 15:40:44,0.25,0.1875,0.3125,0.5625,0.0,0.3125,0.0,0.625,0.0,3.25,4.25,12,4,3.5384615384615383,3.3333333333333335,13,3,32.099038329833334,67.620883854,12,4,40.89387290007692,41.350549224333335,13,3,42,2.625,56,3.5
2025-02-27,2025-03-05,PYZA,8M5CL,7,12,2025-02-28 08:18:05,2025-03-02 23:28:33,0.3333333333333333,0.16666666666666666,0.75,0.5,0.0,0.0,0.0,0.6666666666666666,0.0,4.625,4.5,8,4,3.6,9.5,10,2,19.5,22.75,8,4,19.9,24.0,10,2,26,2.1666666666666665,48,4.0
2025-03-06,2025-03-12,PYZA,8M5CL,7,36,2025-03-06 20:04:43,2025-03-12 16:29:37,0.2777777777777778,0.08333333333333333,0.4444444444444444,0.2222222222222222,0.0,0.3333333333333333,0.19444444444444445,0.1111111111111111,0.0,4.076923076923077,4.4,26,10,4.090909090909091,5.0,33,3,37.86164970596154,35.9297673063,26,10,35.99092622478788,52.0,33,3,116,3.2222222222222223,216,6.0
2025-03-13,2025-03-19,PYZA,8M5CL,7,30,2025-03-16 05:14:44,2025-03-18 11:44:06,0.0,0.1,0.0,0.3,0.0,0.0,0.13333333333333333,0.0,0.0,5.9,,30,0,5.481481481481482,9.666666666666666,27,3,65.91367297576667,,30,0,66.63353631025926,59.43490296533333,27,3,110,3.6666666666666665,212,7.066666666666666
2025-04-03,2025-04-09,PYZA,8M5CL,7,12,2025-04-03 07:51:04,2025-04-03 07:51:04,0.16666666666666666,0.0,1.0,0.0,0.0,1.0,0.5,0.0,0.0,3.2,5.0,10,2,3.5,,12,0,15.0,15.0,10,2,15.0,,12,0,72,6.0,144,12.0
2025-04-10,2025-04-16,PYZA,8M5CL,7,12,2025-04-15 03:02:16,2025-04-15 03:02:16,0.0,0.0,0.0,0.0,0.0,1.0,0.0,0.0,0.0,6.5,,12,0,6.5,,12,0,12.0,,12,0,12.0,,12,0,144,12.0,144,12.0
2025-05-01,2025-05-07,PYZA,8M5CL,7,16,2025-05-01 12:13:26,2025-05-02 07:02:44,0.125,0.0625,0.5,0.25,0.0,1.0,0.25,0.0,0.0,4.142857142857143,10.0,14,2,4.933333333333334,4.0,15,1,31.0,37.0,14,2,32.13333333333333,26.0,15,1,96,6.0,128,8.0
2025-01-02,2025-01-08,PYZA,8M6CL,7,14,2025-01-05 08:34:03,2025-01-08 12:45:42,0.35714285714285715,0.42857142857142855,0.6428571428571429,0.5714285714285714,0.0,0.0,0.0,0.0,0.0,3.2222222222222223,3.8,9,5,3.75,3.0,8,6,74.85446157666667,78.2486902078,9,5,75.829352975,76.38313023816666,8,6,24,1.7142857142857142,28,2.0
2025-01-09,2025-01-15,PYZA,8M6CL,7,28,2025-01-09 03:58:51,2025-01-14 03:55:42,0.32142857142857145,0.39285714285714285,0.6785714285714286,0.6785714285714286,0.0,0.0,0.0,0.0,0.0,4.2631578947368425,3.111111111111111,19,9,3.823529411764706,4.0,17,11,83.36084980426317,93.43352148399998,19,9,83.559586075,91.29498876018182,17,11,82,2.9285714285714284,104,3.7142857142857144
2025-01-23,2025-01-29,PYZA,8M6CL,7,14,2025-01-23 06:57:37,2025-01-29 22:24:46,0.14285714285714285,0.2857142857142857,0.14285714285714285,0.2857142857142857,0.0,0.0,0.0,0.0,0.0,3.8333333333333335,9.0,12,2,3.8,6.5,10,4,67.30376299733332,53.151169414,12,2,67.66451559679999,59.325584707000004,10,4,26,1.8571428571428572,52,3.7142857142857144
2025-01-30,2025-02-05,PYZA,8M6CL,7,14,2025-01-30 13:24:21,2025-02-03 02:36:17,0.35714285714285715,0.14285714285714285,0.5714285714285714,0.14285714285714285,0.0,0.0,0.0,0.0,0.0,3.0,2.8,9,5,3.0,2.5,12,2,53.56597920511112,49.9569823184,9,5,55.15656036983333,35.0,12,2,24,1.7142857142857142,36,2.5714285714285716
2025-02-06,2025-02-12,PYZA,8M6CL,7,12,2025-02-07 15:10:59,2025-02-10 23:41:56,0.3333333333333333,0.3333333333333333,0.8333333333333334,0.5,0.0,0.0,0.0,0.3333333333333333,0.0,4.25,7.5,8,4,5.25,5.5,8,4,25.162898752375,46.32579750475,8,4,46.32579750475,4.0,8,4,40,3.3333333333333335,40,3.3333333333333335
2025-02-13,2025-02-19,PYZA,8M6CL,7,12,2025-02-16 05:51:45,2025-02-19 11:09:51,0.3333333333333333,0.16666666666666666,0.8333333333333334,0.5,0.0,0.0,0.0,0.0,0.0,5.375,2.5,8,4,4.7,3.0,10,2,41.701423345125,43.719212006999996,8,4,44.6488234789,31.0,10,2,30,2.5,32,2.6666666666666665
2025-02-27,2025-03-05,PYZA,8M6CL,7,12,2025-03-02 04:46:45,2025-03-04 14:09:00,0.25,0.08333333333333333,0.5,0.25,0.0,0.0,0.0,0.3333333333333333,0.0,4.333333333333333,7.0,9,3,5.363636363636363,1.0,11,1,30.83956981333333,28.0,9,3,29.23237530181818,40.0,11,1,26,2.1666666666666665,48,4.0
2025-03-06,2025-03-12,PYZA,8M6CL,7,22,2025-03-07 04:12:22,2025-03-12 21:42:33,0.3181818181818182,0.18181818181818182,0.5909090909090909,0.36363636363636365,0.0,0.18181818181818182,0.09090909090909091,0.18181818181818182,0.0,5.733333333333333,5.857142857142857,15,7,6.277777777777778,3.5,18,4,46.31139524906666,55.95299825157143,15,7,48.44444095333333,53.58549483425,18,4,44,2.0,52,2.3636363636363638
2025-03-13,2025-03-19,PYZA,8M6CL,7,34,2025-03-13 23:01:32,2025-03-19 20:16:06,0.2647058823529412,0.23529411764705882,0.7647058823529411,0.47058823529411764,0.0,0.0,0.058823529411764705,0.23529411764705882,0.0,5.76,4.333333333333333,25,9,5.076923076923077,6.375,26,8,50.64,47.111111111111114,25,9,52.03846153846154,42.125,26,8,124,3.6470588235294117,236,6.9411764705882355
2025-04-17,2025-04-23,PYZA,8M6CL,7,25,2025-04-20 05:42:37,2025-04-20 05:42:37,0.04,0.24,0.52,1.0,0.0,0.0,0.52,1.0,0.0,6.875,4.0,24,1,6.315789473684211,8.166666666666666,19,6,28.5,29.0,24,1,28.57894736842105,28.333333333333332,19,6,313,12.52,625,25.0
2025-05-01,2025-05-07,PYZA,8M6CL,7,12,2025-05-01 23:33:38,2025-05-03 21:02:47,0.08333333333333333,0.3333333333333333,0.25,0.5833333333333334,0.0,0.5,0.0,0.08333333333333333,0.0,2.4545454545454546,7.0,11,1,2.0,4.5,8,4,34.72727272727273,16.0,11,1,40.875,17.75,8,4,32,2.6666666666666665,72,6.0
2025-05-15,2025-05-21,PYZA,8M6CL,7,13,2025-05-19 15:11:17,2025-05-21 11:50:44,0.0,0.23076923076923078,0.0,0.6923076923076923,0.0,0.0,0.0,0.5384615384615384,0.0,2.4615384615384617,,13,0,2.7,1.6666666666666667,10,3,11.923076923076923,,13,0,10.7,16.0,10,3,45,3.4615384615384617,89,6.846153846153846
2025-01-23,2025-01-29,X78C,8M5CL,7,10,2025-01-23 06:16:49,2025-01-29 17:14:09,0.1,0.1,0.4,0.2,0.0,0.0,0.0,0.0,0.0,4.222222222222222,9.0,9,1,4.555555555555555,6.0,9,1,53.22858225666667,12.0,9,1,48.53199021133334,54.269328408,9,1,26,2.6,28,2.8
2025-02-06,2025-02-12,X78C,8M5CL,7,10,2025-02-08 00:32:27,2025-02-11 02:28:18,0.2,0.2,0.2,0.3,0.0,0.0,0.0,0.4,0.0,3.375,4.0,8,2,3.625,3.0,8,2,29.755617808125,59.976936112,8,2,33.503827604250006,44.9840969275,8,2,14,1.4,20,2.0
2025-03-06,2025-03-12,X78C,8M5CL,7,25,2025-03-06 18:17:38,2025-03-09 18:11:12,0.08,0.24,0.12,0.32,0.0,0.88,0.04,0.0,0.0,4.217391304347826,1.5,23,2,4.157894736842105,3.5,19,6,56.377000068565216,70.17102504799999,23,2,58.26384482489474,55.0,19,6,175,7.0,179,7.16
2025-04-10,2025-04-16,X78C,8M5CL,7,12,2025-04-15 06:40:09,2025-04-15 06:40:09,0.25,0.08333333333333333,1.0,0.5,0.0,0.0,0.0,0.5,0.0,3.3333333333333335,4.0,9,3,3.4545454545454546,4.0,11,1,31.473687197333334,33.473700290000004,9,3,32.38278405763636,27.473661012,11,1,72,6.0,144,12.0
2025-05-08,2025-05-14,X78C,8M5CL,7,33,2025-05-11 00:11:57,2025-05-12 22:34:33,0.15151515151515152,0.2727272727272727,0.6666666666666666,0.8484848484848485,0.0,0.0,0.18181818181818182,0.6666666666666666,0.0,3.4642857142857144,2.2,28,5,3.0,4.0,24,9,47.456934220714295,80.096656604,28,5,56.192585595000004,42.2950429911111,24,9,183,5.545454545454546,365,11.06060606060606
2025-03-13,2025-03-19,X78C,8M6CL,7,17,2025-03-15 12:38:44,2025-03-17 15:50:45,0.0,0.35294117647058826,0.0,1.0,0.0,0.0,0.0,0.0,0.0,2.6470588235294117,,17,0,2.5454545454545454,2.8333333333333335,11,6,47.79478210941176,,17,0,48.06805889590908,47.2937746675,11,6,73,4.294117647058823,145,8.529411764705882
2025-05-22,2025-05-28,X78C,8M6CL,7,21,2025-05-23 12:22:21,2025-05-26 17:00:51,0.19047619047619047,0.14285714285714285,0.5238095238095238,0.47619047619047616,0.0,0.0,0.0,1.0,0.0,3.0,3.75,17,4,3.111111111111111,3.3333333333333335,18,3,23.294117647058822,25.0,17,4,23.77777777777778,22.666666666666668,18,3,111,5.285714285714286,221,10.523809523809524
2025-05-29,2025-06-04,X78C,8M6CL,7,12,2025-06-04 21:11:10,2025-06-04 21:11:10,0.0,0.08333333333333333,0.0,0.5,0.0,0.0,0.0,0.5,0.0,3.5,,12,0,3.272727272727273,6.0,11,1,38.0,,12,0,37.27272727272727,46.0,11,1,72,6.0,144,12.0
2025-02-13,2025-02-19,X78D,8M5CL,7,16,2025-02-13 00:06:45,2025-02-18 20:19:49,0.125,0.1875,0.25,0.1875,0.0,0.0,0.0,0.25,0.0,3.0714285714285716,4.5,14,2,3.4615384615384617,2.3333333333333335,13,3,36.368944098571426,55.5843905085,14,2,37.680207357,43.49710091866667,13,3,30,1.875,56,3.5
2025-02-20,2025-02-26,X78D,8M5CL,7,16,2025-02-22 19:48:17,2025-02-24 11:23:18,0.4375,0.0625,0.75,0.0625,0.0,0.25,0.25,0.375,0.0,5.111111111111111,2.7142857142857144,9,7,4.266666666666667,1.0,15,1,33.888888888888886,29.571428571428573,9,7,32.53333333333333,24.0,15,1,38,2.375,56,3.5
2025-03-27,2025-04-02,X78D,8M5CL,7,20,2025-03-27 05:48:24,2025-04-01 23:01:43,0.0,0.1,0.0,0.25,0.0,0.8,0.25,0.0,0.0,3.9,,20,0,3.7777777777777777,5.0,18,2,66.1651445675,,20,0,66.57238285277778,62.5,18,2,92,4.6,168,8.4
2025-04-03,2025-04-09,X78D,8M5CL,7,35,2025-04-05 00:11:11,2025-04-07 00:59:45,0.0,0.02857142857142857,0.0,0.17142857142857143,0.0,0.0,0.0,0.0,0.0,3.4285714285714284,,35,0,3.3823529411764706,5.0,34,1,10.285714285714286,,35,0,10.411764705882353,6.0,34,1,205,5.857142857142857,409,11.685714285714285
2025-04-10,2025-04-16,X78D,8M5CL,7,22,2025-04-12 08:04:40,2025-04-15 22:10:46,0.09090909090909091,0.0,0.5909090909090909,0.0,0.0,0.5,0.0,0.09090909090909091,0.0,3.95,4.5,20,2,4.0,,22,0,32.1145519803,33.828615273,20,2,32.270375916000006,,22,0,140,6.363636363636363,154,7.0
2025-04-17,2025-04-23,X78D,8M5CL,7,66,2025-04-17 01:37:23,2025-04-21 08:05:01,0.06060606060606061,0.06060606060606061,0.15151515151515152,0.07575757575757576,0.0,0.8181818181818182,0.3181818181818182,0.0,0.0,3.5483870967741935,3.0,62,4,3.5161290322580645,3.5,62,4,23.856974324822577,7.17221105525,62,4,22.480191060532256,28.512351651750002,62,4,378,5.7272727272727275,610,9.242424242424242
2025-05-29,2025-06-04,X78D,8M5CL,7,12,2025-06-04 19:59:52,2025-06-04 19:59:52,0.0,0.3333333333333333,0.0,1.0,0.0,1.0,0.0,1.0,0.0,6.5,,12,0,6.75,6.0,8,4,48.0,,12,0,48.0,48.0,8,4,144,12.0,144,12.0
2025-06-05,2025-06-11,X78D,8M5CL,7,30,2025-06-05 21:01:33,2025-06-11 22:54:16,0.03333333333333333,0.06666666666666667,0.2,0.26666666666666666,0.0,0.4,0.0,0.4,0.0,4.655172413793103,2.0,29,1,4.607142857142857,4.0,28,2,61.41379310344828,17.0,29,1,61.642857142857146,36.0,28,2,236,7.866666666666666,324,10.8
2025-07-17,2025-07-23,X78D,8M5CL,7,10,2025-07-17 14:44:14,2025-07-19 22:34:08,0.0,0.2,0.0,0.8,0.0,0.0,0.4,0.6,0.0,2.8,,10,0,2.5,4.0,8,2,17.2,,10,0,17.75,15.0,8,2,36,3.6,52,5.2
2025-08-14,2025-08-20,X78D,8M5CL,7,24,2025-08-19 08:26:19,2025-08-20 20:49:42,0.25,0.08333333333333333,0.75,0.5,0.0,0.5,0.5,0.75,0.0,5.666666666666667,3.0,18,6,4.636363636363637,9.0,22,2,102.45612546111111,63.87367527666667,18,6,84.91864810454545,179.62102583,22,2,216,9.0,288,12.0
2025-08-21,2025-08-27,X78D,8M5CL,7,17,2025-08-21 09:09:44,2025-08-25 02:32:15,0.17647058823529413,0.17647058823529413,0.35294117647058826,0.6470588235294118,0.0,0.7058823529411765,0.7058823529411765,1.0,0.0,3.5,2.6666666666666665,14,3,3.2142857142857144,4.0,14,3,53.65805802007144,86.109094041,14,3,58.54885054650001,63.28539558433334,14,3,97,5.705882352941177,169,9.941176470588236
2025-08-28,2025-09-03,X78D,8M5CL,7,48,2025-08-31 22:18:32,2025-09-03 17:59:54,0.10416666666666667,0.125,0.5208333333333334,0.7291666666666666,0.0,0.0,0.2916666666666667,0.7083333333333334,0.0,6.27906976744186,5.4,43,5,6.5476190476190474,3.6666666666666665,42,6,47.857368032,43.2021972888,43,5,48.71111488990476,38.001831074,42,6,534,11.125,534,11.125
2025-09-25,2025-10-01,X78D,8M5CL,7,12,2025-09-25 17:08:05,2025-09-27 12:42:23,0.16666666666666666,0.4166666666666667,0.6666666666666666,0.8333333333333334,0.0,1.0,1.0,1.0,0.0,5.5,6.0,10,2,5.857142857142857,5.2,7,5,162.108083426,162.955492815,10,2,161.23379255999998,163.671054394,7,5,42,3.5,42,3.5
2025-10-16,2025-10-22,X78D,8M5CL,7,16,2025-10-16 07:40:23,2025-10-18 20:21:37,0.125,0.125,0.3125,0.375,0.25,1.0,1.0,1.0,0.0,4.071428571428571,6.0,14,2,4.428571428571429,3.5,14,2,153.61731361642856,180.825715295,14,2,156.5512556485714,160.28812107,14,2,50,3.125,64,4.0
2025-10-23,2025-10-29,X78D,8M5CL,7,19,2025-10-23 17:34:51,2025-10-28 22:27:04,0.21052631578947367,0.05263157894736842,0.5789473684210527,0.21052631578947367,0.21052631578947367,1.0,1.0,1.0,0.0,4.0,6.0,15,4,4.611111111111111,1.0,18,1,145.18222091066667,136.2517137275,15,4,141.1555273238889,181.94067674,18,1,63,3.3157894736842106,73,3.8421052631578947
2025-10-30,2025-11-05,X78D,8M5CL,7,10,2025-11-04 17:34:13,2025-11-05 11:36:24,0.1,0.2,0.4,0.4,0.0,1.0,1.0,1.0,0.0,7.888888888888889,4.0,9,1,7.875,6.0,8,2,73.74220531177778,71.0,9,1,74.08498097575,71.0,8,2,28,2.8,28,2.8
2025-02-06,2025-02-12,X78D,8M6CL,7,14,2025-02-06 08:43:47,2025-02-11 20:58:43,0.07142857142857142,0.21428571428571427,0.07142857142857142,0.35714285714285715,0.0,0.0,0.0,0.42857142857142855,0.0,3.8461538461538463,1.0,13,1,4.181818181818182,1.6666666666666667,11,3,21.056573937384616,35.0,13,1,25.442520963000003,9.622576864333334,11,3,34,2.4285714285714284,42,3.0
2025-02-13,2025-02-19,X78D,8M6CL,7,25,2025-02-15 06:50:34,2025-02-19 17:33:57,0.12,0.2,0.16,0.28,0.0,0.0,0.0,0.76,0.0,3.909090909090909,2.6666666666666665,22,3,3.65,4.2,20,5,47.928669514818175,78.611044471,22,3,50.31319313695,56.8,20,5,57,2.28,83,3.32
2025-02-20,2025-02-26,X78D,8M6CL,7,12,2025-02-23 21:34:49,2025-02-25 03:00:18,0.16666666666666666,0.0,0.3333333333333333,0.0,0.0,0.0,0.08333333333333333,0.5,0.0,3.1,3.5,10,2,3.1666666666666665,,12,0,47.6,46.0,10,2,47.333333333333336,,12,0,24,2.0,40,3.3333333333333335
2025-03-27,2025-04-02,X78D,8M6CL,7,15,2025-03-28 13:59:51,2025-04-02 02:32:40,0.0,0.06666666666666667,0.0,0.13333333333333333,0.0,0.0,0.0,0.6,0.0,3.6,,15,0,3.5,5.0,14,1,45.252910365733335,,15,0,46.09977341021429,33.396827743,14,1,67,4.466666666666667,129,8.6
2025-04-03,2025-04-09,X78D,8M6CL,7,36,2025-04-04 11:41:04,2025-04-06 23:55:00,0.0,0.08333333333333333,0.0,0.5,0.0,0.0,0.0,0.16666666666666666,0.0,3.5,,36,0,3.515151515151515,3.3333333333333335,33,3,18.428465671833333,,36,0,18.938382115333333,12.819384793333333,33,3,216,6.0,432,12.0
2025-04-10,2025-04-16,X78D,8M6CL,7,17,2025-04-13 21:29:26,2025-04-15 02:05:55,0.058823529411764705,0.11764705882352941,0.35294117647058826,0.35294117647058826,0.0,0.0,0.11764705882352941,0.8823529411764706,0.0,2.5625,4.0,16,1,2.6666666666666665,2.5,15,2,34.375,37.0,16,1,34.2,37.0,15,2,71,4.176470588235294,141,8.294117647058824
2025-04-17,2025-04-23,X78D,8M6CL,7,18,2025-04-19 03:50:20,2025-04-23 19:45:46,0.0,0.05555555555555555,0.0,0.1111111111111111,0.0,0.0,0.0,0.3888888888888889,0.0,2.6666666666666665,,18,0,2.4705882352941178,6.0,17,1,27.22222222222222,,18,0,27.941176470588236,15.0,17,1,50,2.7777777777777777,92,5.111111111111111
2025-04-24,2025-04-30,X78D,8M6CL,7,29,2025-04-24 18:36:03,2025-04-29 21:48:27,0.0,0.06896551724137931,0.0,0.27586206896551724,0.0,0.0,0.13793103448275862,0.5172413793103449,0.0,3.0,,29,0,3.0,3.0,27,2,33.37931034482759,,29,0,32.592592592592595,44.0,27,2,117,4.0344827586206895,229,7.896551724137931
2025-05-01,2025-05-07,X78D,8M6CL,7,33,2025-05-03 07:51:40,2025-05-07 01:12:37,0.09090909090909091,0.09090909090909091,0.36363636363636365,0.42424242424242425,0.0,0.0,0.48484848484848486,0.7575757575757576,0.0,3.066666666666667,4.333333333333333,30,3,3.033333333333333,4.666666666666667,30,3,28.656892867133333,32.333333333333336,30,3,30.423559533800002,14.666666666666666,30,3,169,5.121212121212121,333,10.090909090909092
2025-06-05,2025-06-11,X78D,8M6CL,7,24,2025-06-07 04:32:47,2025-06-11 19:33:53,0.125,0.125,0.5,0.5,0.0,0.0,0.0,0.5,0.0,3.5238095238095237,3.3333333333333335,21,3,3.5714285714285716,3.0,21,3,27.12429821019048,59.95670844066667,21,3,27.12429821019048,59.95670844066667,21,3,144,6.0,288,12.0
2025-06-12,2025-06-18,X78D,8M6CL,7,18,2025-06-14 04:19:03,2025-06-15 16:01:20,0.16666666666666666,0.16666666666666666,0.6666666666666666,0.8888888888888888,0.0,0.6666666666666666,0.0,0.3333333333333333,0.0,4.866666666666666,7.333333333333333,15,3,5.133333333333334,6.0,15,3,127.73764622466666,181.78496593,15,3,136.65664395333334,137.18997728666668,15,3,164,9.11111111111111,180,10.0
2025-07-17,2025-07-23,X78D,8M6CL,7,12,2025-07-18 17:01:50,2025-07-21 23:27:52,0.0,0.25,0.0,0.5833333333333334,0.0,0.0,0.16666666666666666,0.9166666666666666,0.0,3.9166666666666665,,12,0,4.0,3.6666666666666665,9,3,62.5896605635,,12,0,63.119547417999996,61.0,9,3,46,3.8333333333333335,56,4.666666666666667
2025-08-21,2025-08-27,X78D,8M6CL,7,106,2025-08-21 16:55:33,2025-08-27 00:27:15,0.03773584905660377,0.1320754716981132,0.2830188679245283,0.6132075471698113,0.0,0.0,0.4339622641509434,0.5283018867924528,0.0,4.784313725490196,3.0,102,4,4.630434782608695,5.285714285714286,92,14,36.97252676415687,28.45020447825,102,4,36.07593539068478,40.42946370814286,92,14,840,7.9245283018867925,1082,10.20754716981132
2025-08-28,2025-09-03,X78D,8M6CL,7,46,2025-09-01 19:42:36,2025-09-03 17:01:40,0.08695652173913043,0.043478260869565216,0.6521739130434783,0.5217391304347826,0.0,0.0,0.2608695652173913,0.6521739130434783,0.0,7.428571428571429,2.5,42,4,7.136363636363637,4.0,44,2,67.14149287454762,81.498332159,42,4,69.13815078388637,51.928697438,44,2,470,10.217391304347826,530,11.521739130434783
2025-09-18,2025-09-24,X78D,8M6CL,7,10,2025-09-20 10:52:35,2025-09-23 03:17:50,0.1,0.3,0.2,0.6,0.0,0.0,0.2,0.4,0.0,5.777777777777778,6.0,9,1,4.857142857142857,8.0,7,3,110.93420988777777,144.10684663,9,1,111.58659086142858,120.46953319666666,7,3,28,2.8,28,2.8
2025-09-25,2025-10-01,X78D,8M6CL,7,13,2025-09-27 04:12:11,2025-10-01 09:27:51,0.07692307692307693,0.07692307692307693,0.07692307692307693,0.15384615384615385,0.0,0.0,0.38461538461538464,0.5384615384615384,0.0,5.333333333333333,2.0,12,1,4.666666666666667,10.0,12,1,79.27636253166666,113.0,12,1,83.05212924425,67.690799449,12,1,23,1.7692307692307692,29,2.230769230769231
2025-10-16,2025-10-22,X78D,8M6CL,7,18,2025-10-17 11:37:48,2025-10-21 01:41:03,0.05555555555555555,0.2222222222222222,0.1111111111111111,0.3333333333333333,0.0,0.0,0.7222222222222222,0.7222222222222222,0.0,3.823529411764706,6.0,17,1,4.714285714285714,1.25,14,4,68.99434238947059,90.87601901,17,1,78.26998854507144,42.0,14,4,46,2.5555555555555554,68,3.7777777777777777
2025-10-23,2025-10-29,X78D,8M6CL,7,17,2025-10-24 13:00:35,2025-10-29 08:03:33,0.11764705882352941,0.11764705882352941,0.17647058823529413,0.5294117647058824,0.0,0.0,0.5294117647058824,0.8235294117647058,0.0,3.4,2.5,15,2,3.2666666666666666,3.5,15,2,65.33525630473333,106.0,15,2,71.91426935733334,56.6574021055,15,2,65,3.823529411764706,77,4.529411764705882
2025-11-06,2025-11-12,X78D,8M6CL,7,19,2025-11-07 07:19:25,2025-11-12 06:08:56,0.15789473684210525,0.15789473684210525,0.3684210526315789,0.2631578947368421,0.0,0.2631578947368421,0.5263157894736842,1.0,0.0,5.6875,3.0,16,3,5.1875,5.666666666666667,16,3,89.2926445365,114.37387359,16,3,89.925245834625,111.0,16,3,53,2.789473684210526,69,3.6315789473684212
2025-12-04,2025-12-10,X78D,8M6CL,7,10,2025-12-10 13:57:42,2025-12-10 15:51:17,0.0,0.0,0.0,0.0,0.0,0.2,1.0,1.0,0.0,5.3,,10,0,5.3,,10,0,85.8727742394,,10,0,85.8727742394,,10,0,26,2.6,28,2.8
2025-09-04,2025-09-10,X78D2,8M6CL,7,11,2025-09-10 01:14:07,2025-09-10 01:14:07,0.09090909090909091,0.18181818181818182,1.0,1.0,0.0,1.0,1.0,1.0,0.0,6.4,2.0,10,1,5.777777777777778,7.0,9,2,150.86303877999998,150.86303878,10,1,150.86303878,150.86303878,9,2,121,11.0,121,11.0
