PERIOD_START,PERIOD_END,DEVICE,LAYER,PERIOD_DAYS,SAMPLE_SIZE,FIRST_WAFER_TIME,LAST_WAFER_TIME,BEEP_RATE,BEEP_DEFECTIVE_COUNT,SMP_RATE,SMP_DEFECTIVE_COUNT,BEEP_FLEET_RATE,SMP_FLEET_RATE,FLEET_WAFERS,BEEP_WEIGHTED_RATE,SMP_WEIGHTED_RATE,BEEP_EXPECTED,SMP_EXPECTED,BEEP_OBSERVED,SMP_OBSERVED,BEEP_EXCESS,SMP_EXCESS,CCMR2_ON_RATE,ICCR2_ON_RATE,GF_ON_RATE,CV_ON_RATE,SRCIP_ON_RATE,P_ORDER_BEEP_CLEAN_AVG,P_ORDER_BEEP_DEFECTIVE_AVG,P_ORDER_BEEP_CLEAN_COUNT,P_ORDER_BEEP_DEFECTIVE_COUNT,P_ORDER_SMP_CLEAN_AVG,P_ORDER_SMP_DEFECTIVE_AVG,P_ORDER_SMP_CLEAN_COUNT,P_ORDER_SMP_DEFECTIVE_COUNT,UNW_12HRS_BEEP_CLEAN_AVG,UNW_12HRS_BEEP_DEFECTIVE_AVG,UNW_12HRS_BEEP_CLEAN_COUNT,UNW_12HRS_BEEP_DEFECTIVE_COUNT,UNW_12HRS_SMP_CLEAN_AVG,UNW_12HRS_SMP_DEFECTIVE_AVG,UNW_12HRS_SMP_CLEAN_COUNT,UNW_12HRS_SMP_DEFECTIVE_COUNT,S_SCAN_TOTAL,S_SCAN_AVG,N_SCAN_TOTAL,N_SCAN_UNIQUE_AVG,N_SCAN_UNIQUE_LOTS
2025-05-15,2025-05-28,PNCB,8M5CL,14,14,2025-05-27 09:31:29,2025-05-28 20:07:59,0.07142857142857142,1,0.14285714285714285,2,0.11188811188811189,0.15384615384615385,143,0.006993006993006993,0.013986013986013986,1.5664335664335665,2.153846153846154,1,2,-0.5664335664335665,-0.1538461538461542,0.0,1.0,0.0,0.0,0.0,5.384615384615385,6.0,13,1,5.166666666666667,7.0,12,2,52.47722047476923,60.601933086,13,1,53.4004832715,51.0,12,2,130,9.285714285714286,130,7.0,2
2025-05-29,2025-06-11,PNCB,8M5CL,14,74,2025-06-04 03:48:22,2025-06-11 09:32:06,0.04054054054054054,3,0.2702702702702703,20,0.034482758620689655,0.29310344827586204,174,0.017241379310344827,0.11494252873563218,2.5517241379310343,21.68965517241379,3,20,0.44827586206896575,-1.68965517241379,0.32432432432432434,1.0,0.08108108108108109,0.5675675675675675,0.0,9.816901408450704,7.333333333333333,71,3,9.203703703703704,11.1,54,20,65.04193564292959,35.666666666666664,71,3,69.17712283725926,49.470639871799996,54,20,508,6.864864864864865,580,6.7272727272727275,11
2025-06-12,2025-06-25,PNCB,8M5CL,14,91,2025-06-12 00:10:08,2025-06-24 22:35:44,0.04395604395604396,4,0.21978021978021978,20,0.08333333333333333,0.2196969696969697,132,0.030303030303030307,0.15151515151515152,7.583333333333333,19.992424242424242,4,20,-3.583333333333333,0.007575757575757791,0.1978021978021978,1.0,0.17582417582417584,0.4175824175824176,0.0,7.0344827586206895,7.0,87,4,7.0,7.15,71,20,74.34979037528736,90.45179698999999,87,4,74.86774135495774,75.7314657204,71,20,1015,11.153846153846153,1041,7.0,13
2025-06-26,2025-07-09,PNCB,8M5CL,14,119,2025-06-28 02:14:12,2025-07-09 08:03:08,0.058823529411764705,7,0.17647058823529413,21,0.06521739130434782,0.16847826086956522,184,0.03804347826086956,0.1141304347826087,7.760869565217391,20.04891304347826,7,21,-0.7608695652173907,0.9510869565217384,0.13445378151260504,1.0,0.865546218487395,1.0,0.0,5.205357142857143,5.428571428571429,112,7,5.163265306122449,5.476190476190476,98,21,57.63192007058928,40.57142857142857,112,7,59.48588191576531,43.29326762671429,98,21,995,8.361344537815127,1845,9.153846153846153,13
2025-07-10,2025-07-23,PNCB,8M5CL,14,115,2025-07-10 02:00:13,2025-07-23 10:25:56,0.0782608695652174,9,0.2,23,0.0935672514619883,0.19298245614035087,171,0.052631578947368425,0.1345029239766082,10.760233918128655,22.19298245614035,9,23,-1.7602339181286553,0.8070175438596507,0.0,1.0,0.9304347826086956,0.9304347826086956,0.0,6.216981132075472,5.222222222222222,106,9,5.815217391304348,7.434782608695652,92,23,40.70527018409434,23.872687125000002,106,9,36.35442907172826,51.52197169739131,92,23,1011,8.791304347826086,1083,7.1875,16
2025-07-24,2025-08-06,PNCB,8M5CL,14,185,2025-07-24 10:58:38,2025-08-05 15:29:58,0.02702702702702703,5,0.25405405405405407,47,0.029850746268656716,0.263681592039801,201,0.024875621890547265,0.2338308457711443,5.522388059701492,48.78109452736319,5,47,-0.522388059701492,-1.7810945273631873,0.08108108108108109,1.0,0.7081081081081081,1.0,0.0,8.46111111111111,6.8,180,5,7.992753623188406,9.659574468085106,138,47,56.748309325233336,57.905808988000004,180,5,55.18655596083333,61.45702129546808,138,47,1835,9.91891891891892,1841,5.967741935483871,31
2025-08-07,2025-08-20,PNCB,8M5CL,14,89,2025-08-07 04:08:20,2025-08-20 19:31:39,0.1348314606741573,12,0.21348314606741572,19,0.1652892561983471,0.19008264462809918,121,0.09917355371900827,0.15702479338842976,14.710743801652892,16.917355371900825,12,19,-2.7107438016528924,2.0826446280991746,0.39325842696629215,1.0,0.6067415730337079,1.0,0.0,8.454545454545455,6.75,77,12,8.557142857142857,7.0,70,19,51.84665392905194,49.17957583833333,77,12,49.02049271192857,60.5743564611579,70,19,1005,11.292134831460674,1031,5.5625,16
2025-08-21,2025-09-03,PNCB,8M5CL,14,231,2025-08-21 20:52:14,2025-09-03 21:22:13,0.09090909090909091,21,0.19480519480519481,45,0.10509554140127389,0.1910828025477707,314,0.06687898089171974,0.14331210191082802,24.277070063694268,44.140127388535035,21,45,-3.277070063694268,0.8598726114649651,0.11255411255411256,1.0,0.8138528138528138,1.0,0.017316017316017316,5.652380952380953,4.809523809523809,210,21,5.39247311827957,6.333333333333333,186,45,71.2490318775619,61.44927485890476,210,21,70.00680312219355,71.8103574577111,186,45,1755,7.597402597402597,2687,7.9655172413793105,29
2025-09-04,2025-09-17,PNCB,8M5CL,14,106,2025-09-04 08:22:57,2025-09-17 20:33:01,0.09433962264150944,10,0.14150943396226415,15,0.1111111111111111,0.1736111111111111,144,0.06944444444444445,0.10416666666666667,11.777777777777777,18.40277777777778,10,15,-1.7777777777777768,-3.4027777777777786,0.24528301886792453,1.0,0.7547169811320755,1.0,0.0,6.65625,7.8,96,10,6.43956043956044,8.733333333333333,91,15,127.23181831670836,134.1261766486,96,10,126.19829955262637,138.09807104006669,91,15,904,8.528301886792454,982,5.0476190476190474,21
2025-09-18,2025-10-01,PNCB,8M5CL,14,143,2025-09-18 16:26:18,2025-10-01 21:32:22,0.21678321678321677,31,0.2937062937062937,42,0.20103092783505155,0.27835051546391754,194,0.15979381443298968,0.21649484536082475,28.747422680412374,39.80412371134021,31,42,2.252577319587626,2.1958762886597896,0.6993006993006993,1.0,0.5944055944055944,1.0,0.0,6.3125,7.161290322580645,112,31,6.524752475247524,6.428571428571429,101,42,141.94581678682144,135.70342253935482,112,31,136.76620952699008,149.79405753852384,101,42,595,4.160839160839161,619,3.25,44
2025-10-02,2025-10-15,PNCB,8M5CL,14,102,2025-10-04 03:31:17,2025-10-15 16:51:57,0.20588235294117646,21,0.16666666666666666,17,0.19285714285714287,0.20714285714285716,140,0.15,0.12142857142857141,19.67142857142857,21.12857142857143,21,17,1.3285714285714292,-4.12857142857143,0.696078431372549,1.0,0.8431372549019608,1.0,0.0,8.185185185185185,7.904761904761905,81,21,8.305882352941177,7.235294117647059,85,17,126.9087507712963,119.79111251995239,81,21,127.34205485042351,115.9498537122353,85,17,416,4.078431372549019,454,3.642857142857143,28
2025-10-16,2025-10-29,PNCB,8M5CL,14,173,2025-10-16 06:20:49,2025-10-29 09:10:59,0.15028901734104047,26,0.2138728323699422,37,0.15086206896551724,0.21982758620689655,232,0.1120689655172414,0.15948275862068967,26.09913793103448,38.0301724137931,26,37,-0.09913793103448043,-1.0301724137931032,0.49710982658959535,1.0,0.8034682080924855,1.0,0.0,7.809523809523809,6.346153846153846,147,26,8.0,6.081081081081081,136,37,115.65776946565579,115.35541733329998,147,26,115.90018389722354,114.55426897553514,136,37,509,2.9421965317919074,609,3.2037037037037037,54
2025-10-30,2025-11-12,PNCB,8M5CL,14,57,2025-10-30 01:52:08,2025-11-09 04:12:14,0.21052631578947367,12,0.2631578947368421,15,0.21176470588235294,0.23529411764705882,85,0.14117647058823526,0.1764705882352941,12.070588235294117,13.411764705882353,12,15,-0.0705882352941174,1.5882352941176467,0.45614035087719296,1.0,0.9649122807017544,1.0,0.0,9.666666666666666,9.25,45,12,9.642857142857142,9.4,42,15,108.89067761022224,96.52227345783335,45,12,100.01882828211906,123.83713240699998,42,15,241,4.228070175438597,249,3.5625,16
2025-11-13,2025-11-26,PNCB,8M5CL,14,27,2025-11-14 06:55:31,2025-11-25 22:47:59,0.3333333333333333,9,0.2222222222222222,6,0.2912621359223301,0.24271844660194175,103,0.08737864077669902,0.058252427184466014,7.864077669902912,6.553398058252427,9,6,1.1359223300970882,-0.5533980582524274,0.4444444444444444,1.0,1.0,1.0,0.4444444444444444,8.88888888888889,11.555555555555555,18,9,9.714285714285714,10.0,21,6,59.325687481888885,73.76248607488888,18,9,62.47280668409524,69.96596816366666,21,6,121,4.481481481481482,121,3.857142857142857,7
2025-11-27,2025-12-10,PNCB,8M5CL,14,45,2025-11-27 11:19:41,2025-12-10 08:01:22,0.35555555555555557,16,0.3111111111111111,14,0.3162393162393162,0.29914529914529914,117,0.13675213675213677,0.11965811965811966,14.23076923076923,13.461538461538462,16,14,1.76923076923077,0.5384615384615383,0.4444444444444444,1.0,1.0,1.0,0.0,12.068965517241379,7.8125,29,16,12.516129032258064,6.214285714285714,31,14,108.06651822537933,121.08020581512498,29,16,106.21141964948387,127.0470223174286,31,14,189,4.2,253,4.090909090909091,11
2025-12-11,2025-12-24,PNCB,8M5CL,14,14,2025-12-13 04:00:22,2025-12-23 18:39:16,0.14285714285714285,2,0.2857142857142857,4,0.27927927927927926,0.26126126126126126,111,0.018018018018018014,0.03603603603603603,3.9099099099099095,3.6576576576576576,2,4,-1.9099099099099095,0.3423423423423424,0.2857142857142857,1.0,0.6428571428571429,1.0,0.0,7.5,13.5,12,2,9.0,6.75,10,4,33.553398054999995,70.142699695,12,2,27.743124777000002,66.37373207,10,4,42,3.0,44,2.8,5
2025-12-25,2025-12-29,PNCB,8M5CL,14,23,2025-12-26 08:41:41,2025-12-29 03:30:58,0.08695652173913043,2,0.17391304347826086,4,0.21739130434782608,0.2608695652173913,46,0.043478260869565216,0.08695652173913043,5.0,6.0,2,4,-3.0,-2.0,0.8260869565217391,1.0,0.9130434782608695,1.0,0.7391304347826086,7.238095238095238,5.5,21,2,7.157894736842105,6.75,19,4,115.53895163714284,98.0,21,2,113.3436112268421,117.1973427675,19,4,197,8.565217391304348,197,4.6,5
2025-05-29,2025-06-11,PNCB,8M6CL,14,72,2025-06-01 11:33:49,2025-06-10 15:23:09,0.06944444444444445,5,0.1388888888888889,10,0.07602339181286549,0.13450292397660818,171,0.029239766081871343,0.05847953216374269,5.473684210526315,9.68421052631579,5,10,-0.47368421052631504,0.3157894736842106,0.0,0.16666666666666666,0.09722222222222222,0.7361111111111112,0.0,5.104477611940299,5.0,67,5,4.870967741935484,6.5,62,10,44.851179361417906,24.1650399338,67,5,44.3628449263871,37.5357831448,62,10,586,8.13888888888889,800,10.285714285714286,7
2025-06-12,2025-06-25,PNCB,8M6CL,14,59,2025-06-13 01:37:51,2025-06-23 19:47:49,0.1694915254237288,10,0.3898305084745763,23,0.17518248175182483,0.3284671532846715,137,0.072992700729927,0.1678832116788321,10.335766423357665,19.37956204379562,10,23,-0.33576642335766493,3.6204379562043805,0.0,0.4067796610169492,0.0,0.5932203389830508,0.0,6.1020408163265305,4.9,49,10,5.138888888888889,7.086956521739131,36,23,46.13566860326531,11.2,49,10,60.60132671,8.304347826086957,36,23,637,10.796610169491526,985,14.75,4
2025-06-26,2025-07-09,PNCB,8M6CL,14,58,2025-06-27 05:49:16,2025-07-09 09:57:53,0.08620689655172414,5,0.034482758620689655,2,0.08045977011494253,0.04597701149425287,87,0.05747126436781609,0.022988505747126436,4.666666666666667,2.6666666666666665,5,2,0.33333333333333304,-0.6666666666666665,0.0,0.3103448275862069,0.3448275862068966,0.7931034482758621,0.0,4.584905660377358,5.2,53,5,4.660714285714286,4.0,56,2,30.735849056603772,20.242397734399997,53,5,29.682356940571427,34.0,56,2,444,7.655172413793103,872,7.25,8
2025-07-10,2025-07-23,PNCB,8M6CL,14,113,2025-07-10 13:48:55,2025-07-23 23:06:58,0.07079646017699115,8,0.12389380530973451,14,0.06796116504854369,0.1650485436893204,206,0.038834951456310676,0.06796116504854369,7.679611650485437,18.650485436893206,8,14,0.3203883495145634,-4.650485436893206,0.0,0.2743362831858407,0.3008849557522124,0.5132743362831859,0.0,5.6571428571428575,4.5,105,8,5.656565656565657,5.0,99,14,48.85214251024762,49.67843024125,105,8,49.828325899818196,42.421295816,99,14,949,8.398230088495575,1379,7.533333333333333,15
2025-07-24,2025-08-06,PNCB,8M6CL,14,117,2025-07-24 20:42:36,2025-08-05 21:56:03,0.11965811965811966,14,0.23931623931623933,28,0.13194444444444445,0.2361111111111111,144,0.09722222222222222,0.19444444444444445,15.4375,27.625,14,28,-1.4375,0.375,0.11965811965811966,0.452991452991453,0.38461538461538464,0.6666666666666666,0.0,7.446601941747573,7.142857142857143,103,14,7.393258426966292,7.464285714285714,89,28,53.001054507359214,54.252770614,103,14,56.607290314449436,42.164234459571425,89,28,917,7.837606837606837,999,5.318181818181818,22
2025-08-07,2025-08-20,PNCB,8M6CL,14,96,2025-08-07 03:54:19,2025-08-20 22:33:45,0.07291666666666667,7,0.17708333333333334,17,0.08130081300813008,0.13821138211382114,123,0.05691056910569106,0.13821138211382114,7.804878048780488,13.26829268292683,7,17,-0.8048780487804876,3.7317073170731696,0.0,0.3229166666666667,0.4270833333333333,0.8125,0.0,7.258426966292135,8.285714285714286,89,7,7.025316455696203,8.764705882352942,79,17,56.458402211078635,62.40416504814285,89,7,55.21543965515189,64.6827776097647,79,17,940,9.791666666666666,1066,6.4,15
2025-08-21,2025-09-03,PNCB,8M6CL,14,265,2025-08-21 14:34:20,2025-09-03 21:27:42,0.14339622641509434,38,0.19622641509433963,52,0.11342592592592593,0.16898148148148148,432,0.08796296296296297,0.12037037037037038,30.05787037037037,44.780092592592595,38,52,7.94212962962963,7.219907407407405,0.0,0.1320754716981132,0.37735849056603776,0.6641509433962264,0.0,5.387665198237886,4.184210526315789,227,38,5.272300469483568,4.980769230769231,213,52,55.37545828915419,40.81251913542105,227,38,56.583698926131454,39.78417091380769,213,52,2011,7.588679245283019,2989,7.571428571428571,35
2025-09-04,2025-09-17,PNCB,8M6CL,14,149,2025-09-04 11:11:26,2025-09-17 07:50:29,0.12751677852348994,19,0.174496644295302,26,0.12745098039215685,0.19607843137254902,204,0.09313725490196079,0.12745098039215685,18.99019607843137,29.215686274509803,19,26,0.009803921568629193,-3.215686274509803,0.0,0.040268456375838924,0.5302013422818792,0.8456375838926175,0.0,5.538461538461538,6.157894736842105,130,19,5.32520325203252,7.0,123,26,65.16723380347693,56.37934866847368,130,19,63.400402232162605,67.10379017680769,123,26,1073,7.201342281879195,1167,5.730769230769231,26
2025-09-18,2025-10-01,PNCB,8M6CL,14,249,2025-09-18 04:08:23,2025-10-01 23:57:40,0.12449799196787148,31,0.1566265060240964,39,0.11824324324324324,0.15878378378378377,296,0.10472972972972973,0.13175675675675677,29.44256756756757,39.53716216216216,31,39,1.5574324324324316,-0.5371621621621614,0.10843373493975904,0.1646586345381526,0.41365461847389556,0.8112449799196787,0.0,6.371559633027523,5.290322580645161,218,31,6.080952380952381,7.076923076923077,210,39,90.47517890782109,89.57656632999999,218,31,91.30633874821905,85.28542105151283,210,39,1211,4.863453815261044,1381,4.016129032258065,62
2025-10-02,2025-10-15,PNCB,8M6CL,14,176,2025-10-02 03:27:46,2025-10-15 17:17:28,0.2159090909090909,38,0.2556818181818182,45,0.2237442922374429,0.2602739726027397,219,0.1735159817351598,0.2054794520547945,39.37899543378995,45.80821917808219,38,45,-1.378995433789953,-0.8082191780821901,0.44886363636363635,0.5056818181818182,0.6079545454545454,0.8977272727272727,0.0,5.884057971014493,5.368421052631579,138,38,5.595419847328245,6.288888888888889,131,45,98.97440493188407,96.97386684794738,138,38,96.02453394978626,105.87246385333333,131,45,676,3.840909090909091,922,3.8260869565217392,46
2025-10-16,2025-10-29,PNCB,8M6CL,14,231,2025-10-17 07:03:49,2025-10-29 22:04:58,0.12554112554112554,29,0.2554112554112554,59,0.11904761904761904,0.24489795918367346,294,0.09863945578231292,0.20068027210884354,27.5,56.57142857142857,29,59,1.5,2.4285714285714306,0.22510822510822512,0.3203463203463203,0.45021645021645024,0.8787878787878788,0.0,7.50990099009901,6.068965517241379,202,29,7.25,7.559322033898305,172,59,80.3125543173812,72.06584018437931,202,29,76.4747829137093,87.44716400508476,172,59,1565,6.774891774891775,1663,4.052631578947368,57
2025-10-30,2025-11-12,PNCB,8M6CL,14,100,2025-10-30 11:27:51,2025-11-12 03:38:14,0.13,13,0.15,15,0.12030075187969924,0.18045112781954886,133,0.09774436090225563,0.11278195488721804,12.030075187969924,18.045112781954884,13,15,0.9699248120300759,-3.0451127819548844,0.32,0.38,0.57,0.95,0.0,5.517241379310345,6.538461538461538,87,13,5.305882352941176,7.6,85,15,81.10542961113794,54.53918211738461,87,13,78.15134856142355,74.82114106493333,85,15,386,3.86,478,4.166666666666667,24
2025-11-13,2025-11-26,PNCB,8M6CL,14,70,2025-11-14 20:18:32,2025-11-26 23:50:48,0.1,7,0.2,14,0.11320754716981132,0.22641509433962265,106,0.0660377358490566,0.1320754716981132,7.9245283018867925,15.849056603773585,7,14,-0.9245283018867925,-1.849056603773585,0.05714285714285714,0.34285714285714286,0.7,1.0,0.12857142857142856,4.428571428571429,4.571428571428571,63,7,4.160714285714286,5.571428571428571,56,14,75.77203250714287,57.90394422714286,63,7,73.33897908517858,76.570202055,56,14,378,5.4,468,5.833333333333333,12
2025-11-27,2025-12-10,PNCB,8M6CL,14,77,2025-11-27 22:26:28,2025-12-10 14:24:52,0.07792207792207792,6,0.19480519480519481,15,0.1326530612244898,0.20918367346938777,196,0.030612244897959183,0.07653061224489796,10.214285714285715,16.107142857142858,6,15,-4.214285714285715,-1.1071428571428577,0.0,0.23376623376623376,0.922077922077922,1.0,0.05194805194805195,3.788732394366197,2.5,71,6,3.7419354838709675,3.466666666666667,62,15,92.22843961064788,73.72689099266667,71,6,91.7464071255484,86.82022110186668,62,15,353,4.584415584415584,543,4.277777777777778,18
2025-12-11,2025-12-24,PNCB,8M6CL,14,36,2025-12-11 16:03:06,2025-12-24 09:15:59,0.16666666666666666,6,0.08333333333333333,3,0.1949685534591195,0.2893081761006289,159,0.03773584905660377,0.018867924528301886,7.018867924528302,10.415094339622641,6,3,-1.018867924528302,-7.415094339622641,0.0,0.3333333333333333,0.8611111111111112,1.0,0.16666666666666666,10.366666666666667,9.666666666666666,30,6,10.515151515151516,7.333333333333333,33,3,58.41002573186666,80.38459632966668,30,6,61.35176817981817,70.0,33,3,122,3.388888888888889,144,3.6,10
2025-12-25,2025-12-29,PNCB,8M6CL,14,17,2025-12-28 11:41:35,2025-12-29 17:41:14,0.058823529411764705,1,0.35294117647058826,6,0.21052631578947367,0.42105263157894735,57,0.017543859649122806,0.10526315789473684,3.578947368421052,7.157894736842104,1,6,-2.578947368421052,-1.1578947368421044,0.0,0.0,0.23529411764705882,1.0,0.0,5.0,1.0,16,1,4.090909090909091,6.0,11,6,56.100405398125005,38.0,16,1,44.94173333545455,73.54123661333334,11,6,91,5.352941176470588,177,5.666666666666667,3
2025-03-20,2025-04-02,PXMG,8M5CL,14,7,2025-03-20 16:44:32,2025-03-22 22:47:00,0.14285714285714285,1,0.14285714285714285,1,0.07936507936507936,0.14285714285714285,126,0.007936507936507936,0.007936507936507936,0.5555555555555556,1.0,1,1,0.4444444444444444,0.0,0.0,0.8571428571428571,0.0,0.0,0.0,5.0,4.0,6,1,5.5,1.0,6,1,49.692614158999994,53.0,6,1,49.692614158999994,53.0,6,1,37,5.285714285714286,37,3.5,2
2025-04-03,2025-04-16,PXMG,8M5CL,14,12,2025-04-07 13:17:50,2025-04-13 07:35:49,0.16666666666666666,2,0.16666666666666666,2,0.07835820895522388,0.1455223880597015,268,0.007462686567164178,0.007462686567164178,0.9402985074626866,1.7462686567164178,2,2,1.0597014925373134,0.25373134328358216,0.0,1.0,0.5833333333333334,0.0,0.0,3.4,2.5,10,2,3.1,4.0,10,2,44.8656934202,65.0,10,2,45.1656934202,63.5,10,2,30,2.5,48,4.0,3
2025-04-17,2025-04-30,PXMG,8M5CL,14,4,2025-04-23 19:52:35,2025-04-23 19:52:35,0.25,1,0.0,0,0.057692307692307696,0.1282051282051282,156,0.00641025641025641,0.0,0.23076923076923078,0.5128205128205128,1,0,0.7692307692307692,-0.5128205128205128,0.0,1.0,0.25,0.0,0.0,3.3333333333333335,1.0,3,1,2.75,,4,0,39.0,43.0,3,1,40.0,,4,0,10,2.5,16,4.0,1
2025-05-01,2025-05-14,PXMG,8M5CL,14,4,2025-05-02 12:45:58,2025-05-02 12:45:58,0.0,0,0.0,0,0.1346153846153846,0.2403846153846154,104,0.0,0.0,0.5384615384615384,0.9615384615384616,0,0,-0.5384615384615384,-0.9615384615384616,0.0,1.0,0.5,0.0,0.0,1.5,,4,0,1.5,,4,0,55.0,,4,0,55.0,,4,0,8,2.0,16,4.0,1
2025-05-15,2025-05-28,PXMG,8M5CL,14,8,2025-05-18 12:05:26,2025-05-27 15:46:40,0.0,0,0.125,1,0.11188811188811189,0.15384615384615385,143,0.0,0.006993006993006993,0.8951048951048951,1.2307692307692308,0,1,-0.8951048951048951,-0.23076923076923084,0.0,1.0,0.0,0.0,0.0,9.625,,8,0,10.285714285714286,5.0,7,1,60.75,,8,0,62.0,52.0,7,1,22,2.75,22,2.6666666666666665,3
2025-06-12,2025-06-25,PXMG,8M5CL,14,11,2025-06-19 04:18:35,2025-06-19 04:18:35,0.18181818181818182,2,0.0,0,0.08333333333333333,0.2196969696969697,132,0.015151515151515152,0.0,0.9166666666666666,2.4166666666666665,2,0,1.0833333333333335,-2.4166666666666665,1.0,1.0,0.0,1.0,0.0,5.777777777777778,7.0,9,2,6.0,,11,0,24.0,24.0,9,2,24.0,,11,0,121,11.0,121,11.0,1
2025-06-26,2025-07-09,PXMG,8M5CL,14,39,2025-07-03 01:13:56,2025-07-09 23:43:39,0.07692307692307693,3,0.20512820512820512,8,0.06521739130434782,0.16847826086956522,184,0.016304347826086956,0.043478260869565216,2.543478260869565,6.570652173913043,3,8,0.45652173913043503,1.429347826086957,0.05128205128205128,1.0,0.9487179487179487,1.0,0.0,4.194444444444445,5.0,36,3,4.161290322580645,4.625,31,8,70.77777777777777,71.0,36,3,72.6774193548387,63.5,31,8,211,5.410256410256411,417,7.8,5
2025-07-10,2025-07-23,PXMG,8M5CL,14,18,2025-07-10 09:06:17,2025-07-14 17:31:06,0.16666666666666666,3,0.05555555555555555,1,0.0935672514619883,0.19298245614035087,171,0.017543859649122806,0.005847953216374269,1.6842105263157894,3.4736842105263155,3,1,1.3157894736842106,-2.4736842105263155,0.0,1.0,1.0,1.0,0.0,6.466666666666667,10.666666666666666,15,3,7.294117647058823,5.0,17,1,39.89427251066666,79.47136255333334,15,3,41.94373461235294,123.78468691,17,1,156,8.666666666666666,164,6.0,3
2025-07-24,2025-08-06,PXMG,8M5CL,14,8,2025-07-29 12:57:14,2025-08-04 11:08:21,0.125,1,0.5,4,0.029850746268656716,0.263681592039801,201,0.004975124378109453,0.01990049751243781,0.23880597014925373,2.109452736318408,1,4,0.7611940298507462,1.8905472636815919,0.25,1.0,0.75,1.0,0.0,10.285714285714286,17.0,7,1,8.0,14.25,4,4,71.14285714285714,60.0,7,1,89.5,50.0,4,4,24,3.0,24,2.6666666666666665,3
2025-09-04,2025-09-17,PXMG,8M5CL,14,28,2025-09-04 21:10:38,2025-09-16 15:11:48,0.21428571428571427,6,0.32142857142857145,9,0.1111111111111111,0.1736111111111111,144,0.041666666666666664,0.0625,3.1111111111111107,4.861111111111111,6,9,2.8888888888888893,4.138888888888889,0.5714285714285714,1.0,0.5714285714285714,1.0,0.0,13.909090909090908,11.666666666666666,22,6,14.0,12.222222222222221,19,9,104.80188311345455,120.71132341666667,22,6,101.34304472663158,122.7101687988889,19,9,62,2.2142857142857144,64,2.1538461538461537,13
2025-09-18,2025-10-01,PXMG,8M5CL,14,29,2025-09-22 07:44:00,2025-09-30 15:51:39,0.13793103448275862,4,0.1724137931034483,5,0.20103092783505155,0.27835051546391754,194,0.020618556701030927,0.025773195876288662,5.8298969072164954,8.072164948453608,4,5,-1.8298969072164954,-3.072164948453608,0.27586206896551724,1.0,0.7931034482758621,1.0,0.0,7.16,14.0,25,4,8.333333333333334,7.0,24,5,142.0292415872,164.46770514000002,25,4,144.2214693297917,149.457319265,24,5,59,2.0344827586206895,61,2.0714285714285716,14
2025-10-02,2025-10-15,PXMG,8M5CL,14,22,2025-10-04 04:16:37,2025-10-14 07:00:01,0.18181818181818182,4,0.36363636363636365,8,0.19285714285714287,0.20714285714285716,140,0.02857142857142857,0.05714285714285714,4.242857142857143,4.557142857142858,4,8,-0.24285714285714288,3.442857142857142,0.45454545454545453,1.0,0.9090909090909091,1.0,0.0,11.222222222222221,13.25,18,4,11.571428571428571,11.625,14,8,123.98436620822223,111.25369907800001,18,4,116.03840395635713,131.52446658387498,14,8,40,1.8181818181818181,44,2.0,11
2025-10-16,2025-10-29,PXMG,8M5CL,14,24,2025-10-17 17:00:28,2025-10-21 15:27:43,0.125,3,0.4583333333333333,11,0.15086206896551724,0.21982758620689655,232,0.01293103448275862,0.04741379310344827,3.6206896551724137,5.275862068965517,3,11,-0.6206896551724137,5.724137931034483,0.5,1.0,0.6666666666666666,1.0,0.0,10.80952380952381,11.333333333333334,21,3,12.076923076923077,9.454545454545455,13,11,96.38125235333334,127.26848858666665,21,3,97.84937076,103.06999502727272,13,11,88,3.6666666666666665,96,4.0,6
2025-10-30,2025-11-12,PXMG,8M5CL,14,10,2025-10-31 02:31:23,2025-11-09 18:54:04,0.4,4,0.3,3,0.21176470588235294,0.23529411764705882,85,0.047058823529411764,0.03529411764705882,2.1176470588235294,2.3529411764705883,4,3,1.8823529411764706,0.6470588235294117,0.2,1.0,1.0,1.0,0.0,11.0,15.5,6,4,13.0,12.333333333333334,7,3,105.99817633183333,96.37492771775,6,4,105.48662982314285,94.36078669999999,7,3,28,2.8,28,2.5,4
2025-11-13,2025-11-26,PXMG,8M5CL,14,72,2025-11-13 08:20:37,2025-11-26 19:11:41,0.2638888888888889,19,0.25,18,0.2912621359223301,0.24271844660194175,103,0.18446601941747573,0.17475728155339806,20.970873786407765,17.475728155339805,19,18,-1.9708737864077648,0.5242718446601948,0.7083333333333334,1.0,1.0,1.0,0.6388888888888888,7.867924528301887,8.526315789473685,53,19,8.166666666666666,7.666666666666667,54,18,70.7742617680566,66.273091067,53,19,67.77448444951852,75.02235798366667,54,18,234,3.25,240,2.88,25
2025-11-27,2025-12-10,PXMG,8M5CL,14,64,2025-11-29 22:32:54,2025-12-08 19:24:58,0.296875,19,0.328125,21,0.3162393162393162,0.29914529914529914,117,0.1623931623931624,0.17948717948717952,20.23931623931624,19.145299145299145,19,21,-1.2393162393162385,1.8547008547008552,0.515625,1.0,1.0,1.0,0.40625,8.155555555555555,7.7368421052631575,45,19,8.279069767441861,7.523809523809524,43,21,105.93897901691113,108.6037744895263,45,19,100.40149369141861,119.68864487290475,43,21,178,2.78125,192,2.56,25
2025-12-11,2025-12-24,PXMG,8M5CL,14,97,2025-12-11 23:05:58,2025-12-24 20:27:44,0.29896907216494845,29,0.25773195876288657,25,0.27927927927927926,0.26126126126126126,111,0.26126126126126126,0.2252252252252252,27.090090090090087,25.34234234234234,29,25,1.9099099099099135,-0.3423423423423415,0.24742268041237114,1.0,0.8247422680412371,1.0,0.08247422680412371,9.661764705882353,6.620689655172414,68,29,8.541666666666666,9.36,72,25,96.11892016735294,81.5153201992414,68,29,91.47438746263889,92.55499839392,72,25,267,2.752577319587629,309,2.7714285714285714,35
2025-12-25,2025-12-29,PXMG,8M5CL,14,23,2025-12-25 15:25:28,2025-12-29 16:43:11,0.34782608695652173,8,0.34782608695652173,8,0.21739130434782608,0.2608695652173913,46,0.17391304347826086,0.17391304347826086,5.0,6.0,8,8,3.0,2.0,0.2608695652173913,1.0,0.9130434782608695,1.0,0.0,7.133333333333334,6.75,15,8,6.066666666666666,8.75,15,8,94.37492121200002,153.81029974749998,15,8,100.89553926000002,141.5841409075,15,8,67,2.9130434782608696,73,2.875,8
2025-04-03,2025-04-16,PXMG,8M6CL,14,11,2025-04-09 03:31:34,2025-04-16 06:46:15,0.2727272727272727,3,0.36363636363636365,4,0.08791208791208792,0.21428571428571427,182,0.016483516483516484,0.02197802197802198,0.9670329670329672,2.357142857142857,3,4,2.032967032967033,1.6428571428571428,0.0,0.0,0.0,0.5454545454545454,0.0,2.75,3.0,8,3,3.5714285714285716,1.5,7,4,18.625,19.333333333333332,8,3,19.428571428571427,17.75,7,4,37,3.3636363636363638,53,3.6666666666666665,3
2025-04-17,2025-04-30,PXMG,8M6CL,14,24,2025-04-18 00:12:12,2025-04-26 17:11:34,0.08333333333333333,2,0.3333333333333333,8,0.14396887159533073,0.2140077821011673,257,0.007782101167315175,0.0311284046692607,3.4552529182879375,5.136186770428015,2,8,-1.4552529182879375,2.863813229571985,0.0,0.25,0.16666666666666666,0.0,0.0,3.727272727272727,3.5,22,2,3.8125,3.5,16,8,48.645215846,37.5,22,2,47.0075004598125,49.134342656875,16,8,94,3.9166666666666665,144,6.0,4
2025-05-01,2025-05-14,PXMG,8M6CL,14,4,2025-05-04 13:02:56,2025-05-04 13:02:56,0.25,1,0.0,0,0.140625,0.171875,128,0.0078125,0.0,0.5625,0.6875,1,0,0.4375,-0.6875,0.0,0.0,0.0,0.5,0.0,1.3333333333333333,2.0,3,1,1.5,,4,0,33.333333333333336,42.0,3,1,35.5,,4,0,8,2.0,16,4.0,1
2025-05-15,2025-05-28,PXMG,8M6CL,14,4,2025-05-23 09:37:02,2025-05-25 23:50:44,0.0,0,0.0,0,0.10975609756097561,0.17073170731707318,82,0.0,0.0,0.43902439024390244,0.6829268292682927,0,0,-0.43902439024390244,-0.6829268292682927,0.0,0.0,0.0,0.5,0.0,5.5,,4,0,5.5,,4,0,0.0,,4,0,0.0,,4,0,8,2.0,8,2.0,2
2025-05-29,2025-06-11,PXMG,8M6CL,14,6,2025-06-01 02:21:08,2025-06-09 12:24:56,0.16666666666666666,1,0.0,0,0.07602339181286549,0.13450292397660818,171,0.005847953216374269,0.0,0.45614035087719296,0.8070175438596491,1,0,0.543859649122807,-0.8070175438596491,0.0,0.0,0.0,0.5,0.0,4.0,3.0,5,1,3.8333333333333335,,6,0,17.04712086,0.0,5,1,14.205934050000002,,6,0,8,1.3333333333333333,12,2.0,3
2025-06-12,2025-06-25,PXMG,8M6CL,14,29,2025-06-12 17:30:44,2025-06-20 18:03:58,0.1724137931034483,5,0.3793103448275862,11,0.17518248175182483,0.3284671532846715,137,0.03649635036496351,0.08029197080291971,5.08029197080292,9.525547445255475,5,11,-0.08029197080291972,1.4744525547445253,0.13793103448275862,0.27586206896551724,0.20689655172413793,0.6551724137931034,0.0,3.4583333333333335,7.2,24,5,4.611111111111111,3.272727272727273,18,11,14.183532269833334,25.2,24,5,13.731533214222221,19.93065242,18,11,119,4.103448275862069,205,5.8,5
2025-07-10,2025-07-23,PXMG,8M6CL,14,72,2025-07-12 18:10:54,2025-07-23 15:44:19,0.06944444444444445,5,0.2222222222222222,16,0.06796116504854369,0.1650485436893204,206,0.024271844660194178,0.07766990291262135,4.893203883495145,11.883495145631068,5,16,0.10679611650485477,4.116504854368932,0.0,0.25,0.3611111111111111,0.9166666666666666,0.0,5.835820895522388,7.2,67,5,5.839285714285714,6.25,56,16,56.752435338940295,50.4,67,5,54.58126146744643,62.366407845750004,56,16,502,6.972222222222222,586,5.538461538461538,13
2025-07-24,2025-08-06,PXMG,8M6CL,14,9,2025-07-31 22:09:34,2025-08-06 05:37:59,0.2222222222222222,2,0.2222222222222222,2,0.13194444444444445,0.2361111111111111,144,0.013888888888888888,0.013888888888888888,1.1875,2.125,2,2,0.8125,-0.125,0.0,0.0,0.0,0.2222222222222222,0.0,11.714285714285714,9.0,7,2,11.714285714285714,9.0,7,2,46.42857142857143,87.0,7,2,46.42857142857143,87.0,7,2,33,3.6666666666666665,33,3.0,3
2025-08-07,2025-08-20,PXMG,8M6CL,14,17,2025-08-09 22:26:05,2025-08-10 20:54:57,0.17647058823529413,3,0.0,0,0.08130081300813008,0.13821138211382114,123,0.024390243902439025,0.0,1.3821138211382114,2.3495934959349594,3,0,1.6178861788617886,-2.3495934959349594,0.0,0.0,0.0,1.0,0.0,6.071428571428571,3.3333333333333335,14,3,5.588235294117647,,17,0,103.61543291500003,105.05983132400002,14,3,103.87032675188236,,17,0,169,9.941176470588236,169,8.5,2
2025-08-21,2025-09-03,PXMG,8M6CL,14,10,2025-08-24 21:52:43,2025-08-25 21:04:09,0.2,2,0.2,2,0.11342592592592593,0.16898148148148148,432,0.004629629629629629,0.004629629629629629,1.1342592592592593,1.6898148148148149,2,2,0.8657407407407407,0.3101851851851851,0.0,0.0,0.5,1.0,0.0,10.25,6.5,8,2,10.0,7.5,8,2,37.012031480625,2.0,8,2,37.012031480625,2.0,8,2,50,5.0,50,5.0,2
2025-09-04,2025-09-17,PXMG,8M6CL,14,40,2025-09-06 09:18:07,2025-09-16 15:05:38,0.15,6,0.3,12,0.12745098039215685,0.19607843137254902,204,0.029411764705882353,0.058823529411764705,5.098039215686274,7.8431372549019605,6,12,0.9019607843137258,4.1568627450980395,0.0,0.0,0.2,0.775,0.0,9.794117647058824,12.333333333333334,34,6,10.285714285714286,9.916666666666666,28,12,57.75541184791177,81.20025913766666,34,6,61.09872401682143,61.67677376533334,28,12,140,3.5,164,3.3333333333333335,12
2025-09-18,2025-10-01,PXMG,8M6CL,14,24,2025-09-20 03:20:56,2025-09-30 21:52:21,0.08333333333333333,2,0.16666666666666666,4,0.11824324324324324,0.15878378378378377,296,0.006756756756756757,0.013513513513513514,2.8378378378378377,3.8108108108108105,2,4,-0.8378378378378377,0.18918918918918948,0.0,0.0,0.3333333333333333,0.7916666666666666,0.0,8.227272727272727,13.0,22,2,8.3,10.25,20,4,84.99904821245454,54.0,22,2,84.42604907735,72.36451978175,20,4,46,1.9166666666666667,56,2.1818181818181817,11
2025-10-02,2025-10-15,PXMG,8M6CL,14,22,2025-10-04 04:51:37,2025-10-14 09:22:00,0.4090909090909091,9,0.22727272727272727,5,0.2237442922374429,0.2602739726027397,219,0.0410958904109589,0.0228310502283105,4.922374429223744,5.726027397260274,9,5,4.077625570776256,-0.7260273972602738,0.18181818181818182,0.18181818181818182,0.3181818181818182,0.7727272727272727,0.0,9.0,13.222222222222221,13,9,9.941176470588236,13.4,17,5,44.337072548923075,78.14675030933333,13,9,55.53621793235294,67.117398214,17,5,66,3.0,68,2.4444444444444446,9
2025-10-16,2025-10-29,PXMG,8M6CL,14,28,2025-10-19 05:48:37,2025-10-28 20:38:57,0.10714285714285714,3,0.25,7,0.11904761904761904,0.24489795918367346,294,0.01020408163265306,0.023809523809523808,3.333333333333333,6.857142857142857,3,7,-0.33333333333333304,0.14285714285714324,0.0,0.0,0.35714285714285715,0.5,0.0,7.4,10.666666666666666,25,3,8.142857142857142,6.571428571428571,21,7,69.08299081631999,100.60027128,25,3,67.031270866,88.74555658028571,21,7,106,3.7857142857142856,144,4.666666666666667,6
2025-10-30,2025-11-12,PXMG,8M6CL,14,10,2025-11-01 06:13:13,2025-11-10 14:14:50,0.0,0,0.5,5,0.12030075187969924,0.18045112781954886,133,0.0,0.03759398496240601,1.2030075187969924,1.8045112781954886,0,5,-1.2030075187969924,3.1954887218045114,0.0,0.0,0.4,0.6,0.0,13.6,,10,0,14.2,13.0,5,5,51.99905819120001,,10,0,36.399058191200005,67.5990581912,5,5,26,2.6,28,2.5,4
2025-11-13,2025-11-26,PXMG,8M6CL,14,30,2025-11-13 07:56:03,2025-11-26 22:30:19,0.13333333333333333,4,0.3,9,0.11320754716981132,0.22641509433962265,106,0.03773584905660377,0.08490566037735849,3.3962264150943398,6.7924528301886795,4,9,0.6037735849056602,2.2075471698113205,0.26666666666666666,0.6,0.9666666666666667,1.0,0.13333333333333333,8.115384615384615,4.0,26,4,7.095238095238095,8.666666666666666,21,9,52.41236182015385,93.9350145475,26,4,58.1272335384762,57.53217346733334,21,9,70,2.3333333333333335,84,2.5,12
2025-11-27,2025-12-10,PXMG,8M6CL,14,109,2025-11-27 04:56:34,2025-12-10 06:54:52,0.1834862385321101,20,0.23853211009174313,26,0.1326530612244898,0.20918367346938777,196,0.10204081632653061,0.1326530612244898,14.459183673469388,22.801020408163268,20,26,5.540816326530612,3.198979591836732,0.44036697247706424,0.6513761467889908,0.8348623853211009,1.0,0.48623853211009177,7.595505617977528,6.5,89,20,7.27710843373494,7.769230769230769,83,26,80.07547377347191,101.04395998150001,89,20,78.55228902589157,101.0675529353846,83,26,459,4.2110091743119265,483,3.2058823529411766,34
2025-12-11,2025-12-24,PXMG,8M6CL,14,123,2025-12-13 13:22:41,2025-12-24 17:30:15,0.2032520325203252,25,0.34959349593495936,43,0.1949685534591195,0.2893081761006289,159,0.15723270440251574,0.2704402515723271,23.9811320754717,35.58490566037736,25,43,1.0188679245283012,7.415094339622641,0.08130081300813008,0.43089430894308944,0.7154471544715447,1.0,0.04878048780487805,10.16326530612245,8.88,98,25,10.3875,9.0,80,43,78.65595118494899,66.30508761668,98,25,66.5708340022375,93.95915549681395,80,43,471,3.8292682926829267,569,3.727272727272727,33
2025-12-25,2025-12-29,PXMG,8M6CL,14,40,2025-12-26 01:26:13,2025-12-29 22:49:40,0.275,11,0.45,18,0.21052631578947367,0.42105263157894735,57,0.1929824561403509,0.3157894736842105,8.421052631578947,16.842105263157894,11,18,2.578947368421053,1.1578947368421062,0.05,0.05,0.75,1.0,0.0,6.344827586206897,6.7272727272727275,29,11,5.7272727272727275,7.333333333333333,22,18,101.97975484713794,88.66454827381817,29,11,99.08335307831817,97.38273076977777,22,18,100,2.5,144,3.076923076923077,13
2024-12-26,2025-01-08,PXSA,8M5CL,14,30,2024-12-26 20:03:08,2025-01-08 05:52:55,0.23333333333333334,7,0.36666666666666664,11,0.1506849315068493,0.273972602739726,73,0.0958904109589041,0.1506849315068493,4.520547945205479,8.21917808219178,7,11,2.479452054794521,2.78082191780822,0.0,0.0,0.0,0.0,0.0,4.521739130434782,5.142857142857143,23,7,4.7894736842105265,4.454545454545454,19,11,71.03190254465217,62.714285714285715,23,7,61.187707706789475,82.742482918,19,11,94,3.1333333333333333,108,3.0,10
2025-01-09,2025-01-22,PXSA,8M5CL,14,34,2025-01-12 22:35:11,2025-01-21 08:27:26,0.14705882352941177,5,0.29411764705882354,10,0.1323529411764706,0.29411764705882354,68,0.07352941176470588,0.14705882352941177,4.5,10.0,5,10,0.5,0.0,0.0,0.0,0.0,0.0,0.0,2.3793103448275863,5.2,29,5,2.8333333333333335,2.7,24,10,70.21919240068965,97.52817831999998,29,5,72.37590509058333,78.6975749046,24,10,92,2.7058823529411766,164,3.7777777777777777,9
2025-01-23,2025-02-05,PXSA,8M5CL,14,102,2025-01-24 03:35:37,2025-02-05 19:49:51,0.1568627450980392,16,0.1568627450980392,16,0.16891891891891891,0.17567567567567569,148,0.1081081081081081,0.1081081081081081,17.22972972972973,17.91891891891892,16,16,-1.2297297297297298,-1.9189189189189193,0.0,0.06862745098039216,0.0,0.21568627450980393,0.0,3.186046511627907,3.125,86,16,3.046511627906977,3.875,86,16,62.02212729237209,51.566339603125,86,16,61.222423008220936,55.8647501304375,86,16,408,4.0,634,3.642857142857143,28
2025-02-06,2025-02-19,PXSA,8M5CL,14,110,2025-02-06 03:10:57,2025-02-18 16:25:29,0.18181818181818182,20,0.15454545454545454,17,0.18235294117647058,0.16470588235294117,170,0.11764705882352942,0.1,20.058823529411764,18.11764705882353,20,17,-0.0588235294117645,-1.117647058823529,0.0,0.07272727272727272,0.0,0.5,0.0,3.2444444444444445,2.85,90,20,3.2580645161290325,2.7058823529411766,93,17,42.0919008909,47.266313736300006,90,20,41.73175617483871,50.14964886158823,93,17,520,4.7272727272727275,808,5.0,22
2025-02-20,2025-03-05,PXSA,8M5CL,14,73,2025-02-20 08:57:37,2025-03-04 15:57:41,0.1917808219178082,14,0.1506849315068493,11,0.2540983606557377,0.14754098360655737,122,0.11475409836065573,0.0901639344262295,18.549180327868854,10.770491803278688,14,11,-4.549180327868854,0.22950819672131217,0.0,0.2876712328767123,0.0,0.5616438356164384,0.0,3.3389830508474576,3.142857142857143,59,14,3.1451612903225805,4.181818181818182,62,11,52.32352948761017,67.2969506595,59,14,52.67846413116129,69.3800702609091,62,11,385,5.273972602739726,597,6.083333333333333,12
2025-03-06,2025-03-19,PXSA,8M5CL,14,80,2025-03-07 04:39:49,2025-03-19 10:34:39,0.175,14,0.225,18,0.15577889447236182,0.1507537688442211,199,0.07035175879396985,0.09045226130653267,12.462311557788945,12.060301507537687,14,18,1.5376884422110546,5.939698492462313,0.0,0.175,0.2,0.025,0.0,4.015151515151516,3.2857142857142856,66,14,3.725806451612903,4.444444444444445,62,18,57.422384209954544,59.7406822855,66,14,59.031871267709676,53.681716180888884,62,18,360,4.5,528,4.444444444444445,18
2025-03-20,2025-04-02,PXSA,8M5CL,14,86,2025-03-20 08:59:27,2025-03-30 03:50:10,0.09302325581395349,8,0.16279069767441862,14,0.07936507936507936,0.14285714285714285,126,0.06349206349206349,0.11111111111111112,6.825396825396825,12.285714285714285,8,14,1.1746031746031749,1.7142857142857153,0.0,0.9069767441860465,0.0,0.0,0.0,6.230769230769231,4.75,78,8,5.972222222222222,6.714285714285714,72,14,39.76998068582051,46.73566491725,78,8,39.69385916144444,44.14185380057142,72,14,876,10.186046511627907,884,8.6,10
2025-04-03,2025-04-16,PXSA,8M5CL,14,139,2025-04-04 15:16:02,2025-04-16 23:06:03,0.04316546762589928,6,0.19424460431654678,27,0.07835820895522388,0.1455223880597015,268,0.02238805970149254,0.10074626865671643,10.89179104477612,20.22761194029851,6,27,-4.89179104477612,6.772388059701491,0.0,0.9784172661870504,0.45323741007194246,0.0,0.0,4.56390977443609,4.0,133,6,4.0625,6.518518518518518,112,27,31.550690950015042,16.666666666666668,133,6,34.14501693171429,17.48148148148148,112,27,863,6.2086330935251794,1335,8.176470588235293,17
2025-04-17,2025-04-30,PXSA,8M5CL,14,50,2025-04-17 09:35:31,2025-04-30 08:11:34,0.04,2,0.24,12,0.057692307692307696,0.1282051282051282,156,0.012820512820512822,0.07692307692307693,2.8846153846153846,6.41025641025641,2,12,-0.8846153846153846,5.58974358974359,0.0,1.0,0.52,0.0,0.0,3.4166666666666665,4.0,48,2,3.473684210526316,3.3333333333333335,38,12,36.62710886772917,52.5,48,2,39.134242780289476,31.333333333333332,38,12,252,5.04,428,7.142857142857143,7
2025-05-01,2025-05-14,PXSA,8M5CL,14,35,2025-05-01 05:28:47,2025-05-08 04:23:38,0.14285714285714285,5,0.22857142857142856,8,0.1346153846153846,0.2403846153846154,104,0.04807692307692308,0.07692307692307693,4.711538461538462,8.413461538461538,5,8,0.2884615384615383,-0.4134615384615383,0.0,1.0,0.3142857142857143,0.2571428571428571,0.0,2.966666666666667,5.6,30,5,2.962962962962963,4.625,27,8,27.381002449533323,22.408669159000002,30,5,26.780803720407405,26.29896485375,27,8,131,3.742857142857143,201,5.0,7
2025-05-15,2025-05-28,PXSA,8M5CL,14,45,2025-05-15 02:04:45,2025-05-28 16:50:54,0.17777777777777778,8,0.2222222222222222,10,0.11188811188811189,0.15384615384615385,143,0.055944055944055944,0.06993006993006992,5.034965034965035,6.923076923076923,8,10,2.965034965034965,3.0769230769230766,0.0,1.0,0.4444444444444444,0.0,0.0,3.4054054054054053,3.5,37,8,3.1142857142857143,4.5,35,10,44.2972972972973,68.25,37,8,49.02857142857143,46.9,35,10,217,4.822222222222222,421,7.5,6
2025-05-29,2025-06-11,PXSA,8M5CL,14,36,2025-05-29 16:39:32,2025-06-10 07:49:37,0.0,0,0.4722222222222222,17,0.034482758620689655,0.29310344827586204,174,0.0,0.09770114942528735,1.2413793103448276,10.551724137931034,0,17,-1.2413793103448276,6.448275862068966,0.2777777777777778,1.0,0.0,0.8055555555555556,0.0,5.611111111111111,,36,0,5.157894736842105,6.117647058823529,19,17,24.666666666666668,,36,0,15.368421052631579,35.05882352941177,19,17,310,8.61111111111111,310,7.2,5
2025-06-12,2025-06-25,PXSA,8M5CL,14,22,2025-06-12 03:05:16,2025-06-17 15:57:56,0.22727272727272727,5,0.3181818181818182,7,0.08333333333333333,0.2196969696969697,132,0.03787878787878787,0.053030303030303025,1.8333333333333333,4.833333333333333,5,7,3.166666666666667,2.166666666666667,0.18181818181818182,1.0,0.0,0.18181818181818182,0.0,4.176470588235294,6.0,17,5,4.0,5.857142857142857,15,7,72.83614037647058,82.2,17,5,71.46666666666667,82.45919805714286,15,7,166,7.545454545454546,166,5.5,4
2025-06-26,2025-07-09,PXSA,8M5CL,14,20,2025-06-27 17:16:55,2025-07-02 01:31:19,0.1,2,0.1,2,0.06521739130434782,0.16847826086956522,184,0.010869565217391304,0.010869565217391304,1.3043478260869565,3.369565217391304,2,2,0.6956521739130435,-1.3695652173913042,0.0,1.0,1.0,1.0,0.0,3.0555555555555554,3.5,18,2,3.0,4.0,18,2,29.0,29.0,18,2,28.61111111111111,32.5,18,2,104,5.2,208,10.0,2
2025-07-10,2025-07-23,PXSA,8M5CL,14,22,2025-07-10 14:22:32,2025-07-23 22:16:15,0.18181818181818182,4,0.3181818181818182,7,0.0935672514619883,0.19298245614035087,171,0.023391812865497075,0.04093567251461988,2.0584795321637426,4.245614035087719,4,7,1.9415204678362574,2.754385964912281,0.0,1.0,1.0,1.0,0.0,4.222222222222222,5.5,18,4,4.266666666666667,4.857142857142857,15,7,38.5,10.75,18,4,32.666666666666664,35.142857142857146,15,7,166,7.545454545454546,170,4.4,5
2025-10-02,2025-10-15,PXSA,8M5CL,14,4,2025-10-06 21:49:57,2025-10-06 21:49:57,0.0,0,0.25,1,0.19285714285714287,0.20714285714285716,140,0.0,0.007142857142857143,0.7714285714285715,0.8285714285714286,0,1,-0.7714285714285715,0.17142857142857137,1.0,1.0,1.0,1.0,0.0,3.0,,4,0,2.6666666666666665,4.0,3,1,165.19336945,,4,0,165.19336945,165.19336945,3,1,16,4.0,16,4.0,1
2024-12-26,2025-01-08,PXSA,8M6CL,14,24,2024-12-29 05:34:59,2025-01-07 21:22:00,0.25,6,0.4166666666666667,10,0.2916666666666667,0.3541666666666667,48,0.125,0.20833333333333334,7.0,8.5,6,10,-1.0,1.5,0.0,0.0,0.0,0.0,0.0,4.111111111111111,5.333333333333333,18,6,3.5714285714285716,5.6,14,10,83.38263399833333,71.83478541800001,18,6,73.38572005164285,90.4496043755,14,10,44,1.8333333333333333,54,2.1818181818181817,11
2025-01-09,2025-01-22,PXSA,8M6CL,14,31,2025-01-09 00:48:32,2025-01-19 12:46:55,0.3225806451612903,10,0.25806451612903225,8,0.3013698630136986,0.3013698630136986,73,0.136986301369863,0.1095890410958904,9.342465753424657,9.342465753424657,10,8,0.6575342465753433,-1.3424657534246567,0.0,0.0,0.0,0.0,0.0,4.333333333333333,4.4,21,10,4.130434782608695,5.0,23,8,61.1585943347619,78.74818191220001,21,10,63.22475250356521,77.20537407124999,23,8,89,2.870967741935484,121,2.8181818181818183,11
2025-01-23,2025-02-05,PXSA,8M6CL,14,70,2025-01-23 16:49:20,2025-02-05 11:32:40,0.18571428571428572,13,0.24285714285714285,17,0.19444444444444445,0.21296296296296297,108,0.12037037037037038,0.1574074074074074,13.61111111111111,14.907407407407408,13,17,-0.6111111111111107,2.0925925925925917,0.0,0.0,0.0,0.2714285714285714,0.0,2.543859649122807,2.3076923076923075,57,13,2.2830188679245285,3.176470588235294,53,17,57.36149839696491,55.55475423838462,57,13,57.96448950907548,54.09995704382353,53,17,170,2.4285714285714284,292,3.1818181818181817,22
2025-02-06,2025-02-19,PXSA,8M6CL,14,106,2025-02-06 11:55:11,2025-02-19 19:32:43,0.2169811320754717,23,0.3113207547169811,33,0.20765027322404372,0.26229508196721313,183,0.12568306010928962,0.180327868852459,22.010928961748636,27.803278688524593,23,33,0.9890710382513639,5.196721311475407,0.0,0.04716981132075472,0.0,0.22641509433962265,0.0,2.63855421686747,2.782608695652174,83,23,2.7260273972602738,2.5454545454545454,73,33,47.23244926874698,41.19012468378261,83,23,45.5595609198767,46.72176393581818,73,33,304,2.8679245283018866,556,3.7857142857142856,28
2025-02-20,2025-03-05,PXSA,8M6CL,14,64,2025-02-20 00:10:36,2025-03-03 04:03:33,0.15625,10,0.140625,9,0.21929824561403508,0.13157894736842105,114,0.08771929824561403,0.07894736842105263,14.035087719298245,8.421052631578947,10,9,-4.035087719298245,0.5789473684210531,0.0,0.0625,0.171875,0.296875,0.0,3.2777777777777777,4.4,54,10,3.4727272727272727,3.3333333333333335,55,9,37.333333333333336,26.5,54,10,33.054545454545455,51.44444444444444,55,9,194,3.03125,308,4.0,16
2025-03-06,2025-03-19,PXSA,8M6CL,14,59,2025-03-08 13:42:11,2025-03-18 06:07:21,0.11864406779661017,7,0.1864406779661017,11,0.175,0.20625,160,0.043750000000000004,0.06875,10.325,12.16875,7,11,-3.3249999999999993,-1.1687499999999993,0.0,0.0,0.1016949152542373,0.11864406779661017,0.0,3.423076923076923,3.2857142857142856,52,7,3.4375,3.272727272727273,48,11,41.71062016167308,51.252534927,52,7,39.5463581906875,57.226799976636364,48,11,179,3.0338983050847457,291,4.214285714285714,14
2025-03-20,2025-04-02,PXSA,8M6CL,14,100,2025-03-20 00:29:44,2025-04-01 03:35:13,0.16,16,0.35,35,0.1386861313868613,0.30656934306569344,137,0.11678832116788321,0.2554744525547445,13.86861313868613,30.656934306569344,16,35,2.131386861313869,4.343065693430656,0.0,0.04,0.01,0.33,0.0,3.1904761904761907,3.1875,84,16,3.246153846153846,3.085714285714286,65,35,45.80284088826905,49.71368553124999,84,16,44.3940585733477,50.206965595628574,65,35,354,3.54,616,4.761904761904762,21
2025-04-03,2025-04-16,PXSA,8M6CL,14,74,2025-04-06 13:48:26,2025-04-16 17:16:23,0.05405405405405406,4,0.25675675675675674,19,0.08791208791208792,0.21428571428571427,182,0.02197802197802198,0.10439560439560439,6.505494505494506,15.857142857142856,4,19,-2.5054945054945064,3.142857142857144,0.0,0.02702702702702703,0.12162162162162163,0.6621621621621622,0.0,3.4,5.25,70,4,3.1636363636363636,4.473684210526316,55,19,22.2,30.25,70,4,22.272727272727273,23.68421052631579,55,19,344,4.648648648648648,700,8.222222222222221,9
2025-04-17,2025-04-30,PXSA,8M6CL,14,98,2025-04-17 01:05:36,2025-04-28 07:14:27,0.20408163265306123,20,0.19387755102040816,19,0.14396887159533073,0.2140077821011673,257,0.07782101167315175,0.07392996108949415,14.108949416342412,20.972762645914397,20,19,5.891050583657588,-1.972762645914397,0.0,0.30612244897959184,0.1326530612244898,0.25510204081632654,0.0,3.6153846153846154,2.5,78,20,3.037974683544304,4.842105263157895,79,19,35.23735992,34.925703688,78,20,33.64267228658228,41.539844046315785,79,19,490,5.0,766,6.533333333333333,15
2025-05-01,2025-05-14,PXSA,8M6CL,14,31,2025-05-04 13:21:19,2025-05-12 05:10:40,0.1935483870967742,6,0.1935483870967742,6,0.140625,0.171875,128,0.046875,0.046875,4.359375,5.328125,6,6,1.640625,0.671875,0.0,0.0967741935483871,0.1935483870967742,0.6451612903225806,0.0,2.8,1.6666666666666667,25,6,2.72,2.0,25,6,61.07337501555999,66.59994770633334,25,6,61.87605257759999,63.25545786450001,25,6,77,2.4838709677419355,145,3.875,8
2025-05-15,2025-05-28,PXSA,8M6CL,14,29,2025-05-15 15:26:06,2025-05-24 11:04:18,0.06896551724137931,2,0.13793103448275862,4,0.10975609756097561,0.17073170731707318,82,0.024390243902439022,0.048780487804878044,3.182926829268293,4.951219512195122,2,4,-1.1829268292682928,-0.9512195121951219,0.0,0.0,0.0,0.8620689655172413,0.0,3.074074074074074,2.0,27,2,2.96,3.25,25,4,27.25925925925926,33.0,27,2,28.68,21.25,25,4,101,3.4827586206896552,195,5.8,5
2025-05-29,2025-06-11,PXSA,8M6CL,14,33,2025-05-30 02:12:51,2025-06-11 16:34:09,0.06060606060606061,2,0.06060606060606061,2,0.07602339181286549,0.13450292397660818,171,0.011695906432748537,0.011695906432748537,2.508771929824561,4.43859649122807,2,2,-0.5087719298245612,-2.43859649122807,0.0,0.0,0.09090909090909091,0.8484848484848485,0.0,2.774193548387097,2.0,31,2,2.806451612903226,1.5,31,2,35.15659357445161,28.5,31,2,35.0275613163871,30.5,31,2,117,3.5454545454545454,229,6.6,5
2025-06-12,2025-06-25,PXSA,8M6CL,14,29,2025-06-14 13:30:11,2025-06-25 19:51:14,0.1724137931034483,5,0.27586206896551724,8,0.17518248175182483,0.3284671532846715,137,0.03649635036496351,0.058394160583941604,5.08029197080292,9.525547445255475,5,8,-0.08029197080291972,-1.5255474452554747,0.0,0.0,0.1724137931034483,0.6551724137931034,0.0,3.0833333333333335,2.0,24,5,3.0476190476190474,2.5,21,8,27.51805166625,34.374310402999996,24,5,29.217223236904765,27.342888003749998,21,8,121,4.172413793103448,209,5.8,5
2025-06-26,2025-07-09,PXSA,8M6CL,14,27,2025-06-30 23:15:02,2025-07-08 18:59:16,0.07407407407407407,2,0.07407407407407407,2,0.08045977011494253,0.04597701149425287,87,0.022988505747126436,0.022988505747126436,2.1724137931034484,1.2413793103448276,2,2,-0.1724137931034484,0.7586206896551724,0.0,0.0,0.0,0.7777777777777778,0.0,3.24,3.5,25,2,3.24,3.5,25,2,51.19346652784,44.0,25,2,50.95346652784,47.0,25,2,149,5.518518518518518,281,9.0,3
2025-07-10,2025-07-23,PXSA,8M6CL,14,3,2025-07-18 06:17:00,2025-07-18 06:17:00,0.0,0,0.3333333333333333,1,0.06796116504854369,0.1650485436893204,206,0.0,0.0048543689320388345,0.20388349514563106,0.49514563106796117,0,1,-0.20388349514563106,0.5048543689320388,0.0,0.0,0.0,0.0,0.0,1.3333333333333333,,3,0,1.0,2.0,2,1,87.33333333333333,,3,0,87.0,88.0,2,1,5,1.6666666666666667,9,3.0,1
2025-07-24,2025-08-06,PXSA,8M6CL,14,7,2025-07-25 16:57:20,2025-08-05 15:11:14,0.14285714285714285,1,0.42857142857142855,3,0.13194444444444445,0.2361111111111111,144,0.006944444444444444,0.020833333333333332,0.9236111111111112,1.6527777777777777,1,3,0.07638888888888884,1.3472222222222223,0.0,0.7142857142857143,1.0,1.0,0.0,4.666666666666667,4.0,6,1,4.75,4.333333333333333,4,3,53.90713707066667,33.0,6,1,48.680352803000005,53.90713707066667,4,3,29,4.142857142857143,29,3.5,2
2025-08-21,2025-09-03,PXSA,8M6CL,14,5,2025-08-30 20:27:58,2025-08-30 20:27:58,0.2,1,0.6,3,0.11342592592592593,0.16898148148148148,432,0.0023148148148148147,0.006944444444444444,0.5671296296296297,0.8449074074074074,1,3,0.43287037037037035,2.1550925925925926,0.0,1.0,1.0,1.0,0.0,3.0,3.0,4,1,3.5,2.6666666666666665,2,3,57.674187889,57.674187889,4,1,57.674187889,57.674187889,2,3,25,5.0,25,5.0,1
2025-10-02,2025-10-15,PXSA,8M6CL,14,4,2025-10-09 19:13:38,2025-10-09 19:13:38,0.5,2,0.25,1,0.2237442922374429,0.2602739726027397,219,0.0091324200913242,0.0045662100456621,0.8949771689497716,1.0410958904109588,2,1,1.1050228310502284,-0.041095890410958846,0.0,0.0,0.5,1.0,0.0,2.0,1.5,2,2,2.0,1.0,3,1,108.61653521,110.66706023,2,2,109.30004355,110.66706023,3,1,8,2.0,16,4.0,1
2025-02-20,2025-03-05,PXSB,8M5CL,14,6,2025-02-22 17:45:15,2025-03-02 11:01:16,0.16666666666666666,1,0.3333333333333333,2,0.2540983606557377,0.14754098360655737,122,0.008196721311475409,0.016393442622950817,1.5245901639344264,0.8852459016393442,1,2,-0.5245901639344264,1.1147540983606556,0.0,0.3333333333333333,0.0,0.0,0.0,2.6,1.0,5,1,2.0,3.0,4,2,43.6,38.0,5,1,41.5,45.0,4,2,20,3.3333333333333335,20,3.0,2
2025-03-06,2025-03-19,PXSB,8M5CL,14,18,2025-03-08 05:36:03,2025-03-17 09:45:14,0.16666666666666666,3,0.0,0,0.15577889447236182,0.1507537688442211,199,0.01507537688442211,0.0,2.8040201005025125,2.7135678391959797,3,0,0.1959798994974875,-2.7135678391959797,0.0,0.6666666666666666,0.7222222222222222,0.0,0.0,5.6,2.0,15,3,5.0,,18,0,26.196985966000003,75.084803914,15,3,34.344955623999994,,18,0,156,8.666666666666666,164,6.0,3
2025-03-20,2025-04-02,PXSB,8M5CL,14,4,2025-03-27 18:24:11,2025-03-27 18:24:11,0.25,1,0.25,1,0.07936507936507936,0.14285714285714285,126,0.007936507936507936,0.007936507936507936,0.31746031746031744,0.5714285714285714,1,1,0.6825396825396826,0.4285714285714286,0.0,1.0,0.0,0.0,0.0,4.333333333333333,8.0,3,1,4.333333333333333,8.0,3,1,78.18846672,78.18846672,3,1,78.18846672,78.18846672,3,1,16,4.0,16,4.0,1
2025-04-03,2025-04-16,PXSB,8M5CL,14,24,2025-04-03 09:20:48,2025-04-16 19:01:09,0.25,6,0.3333333333333333,8,0.07835820895522388,0.1455223880597015,268,0.022388059701492536,0.029850746268656712,1.8805970149253732,3.4925373134328357,6,8,4.119402985074627,4.507462686567164,0.0,1.0,0.25,0.0,0.0,4.277777777777778,3.3333333333333335,18,6,3.875,4.375,16,8,49.06573422733334,30.19353017883333,18,6,51.543144358187504,29.95676092925,16,8,60,2.5,88,3.0,8
2025-04-17,2025-04-30,PXSB,8M5CL,14,20,2025-04-17 00:34:37,2025-04-30 20:04:55,0.05,1,0.2,4,0.057692307692307696,0.1282051282051282,156,0.00641025641025641,0.02564102564102564,1.153846153846154,2.564102564102564,1,4,-0.15384615384615397,1.4358974358974361,0.2,1.0,0.3,0.2,0.0,7.368421052631579,4.0,19,1,6.6875,9.25,16,4,31.666156158473683,39.0,19,1,31.706815478750002,33.33697983775,16,4,52,2.6,72,2.857142857142857,7
2025-05-01,2025-05-14,PXSB,8M5CL,14,12,2025-05-02 06:33:04,2025-05-10 22:21:36,0.16666666666666666,2,0.5,6,0.1346153846153846,0.2403846153846154,104,0.019230769230769232,0.057692307692307696,1.6153846153846154,2.8846153846153846,2,6,0.3846153846153846,3.1153846153846154,0.0,1.0,0.25,0.5,0.0,4.9,11.0,10,2,2.5,9.333333333333334,6,6,42.0911062912,16.5,10,2,61.31851048533333,14.333333333333334,6,6,30,2.5,40,3.0,4
2025-05-15,2025-05-28,PXSB,8M5CL,14,64,2025-05-17 09:29:50,2025-05-28 15:11:11,0.09375,6,0.109375,7,0.11188811188811189,0.15384615384615385,143,0.04195804195804196,0.04895104895104895,7.160839160839161,9.846153846153847,6,7,-1.1608391608391608,-2.8461538461538467,0.28125,1.0,0.09375,0.28125,0.0,5.758620689655173,6.166666666666667,58,6,5.859649122807017,5.285714285714286,57,7,38.94827586206897,52.5,58,6,40.40350877192982,38.714285714285715,57,7,520,8.125,592,7.111111111111111,9
2025-05-29,2025-06-11,PXSB,8M5CL,14,16,2025-05-30 02:24:04,2025-05-31 17:29:44,0.125,2,0.25,4,0.034482758620689655,0.29310344827586204,174,0.011494252873563218,0.022988505747126436,0.5517241379310345,4.689655172413793,2,4,1.4482758620689655,-0.6896551724137927,0.0,1.0,0.375,0.25,0.0,4.785714285714286,4.5,14,2,5.083333333333333,3.75,12,4,46.42857142857143,39.0,14,2,40.666666666666664,60.0,12,4,88,5.5,160,8.0,2
2025-08-21,2025-09-03,PXSB,8M5CL,14,9,2025-08-30 20:12:43,2025-08-31 03:05:01,0.1111111111111111,1,0.3333333333333333,3,0.10509554140127389,0.1910828025477707,314,0.003184713375796178,0.009554140127388535,0.945859872611465,1.7197452229299364,1,3,0.05414012738853502,1.2802547770700636,0.0,1.0,1.0,1.0,0.0,5.5,1.0,8,1,6.166666666666667,2.6666666666666665,6,3,78.0,78.0,8,1,78.0,78.0,6,3,81,9.0,81,9.0,1
2025-02-20,2025-03-05,PXSB,8M6CL,14,14,2025-03-03 23:22:37,2025-03-05 02:41:01,0.21428571428571427,3,0.07142857142857142,1,0.21929824561403508,0.13157894736842105,114,0.02631578947368421,0.008771929824561403,3.070175438596491,1.8421052631578947,3,1,-0.070175438596491,-0.8421052631578947,0.0,0.42857142857142855,0.0,0.5714285714285714,0.0,3.4545454545454546,1.6666666666666667,11,3,3.1538461538461537,2.0,13,1,17.88176356589091,3.3333333333333335,11,3,15.199383751161538,9.1074104597,13,1,52,3.7142857142857144,52,3.5,4
2025-03-06,2025-03-19,PXSB,8M6CL,14,12,2025-03-14 01:05:30,2025-03-14 01:05:30,0.08333333333333333,1,0.16666666666666666,2,0.175,0.20625,160,0.0062499999999999995,0.012499999999999999,2.0999999999999996,2.4749999999999996,1,2,-1.0999999999999996,-0.47499999999999964,0.0,0.0,0.0,1.0,0.0,6.0,12.0,11,1,7.0,4.0,10,2,28.0,28.0,11,1,28.0,28.0,10,2,144,12.0,144,12.0,1
2025-03-20,2025-04-02,PXSB,8M6CL,14,17,2025-03-23 06:22:46,2025-04-02 12:03:53,0.11764705882352941,2,0.23529411764705882,4,0.1386861313868613,0.30656934306569344,137,0.014598540145985401,0.029197080291970802,2.3576642335766422,5.211678832116789,2,4,-0.35766423357664223,-1.2116788321167888,0.0,0.23529411764705882,0.23529411764705882,0.35294117647058826,0.0,4.666666666666667,3.0,15,2,5.3076923076923075,1.75,13,4,36.41386062266667,21.0,15,2,37.86214687230769,24.0,13,4,57,3.3529411764705883,65,3.4,5
2025-04-03,2025-04-16,PXSB,8M6CL,14,44,2025-04-04 22:26:39,2025-04-15 20:53:53,0.18181818181818182,8,0.25,11,0.08791208791208792,0.21428571428571427,182,0.04395604395604396,0.06043956043956044,3.8681318681318686,9.428571428571429,8,11,4.131868131868131,1.5714285714285712,0.0,0.13636363636363635,0.20454545454545456,0.5454545454545454,0.0,4.805555555555555,4.25,36,8,4.7272727272727275,4.636363636363637,33,11,24.97222222222222,29.875,36,8,27.848484848484848,19.90909090909091,33,11,156,3.5454545454545454,200,4.0,11
2025-04-17,2025-04-30,PXSB,8M6CL,14,63,2025-04-18 07:17:17,2025-04-29 15:38:08,0.2222222222222222,14,0.30158730158730157,19,0.14396887159533073,0.2140077821011673,257,0.05447470817120622,0.07392996108949415,9.070038910505836,13.482490272373541,14,19,4.929961089494164,5.517509727626459,0.0,0.0,0.2698412698412698,0.3968253968253968,0.0,4.0,3.642857142857143,49,14,3.840909090909091,4.105263157894737,44,19,37.21235601532653,25.714285714285715,49,14,33.9758045483409,36.23526550652632,44,19,227,3.6031746031746033,387,4.846153846153846,13
2025-05-01,2025-05-14,PXSB,8M6CL,14,34,2025-05-01 01:35:20,2025-05-11 22:17:04,0.14705882352941177,5,0.23529411764705882,8,0.140625,0.171875,128,0.0390625,0.0625,4.78125,5.84375,5,8,0.21875,2.15625,0.0,0.058823529411764705,0.4411764705882353,0.8529411764705882,0.0,4.896551724137931,5.0,29,5,4.153846153846154,7.375,26,8,30.538799790758617,19.2312325426,29,5,28.1838983325,31.125,26,8,86,2.5294117647058822,126,3.090909090909091,11
2025-05-15,2025-05-28,PXSB,8M6CL,14,11,2025-05-18 19:31:34,2025-05-24 12:21:33,0.18181818181818182,2,0.36363636363636365,4,0.10975609756097561,0.17073170731707318,82,0.024390243902439025,0.04878048780487805,1.2073170731707317,1.878048780487805,2,4,0.7926829268292683,2.1219512195121952,0.0,0.18181818181818182,0.45454545454545453,0.2727272727272727,0.0,2.7777777777777777,5.0,9,2,3.0,3.5,7,4,8.768098708888889,9.0,9,2,10.987555482857143,5.0,7,4,35,3.1818181818181817,45,3.6666666666666665,3
2025-05-29,2025-06-11,PXSB,8M6CL,14,20,2025-05-29 18:25:26,2025-05-31 13:51:32,0.1,2,0.3,6,0.07602339181286549,0.13450292397660818,171,0.011695906432748537,0.03508771929824561,1.5204678362573099,2.690058479532164,2,6,0.47953216374269014,3.309941520467836,0.0,0.4,0.0,0.5,0.0,3.8333333333333335,4.5,18,2,3.7142857142857144,4.333333333333333,14,6,74.32825698416666,39.0,18,2,67.99564884357143,77.32825698416667,14,6,92,4.6,112,4.0,5
2024-12-26,2025-01-08,PYZA,8M5CL,14,29,2024-12-30 19:18:41,2025-01-08 12:42:59,0.13793103448275862,4,0.27586206896551724,8,0.1506849315068493,0.273972602739726,73,0.0547945205479452,0.1095890410958904,4.36986301369863,7.945205479452055,4,8,-0.3698630136986303,0.054794520547945424,0.0,0.0,0.0,0.0,0.0,4.96,2.25,25,4,5.0,3.5,21,8,69.32020706556001,90.6114047925,25,4,75.76518902690476,63.0477282805,21,8,79,2.7241379310344827,89,2.6363636363636362,11
2025-01-09,2025-01-22,PYZA,8M5CL,14,24,2025-01-09 15:02:48,2025-01-22 03:20:48,0.125,3,0.4166666666666667,10,0.1323529411764706,0.29411764705882354,68,0.04411764705882353,0.14705882352941177,3.1764705882352944,7.0588235294117645,3,10,-0.17647058823529438,2.9411764705882355,0.0,0.0,0.0,0.08333333333333333,0.0,6.619047619047619,5.0,21,3,7.428571428571429,5.0,14,10,62.420123478428565,50.0,21,3,56.04803190971428,67.61501463110001,14,10,52,2.1666666666666665,56,2.1818181818181817,11
2025-01-23,2025-02-05,PYZA,8M5CL,14,24,2025-01-23 01:51:42,2025-02-05 16:08:05,0.2916666666666667,7,0.25,6,0.16891891891891891,0.17567567567567569,148,0.0472972972972973,0.04054054054054054,4.054054054054054,4.216216216216217,7,6,2.9459459459459456,1.7837837837837833,0.0,0.0,0.0,0.16666666666666666,0.0,3.4705882352941178,3.7142857142857144,17,7,3.7777777777777777,2.8333333333333335,18,6,50.39994252164706,62.795440922285714,17,7,51.86379607333333,60.469796667333334,18,6,42,1.75,64,2.4,10
2025-02-06,2025-02-19,PYZA,8M5CL,14,28,2025-02-08 11:53:47,2025-02-19 15:40:44,0.21428571428571427,6,0.17857142857142858,5,0.18235294117647058,0.16470588235294117,170,0.03529411764705882,0.029411764705882353,5.105882352941176,4.6117647058823525,6,5,0.8941176470588239,0.38823529411764746,0.0,0.17857142857142858,0.0,0.42857142857142855,0.0,4.636363636363637,6.166666666666667,22,6,5.217391304347826,3.8,23,5,46.09691170568182,67.721439708,22,6,51.404809074000006,47.6300174142,23,5,68,2.4285714285714284,96,2.8,10
2025-02-20,2025-03-05,PYZA,8M5CL,14,16,2025-02-20 14:47:23,2025-03-02 23:28:33,0.3125,5,0.1875,3,0.2540983606557377,0.14754098360655737,122,0.04098360655737705,0.02459016393442623,4.065573770491803,2.360655737704918,5,3,0.9344262295081966,0.639344262295082,0.0,0.0,0.0,0.75,0.0,4.7272727272727275,4.2,11,5,3.8461538461538463,7.666666666666667,13,3,26.514083157727274,30.680143555,11,5,25.74268574884615,36.800239258333335,13,3,34,2.125,56,2.6666666666666665,6
2025-03-06,2025-03-19,PYZA,8M5CL,14,66,2025-03-06 20:04:43,2025-03-18 11:44:06,0.15151515151515152,10,0.09090909090909091,6,0.15577889447236182,0.1507537688442211,199,0.05025125628140704,0.03015075376884422,10.28140703517588,9.949748743718592,10,6,-0.2814070351758797,-3.949748743718592,0.0,0.18181818181818182,0.16666666666666666,0.06060606060606061,0.0,5.053571428571429,4.4,56,10,4.716666666666667,7.333333333333333,60,6,52.889519314785716,35.9297673063,56,10,49.78010076324999,55.71745148266666,60,6,226,3.4242424242424243,428,4.125,16
2025-04-03,2025-04-16,PYZA,8M5CL,14,24,2025-04-03 07:51:04,2025-04-15 03:02:16,0.08333333333333333,2,0.0,0,0.07835820895522388,0.1455223880597015,268,0.007462686567164178,0.0,1.8805970149253732,3.4925373134328357,2,0,0.11940298507462677,-3.4925373134328357,0.0,1.0,0.25,0.0,0.0,5.0,5.0,22,2,5.0,,24,0,13.363636363636363,15.0,22,2,13.5,,24,0,216,9.0,288,12.0,2
2025-04-17,2025-04-30,PYZA,8M5CL,14,8,2025-04-27 01:41:01,2025-04-27 01:41:01,0.0,0,0.0,0,0.057692307692307696,0.1282051282051282,156,0.0,0.0,0.46153846153846156,1.0256410256410255,0,0,-0.46153846153846156,-1.0256410256410255,0.0,1.0,0.625,0.0,0.0,2.625,,8,0,2.625,,8,0,22.5,,8,0,22.5,,8,0,34,4.25,64,8.0,1
2025-05-01,2025-05-14,PYZA,8M5CL,14,16,2025-05-01 12:13:26,2025-05-02 07:02:44,0.125,2,0.0625,1,0.1346153846153846,0.2403846153846154,104,0.019230769230769232,0.009615384615384616,2.1538461538461537,3.8461538461538463,2,1,-0.15384615384615374,-2.8461538461538463,0.0,1.0,0.25,0.0,0.0,4.142857142857143,10.0,14,2,4.933333333333334,4.0,15,1,31.0,37.0,14,2,32.13333333333333,26.0,15,1,96,6.0,128,8.0,2
2025-05-29,2025-06-11,PYZA,8M5CL,14,4,2025-06-09 14:08:13,2025-06-09 14:08:13,0.0,0,1.0,4,0.034482758620689655,0.29310344827586204,174,0.0,0.022988505747126436,0.13793103448275862,1.1724137931034482,0,4,-0.13793103448275862,2.8275862068965516,0.0,1.0,0.0,1.0,0.0,8.5,,4,0,,8.5,0,4,19.0,,4,0,,19.0,0,4,16,4.0,16,4.0,1
2025-08-21,2025-09-03,PYZA,8M5CL,14,6,2025-08-24 08:05:02,2025-08-24 08:05:02,0.16666666666666666,1,0.3333333333333333,2,0.10509554140127389,0.1910828025477707,314,0.003184713375796178,0.006369426751592356,0.6305732484076434,1.1464968152866244,1,2,0.3694267515923566,0.8535031847133756,0.0,1.0,1.0,1.0,0.0,3.8,3.0,5,1,4.25,2.5,4,2,125.4,138.0,5,1,127.5,127.5,4,2,18,3.0,36,6.0,1
2024-12-26,2025-01-08,PYZA,8M6CL,14,16,2025-01-01 03:39:17,2025-01-08 12:45:42,0.4375,7,0.375,6,0.2916666666666667,0.3541666666666667,48,0.14583333333333331,0.125,4.666666666666667,5.666666666666667,7,6,2.333333333333333,0.33333333333333304,0.0,0.0,0.0,0.0,0.0,3.2222222222222223,4.285714285714286,9,7,4.1,3.0,10,6,74.85446157666667,87.89192157699999,9,7,83.06348238000001,76.38313023816666,10,6,28,1.75,32,2.0,8
2025-01-09,2025-01-22,PYZA,8M6CL,14,34,2025-01-09 03:58:51,2025-01-20 17:31:13,0.3235294117647059,11,0.38235294117647056,13,0.3013698630136986,0.3013698630136986,73,0.1506849315068493,0.1780821917808219,10.246575342465754,10.246575342465754,11,13,0.7534246575342465,2.7534246575342465,0.0,0.0,0.0,0.0,0.0,4.043478260869565,3.090909090909091,23,11,3.5238095238095237,4.076923076923077,21,13,86.12737215591304,93.06030828909091,23,11,86.55173221809524,91.30819801430769,21,13,92,2.7058823529411766,116,2.6153846153846154,13
2025-01-23,2025-02-05,PYZA,8M6CL,14,28,2025-01-23 06:57:37,2025-02-03 02:36:17,0.25,7,0.21428571428571427,6,0.19444444444444445,0.21296296296296297,108,0.06481481481481481,0.05555555555555555,5.444444444444445,5.962962962962963,7,6,1.5555555555555554,0.0370370370370372,0.0,0.0,0.0,0.0,0.0,3.4761904761904763,4.571428571428571,21,7,3.3636363636363638,5.166666666666667,22,6,61.41614137209523,50.869607202857146,21,7,60.84199456390909,51.217056471333336,22,6,50,1.7857142857142858,88,2.5454545454545454,11
2025-02-06,2025-02-19,PYZA,8M6CL,14,24,2025-02-07 15:10:59,2025-02-19 11:09:51,0.3333333333333333,8,0.25,6,0.20765027322404372,0.26229508196721313,183,0.04371584699453552,0.03278688524590164,4.983606557377049,6.295081967213115,8,6,3.0163934426229506,-0.29508196721311464,0.0,0.0,0.0,0.16666666666666666,0.0,4.8125,5.0,16,8,4.944444444444445,4.666666666666667,18,6,33.432161048750004,45.022504755875,16,8,45.39414526816667,13.0,18,6,70,2.9166666666666665,72,2.6666666666666665,9
2025-02-20,2025-03-05,PYZA,8M6CL,14,20,2025-02-21 14:46:59,2025-03-04 14:09:00,0.35,7,0.15,3,0.21929824561403508,0.13157894736842105,114,0.061403508771929814,0.02631578947368421,4.385964912280701,2.631578947368421,7,3,2.614035087719299,0.3684210526315792,0.0,0.0,0.1,0.4,0.0,3.4615384615384617,5.571428571428571,13,7,4.647058823529412,1.6666666666666667,17,3,35.73206968815384,35.714285714285715,13,7,35.42716800594117,37.418349948333336,17,3,42,2.1,72,2.857142857142857,7
2025-03-06,2025-03-19,PYZA,8M6CL,14,56,2025-03-07 04:12:22,2025-03-19 20:16:06,0.2857142857142857,16,0.21428571428571427,12,0.175,0.20625,160,0.09999999999999999,0.075,9.799999999999999,11.549999999999999,16,12,6.200000000000001,0.45000000000000107,0.0,0.07142857142857142,0.07142857142857142,0.21428571428571427,0.0,5.75,5.0,40,16,5.568181818181818,5.416666666666667,44,12,49.0167732184,50.9794367350625,40,16,50.568180389999995,45.94516494475,44,12,168,3.0,288,3.5,16
2025-03-20,2025-04-02,PYZA,8M6CL,14,4,2025-03-20 10:06:56,2025-03-22 00:02:57,0.25,1,0.25,1,0.1386861313868613,0.30656934306569344,137,0.0072992700729927005,0.0072992700729927005,0.5547445255474452,1.2262773722627738,1,1,0.44525547445255476,-0.22627737226277378,0.0,0.0,0.0,0.0,0.0,3.6666666666666665,5.0,3,1,3.6666666666666665,5.0,3,1,72.87970336533333,62.0,3,1,72.87970336533333,62.0,3,1,8,2.0,8,2.0,2
2025-04-17,2025-04-30,PYZA,8M6CL,14,25,2025-04-20 05:42:37,2025-04-20 05:42:37,0.04,1,0.24,6,0.14396887159533073,0.2140077821011673,257,0.0038910505836575876,0.023346303501945526,3.599221789883268,5.3501945525291825,1,6,-2.599221789883268,0.6498054474708175,0.0,0.0,0.52,1.0,0.0,6.875,4.0,24,1,6.315789473684211,8.166666666666666,19,6,28.5,29.0,24,1,28.57894736842105,28.333333333333332,19,6,313,12.52,625,25.0,1
2025-05-01,2025-05-14,PYZA,8M6CL,14,18,2025-05-01 23:33:38,2025-05-14 22:23:26,0.1111111111111111,2,0.2777777777777778,5,0.140625,0.171875,128,0.015625,0.0390625,2.53125,3.09375,2,5,-0.53125,1.90625,0.0,0.3333333333333333,0.0,0.2777777777777778,0.0,2.25,4.0,16,2,1.9230769230769231,3.8,13,5,42.625,33.0,16,2,46.61538461538461,28.4,13,5,44,2.4444444444444446,92,4.5,4
2025-05-15,2025-05-28,PYZA,8M6CL,14,13,2025-05-19 15:11:17,2025-05-21 11:50:44,0.0,0,0.23076923076923078,3,0.10975609756097561,0.17073170731707318,82,0.0,0.03658536585365854,1.4268292682926829,2.2195121951219514,0,3,-1.4268292682926829,0.7804878048780486,0.0,0.0,0.0,0.5384615384615384,0.0,2.4615384615384617,,13,0,2.7,1.6666666666666667,10,3,11.923076923076923,,13,0,10.7,16.0,10,3,45,3.4615384615384617,89,6.5,2
2025-05-29,2025-06-11,PYZA,8M6CL,14,4,2025-06-11 09:21:01,2025-06-11 09:21:01,0.0,0,0.25,1,0.07602339181286549,0.13450292397660818,171,0.0,0.005847953216374269,0.30409356725146197,0.5380116959064327,0,1,-0.30409356725146197,0.4619883040935673,0.0,0.0,0.0,1.0,0.0,4.25,,4,0,3.6666666666666665,6.0,3,1,50.0,,4,0,50.0,50.0,3,1,16,4.0,16,4.0,1
2025-09-04,2025-09-17,PYZB,8M5CL,14,4,2025-09-16 03:17:19,2025-09-16 03:17:19,0.0,0,0.25,1,0.1111111111111111,0.1736111111111111,144,0.0,0.006944444444444444,0.4444444444444444,0.6944444444444444,0,1,-0.4444444444444444,0.3055555555555556,1.0,1.0,1.0,1.0,0.0,13.5,,4,0,12.666666666666666,16.0,3,1,0.0,,4,0,0.0,0.0,3,1,16,4.0,16,4.0,1
2025-09-18,2025-10-01,PYZB,8M5CL,14,6,2025-09-28 11:08:22,2025-09-28 11:08:22,0.0,0,0.16666666666666666,1,0.20103092783505155,0.27835051546391754,194,0.0,0.005154639175257732,1.2061855670103094,1.6701030927835052,0,1,-1.2061855670103094,-0.6701030927835052,1.0,1.0,1.0,1.0,0.0,13.0,,6,0,13.0,13.0,5,1,3.5825463476000006,,6,0,3.5825463476,3.5825463476,5,1,36,6.0,36,6.0,1
2025-10-02,2025-10-15,PYZB,8M5CL,14,4,2025-10-09 11:32:33,2025-10-09 11:32:33,0.0,0,0.75,3,0.19285714285714287,0.20714285714285716,140,0.0,0.02142857142857143,0.7714285714285715,0.8285714285714286,0,3,-0.7714285714285715,2.1714285714285713,0.0,1.0,1.0,1.0,0.0,9.75,,4,0,5.0,11.333333333333334,1,3,158.40169657250001,,4,0,160.55748183,157.6831014866667,1,3,10,2.5,16,4.0,1
2025-10-02,2025-10-15,PYZB,8M6CL,14,8,2025-10-11 00:20:46,2025-10-11 05:55:04,0.0,0,0.5,4,0.2237442922374429,0.2602739726027397,219,0.0,0.0182648401826484,1.7899543378995433,2.0821917808219177,0,4,-1.7899543378995433,1.9178082191780823,0.0,0.5,1.0,1.0,0.0,14.25,,8,0,18.75,9.75,4,4,98.46782222,,8,0,108.20173333,88.73391111000001,4,4,32,4.0,32,4.0,2
2024-12-26,2025-01-08,X78C,8M5CL,14,10,2024-12-30 10:50:20,2025-01-06 10:42:01,0.0,0,0.0,0,0.1506849315068493,0.273972602739726,73,0.0,0.0,1.506849315068493,2.73972602739726,0,0,-1.506849315068493,-2.73972602739726,0.0,0.0,0.0,0.0,0.0,3.5,,10,0,3.5,,10,0,79.78487018170001,,10,0,79.78487018170001,,10,0,16,1.6,28,2.5,4
2025-01-09,2025-01-22,X78C,8M5CL,14,10,2025-01-10 05:41:19,2025-01-18 11:50:31,0.1,1,0.0,0,0.1323529411764706,0.29411764705882354,68,0.014705882352941178,0.0,1.3235294117647058,2.9411764705882355,1,0,-0.32352941176470584,-2.9411764705882355,0.0,0.0,0.0,0.0,0.0,4.111111111111111,1.0,9,1,3.8,,10,0,63.878797249444446,69.736454878,9,1,64.4645630123,,10,0,24,2.4,36,3.3333333333333335,3
2025-01-23,2025-02-05,X78C,8M5CL,14,18,2025-01-23 06:16:49,2025-02-05 01:41:58,0.1111111111111111,2,0.16666666666666666,3,0.16891891891891891,0.17567567567567569,148,0.013513513513513514,0.02027027027027027,3.0405405405405403,3.1621621621621623,2,3,-1.0405405405405403,-0.16216216216216228,0.0,0.0,0.0,0.0,0.0,3.5,7.0,16,2,3.7333333333333334,4.666666666666667,15,3,51.628577519375,30.5,16,2,46.18586079346667,64.75644280266667,15,3,40,2.2222222222222223,52,2.5714285714285716,7
2025-02-06,2025-02-19,X78C,8M5CL,14,10,2025-02-08 00:32:27,2025-02-11 02:28:18,0.2,2,0.2,2,0.18235294117647058,0.16470588235294117,170,0.011764705882352941,0.011764705882352941,1.8235294117647058,1.6470588235294117,2,2,0.17647058823529416,0.3529411764705883,0.0,0.0,0.0,0.4,0.0,3.375,4.0,8,2,3.625,3.0,8,2,29.755617808125,59.976936112,8,2,33.503827604250006,44.9840969275,8,2,14,1.4,20,2.0,5
2025-03-06,2025-03-19,X78C,8M5CL,14,25,2025-03-06 18:17:38,2025-03-09 18:11:12,0.08,2,0.24,6,0.15577889447236182,0.1507537688442211,199,0.010050251256281407,0.030150753768844216,3.8944723618090453,3.7688442211055273,2,6,-1.8944723618090453,2.2311557788944727,0.0,0.88,0.04,0.0,0.0,4.217391304347826,1.5,23,2,4.157894736842105,3.5,19,6,56.377000068565216,70.17102504799999,23,2,58.26384482489474,55.0,19,6,175,7.0,179,6.25,4
2025-04-03,2025-04-16,X78C,8M5CL,14,12,2025-04-15 06:40:09,2025-04-15 06:40:09,0.25,3,0.08333333333333333,1,0.07835820895522388,0.1455223880597015,268,0.011194029850746268,0.003731343283582089,0.9402985074626866,1.7462686567164178,3,1,2.0597014925373136,-0.7462686567164178,0.0,0.0,0.0,0.5,0.0,3.3333333333333335,4.0,9,3,3.4545454545454546,4.0,11,1,31.473687197333334,33.473700290000004,9,3,32.38278405763636,27.473661012,11,1,72,6.0,144,12.0,1
2025-04-17,2025-04-30,X78C,8M5CL,14,6,2025-04-19 19:56:44,2025-04-19 19:56:44,0.0,0,0.0,0,0.057692307692307696,0.1282051282051282,156,0.0,0.0,0.34615384615384615,0.7692307692307692,0,0,-0.34615384615384615,-0.7692307692307692,0.0,1.0,0.5,0.0,0.0,2.0,,6,0,2.0,,6,0,3.0,,6,0,3.0,,6,0,18,3.0,36,6.0,1
2025-05-01,2025-05-14,X78C,8M5CL,14,33,2025-05-11 00:11:57,2025-05-12 22:34:33,0.15151515151515152,5,0.2727272727272727,9,0.1346153846153846,0.2403846153846154,104,0.04807692307692307,0.08653846153846152,4.4423076923076925,7.9326923076923075,5,9,0.5576923076923075,1.0673076923076925,0.0,0.0,0.18181818181818182,0.6666666666666666,0.0,3.4642857142857144,2.2,28,5,3.0,4.0,24,9,47.456934220714295,80.096656604,28,5,56.192585595000004,42.2950429911111,24,9,183,5.545454545454546,365,11.0,3
2024-12-26,2025-01-08,X78C,8M6CL,14,6,2025-01-01 23:55:08,2025-01-08 15:30:08,0.16666666666666666,1,0.16666666666666666,1,0.2916666666666667,0.3541666666666667,48,0.020833333333333332,0.020833333333333332,1.75,2.125,1,1,-0.75,-1.125,0.0,0.0,0.0,0.0,0.0,2.6,2.0,5,1,2.0,5.0,5,1,65.47731764059999,74.0,5,1,67.27731764059999,65.0,5,1,6,1.0,12,2.0,3
2025-01-09,2025-01-22,X78C,8M6CL,14,6,2025-01-14 01:10:23,2025-01-19 21:42:20,0.16666666666666666,1,0.16666666666666666,1,0.3013698630136986,0.3013698630136986,73,0.0136986301369863,0.0136986301369863,1.8082191780821917,1.8082191780821917,1,1,-0.8082191780821917,-0.8082191780821917,0.0,0.0,0.0,0.0,0.0,3.2,1.0,5,1,2.6,4.0,5,1,97.37898815000001,58.708265308,5,1,97.37898815000001,58.708265308,5,1,10,1.6666666666666667,12,2.0,3
2025-01-23,2025-02-05,X78C,8M6CL,14,8,2025-01-27 10:18:37,2025-02-04 02:08:55,0.125,1,0.0,0,0.19444444444444445,0.21296296296296297,108,0.009259259259259259,0.0,1.5555555555555556,1.7037037037037037,1,0,-0.5555555555555556,-1.7037037037037037,0.0,0.0,0.0,0.0,0.0,2.857142857142857,3.0,7,1,2.875,,8,0,50.65118806842857,77.558316479,7,1,54.014579119749996,,8,0,14,1.75,16,2.0,4
2025-02-06,2025-02-19,X78C,8M6CL,14,14,2025-02-07 01:30:36,2025-02-15 18:18:43,0.21428571428571427,3,0.07142857142857142,1,0.20765027322404372,0.26229508196721313,183,0.01639344262295082,0.00546448087431694,2.907103825136612,3.6721311475409837,3,1,0.09289617486338786,-2.6721311475409837,0.0,0.0,0.0,0.42857142857142855,0.0,3.4545454545454546,3.6666666666666665,11,3,3.6153846153846154,2.0,13,1,35.21132951018182,52.624115923666665,11,3,36.486833357692305,70.868138733,13,1,20,1.4285714285714286,28,2.0,7
2025-03-06,2025-03-19,X78C,8M6CL,14,19,2025-03-07 07:26:31,2025-03-17 15:50:45,0.05263157894736842,1,0.3157894736842105,6,0.175,0.20625,160,0.0062499999999999995,0.0375,3.3249999999999997,3.9187499999999997,1,6,-2.3249999999999997,2.0812500000000003,0.0,0.0,0.0,0.0,0.0,2.611111111111111,3.0,18,1,2.5384615384615383,2.8333333333333335,13,6,45.13951643666667,0.0,18,1,40.672972911923075,47.2937746675,13,6,79,4.157894736842105,153,7.0,3
2025-05-01,2025-05-14,X78C,8M6CL,14,6,2025-05-03 21:52:42,2025-05-03 21:52:42,0.0,0,0.0,0,0.140625,0.171875,128,0.0,0.0,0.84375,1.03125,0,0,-0.84375,-1.03125,0.0,0.0,0.0,0.0,0.0,2.0,,6,0,2.0,,6,0,52.066207833,,6,0,52.066207833,,6,0,18,3.0,36,6.0,1
2025-05-15,2025-05-28,X78C,8M6CL,14,21,2025-05-23 12:22:21,2025-05-26 17:00:51,0.19047619047619047,4,0.14285714285714285,3,0.10975609756097561,0.17073170731707318,82,0.04878048780487805,0.036585365853658534,2.3048780487804876,3.5853658536585367,4,3,1.6951219512195124,-0.5853658536585367,0.0,0.0,0.0,1.0,0.0,3.0,3.75,17,4,3.111111111111111,3.3333333333333335,18,3,23.294117647058822,25.0,17,4,23.77777777777778,22.666666666666668,18,3,111,5.285714285714286,221,10.5,2
2025-05-29,2025-06-11,X78C,8M6CL,14,12,2025-06-04 21:11:10,2025-06-04 21:11:10,0.0,0,0.08333333333333333,1,0.07602339181286549,0.13450292397660818,171,0.0,0.005847953216374269,0.9122807017543859,1.6140350877192982,0,1,-0.9122807017543859,-0.6140350877192982,0.0,0.0,0.0,0.5,0.0,3.5,,12,0,3.272727272727273,6.0,11,1,38.0,,12,0,37.27272727272727,46.0,11,1,72,6.0,144,12.0,1
2024-12-26,2025-01-08,X78D,8M5CL,14,4,2024-12-31 18:55:20,2025-01-04 18:58:29,0.0,0,0.25,1,0.1506849315068493,0.273972602739726,73,0.0,0.0136986301369863,0.6027397260273972,1.095890410958904,0,1,-0.6027397260273972,-0.09589041095890405,0.0,0.0,0.0,0.0,0.0,3.5,,4,0,4.0,2.0,3,1,62.75,,4,0,67.33333333333333,49.0,3,1,6,1.5,8,2.0,2
2025-01-23,2025-02-05,X78D,8M5CL,14,4,2025-01-26 22:47:50,2025-02-04 12:48:10,0.0,0,0.25,1,0.16891891891891891,0.17567567567567569,148,0.0,0.006756756756756757,0.6756756756756757,0.7027027027027027,0,1,-0.6756756756756757,0.29729729729729726,0.0,0.0,0.0,0.0,0.0,2.0,,4,0,2.0,2.0,3,1,39.07520433375,,4,0,25.929919573333333,78.511058615,3,1,6,1.5,8,2.0,2
2025-02-06,2025-02-19,X78D,8M5CL,14,22,2025-02-09 05:41:13,2025-02-18 20:19:49,0.13636363636363635,3,0.18181818181818182,4,0.18235294117647058,0.16470588235294117,170,0.01764705882352941,0.023529411764705885,4.011764705882353,3.623529411764706,3,4,-1.011764705882353,0.3764705882352941,0.0,0.0,0.0,0.36363636363636365,0.0,3.0,4.666666666666667,19,3,3.5,2.0,18,4,43.19415509242105,57.056260339000005,19,3,44.53358668494444,47.563291861,18,4,44,2.0,76,3.142857142857143,7
2025-02-20,2025-03-05,X78D,8M5CL,14,25,2025-02-22 19:48:17,2025-03-04 13:45:34,0.44,11,0.08,2,0.2540983606557377,0.14754098360655737,122,0.09016393442622951,0.01639344262295082,6.352459016393443,3.6885245901639343,11,2,4.647540983606557,-1.6885245901639343,0.0,0.16,0.24,0.4,0.0,5.142857142857143,3.0,14,11,4.478260869565218,1.0,23,2,29.714285714285715,28.636363636363637,14,11,30.0,20.5,23,2,67,2.68,97,3.5714285714285716,7
2025-03-06,2025-03-19,X78D,8M5CL,14,10,2025-03-08 06:10:35,2025-03-16 18:26:50,0.2,2,0.0,0,0.15577889447236182,0.1507537688442211,199,0.010050251256281409,0.0,1.5577889447236182,1.507537688442211,2,0,0.4422110552763818,-1.507537688442211,0.0,0.8,0.0,0.0,0.0,6.375,1.5,8,2,5.4,,10,0,67.386256404875,26.1198043395,8,2,59.13296599179999,,10,0,36,3.6,36,3.3333333333333335,3
2025-03-20,2025-04-02,X78D,8M5CL,14,29,2025-03-24 01:34:39,2025-04-01 23:01:43,0.0,0,0.06896551724137931,2,0.07936507936507936,0.14285714285714285,126,0.0,0.015873015873015872,2.3015873015873014,4.142857142857142,0,2,-2.3015873015873014,-2.1428571428571423,0.0,0.7241379310344828,0.1724137931034483,0.06896551724137931,0.0,3.689655172413793,,29,0,3.5925925925925926,5.0,27,2,51.700099701724135,,29,0,50.900107087037036,62.5,27,2,125,4.310344827586207,209,4.833333333333333,6
2025-04-03,2025-04-16,X78D,8M5CL,14,57,2025-04-05 00:11:11,2025-04-15 22:10:46,0.03508771929824561,2,0.017543859649122806,1,0.07835820895522388,0.1455223880597015,268,0.007462686567164179,0.0037313432835820895,4.4664179104477615,8.294776119402986,2,1,-2.4664179104477615,-7.294776119402986,0.0,0.19298245614035087,0.0,0.03508771929824561,0.0,3.618181818181818,4.5,55,2,3.625,5.0,56,1,18.223473447381817,33.828615273,55,2,18.999076252714286,6.0,56,1,345,6.052631578947368,563,7.125,8
2025-04-17,2025-04-30,X78D,8M5CL,14,68,2025-04-17 01:37:23,2025-04-29 00:05:39,0.07352941176470588,5,0.058823529411764705,4,0.057692307692307696,0.1282051282051282,156,0.032051282051282055,0.02564102564102564,3.9230769230769234,8.717948717948717,5,4,1.0769230769230766,-4.717948717948717,0.0,0.7941176470588235,0.3088235294117647,0.0,0.0,3.5396825396825395,3.2,63,5,3.515625,3.5,64,4,23.668768383158728,8.1377688442,63,5,22.152685089890625,28.512351651750002,64,4,382,5.617647058823529,614,7.555555555555555,9
2025-05-01,2025-05-14,X78D,8M5CL,14,4,2025-05-11 05:10:14,2025-05-11 22:25:04,0.0,0,0.25,1,0.1346153846153846,0.2403846153846154,104,0.0,0.009615384615384616,0.5384615384615384,0.9615384615384616,0,1,-0.5384615384615384,0.038461538461538436,0.0,0.0,0.0,0.25,0.0,6.0,,4,0,5.666666666666667,7.0,3,1,27.236005139,,4,0,22.32401139,41.971986386,3,1,4,1.0,8,2.0,2
2025-05-15,2025-05-28,X78D,8M5CL,14,12,2025-05-15 21:52:56,2025-05-25 05:30:19,0.08333333333333333,1,0.16666666666666666,2,0.11188811188811189,0.15384615384615385,143,0.006993006993006993,0.013986013986013986,1.3426573426573427,1.8461538461538463,1,2,-0.3426573426573427,0.15384615384615374,0.0,0.3333333333333333,0.0,0.5833333333333334,0.0,5.363636363636363,12.0,11,1,6.8,1.5,10,2,30.915729061090907,55.0,11,1,35.5073019672,20.0,10,2,28,2.3333333333333335,40,3.0,4
2025-05-29,2025-06-11,X78D,8M5CL,14,42,2025-06-04 19:59:52,2025-06-11 22:54:16,0.023809523809523808,1,0.14285714285714285,6,0.034482758620689655,0.29310344827586204,174,0.005747126436781609,0.034482758620689655,1.4482758620689655,12.310344827586206,1,6,-0.4482758620689655,-6.310344827586206,0.0,0.5714285714285714,0.0,0.5714285714285714,0.0,5.195121951219512,2.0,41,1,5.083333333333333,5.333333333333333,36,6,57.48780487804878,17.0,41,1,58.611111111111114,44.0,36,6,380,9.047619047619047,468,10.5,4
2025-06-12,2025-06-25,X78D,8M5CL,14,8,2025-06-15 06:53:38,2025-06-20 04:51:12,0.0,0,0.25,2,0.08333333333333333,0.2196969696969697,132,0.0,0.015151515151515152,0.6666666666666666,1.7575757575757576,0,2,-0.6666666666666666,0.24242424242424243,0.0,0.0,0.25,0.75,0.0,3.625,,8,0,3.5,4.0,6,2,31.75,,8,0,28.333333333333332,42.0,6,2,14,1.75,24,2.6666666666666665,3
2025-06-26,2025-07-09,X78D,8M5CL,14,6,2025-06-30 20:53:17,2025-06-30 20:53:17,0.0,0,0.0,0,0.06521739130434782,0.16847826086956522,184,0.0,0.0,0.3913043478260869,1.0108695652173914,0,0,-0.3913043478260869,-1.0108695652173914,0.0,0.0,0.0,0.0,0.0,2.0,,6,0,2.0,,6,0,66.42290769850001,,6,0,66.42290769850001,,6,0,18,3.0,36,6.0,1
2025-07-10,2025-07-23,X78D,8M5CL,14,16,2025-07-11 01:40:37,2025-07-19 22:34:08,0.0,0,0.125,2,0.0935672514619883,0.19298245614035087,171,0.0,0.011695906432748537,1.4970760233918128,3.087719298245614,0,2,-1.4970760233918128,-1.0877192982456139,0.0,0.0,0.25,0.6875,0.0,2.75,,16,0,2.5714285714285716,4.0,14,2,14.875,,16,0,14.857142857142858,15.0,14,2,62,3.875,88,5.333333333333333,3
2025-07-24,2025-08-06,X78D,8M5CL,14,6,2025-07-24 16:00:56,2025-07-24 16:00:56,0.0,0,0.16666666666666666,1,0.029850746268656716,0.263681592039801,201,0.0,0.004975124378109453,0.1791044776119403,1.582089552238806,0,1,-0.1791044776119403,-0.5820895522388061,0.0,0.0,0.5,1.0,0.0,2.0,,6,0,2.0,2.0,5,1,102.06428677000001,,6,0,102.46771558999998,100.04714267,5,1,18,3.0,36,6.0,1
2025-08-07,2025-08-20,X78D,8M5CL,14,30,2025-08-09 23:34:14,2025-08-20 20:49:42,0.26666666666666666,8,0.1,3,0.1652892561983471,0.19008264462809918,121,0.06611570247933884,0.024793388429752067,4.958677685950414,5.702479338842975,8,3,3.0413223140495864,-2.7024793388429753,0.0,0.4666666666666667,0.4666666666666667,0.8,0.0,5.318181818181818,4.125,22,8,4.851851851851852,6.333333333333333,27,3,105.87875075090909,76.0406025225,22,8,91.64501055703704,154.41401722,27,3,228,7.6,300,6.0,5
2025-08-21,2025-09-03,X78D,8M5CL,14,65,2025-08-21 09:09:44,2025-09-03 17:59:54,0.12307692307692308,8,0.13846153846153847,9,0.10509554140127389,0.1910828025477707,314,0.025477707006369428,0.02866242038216561,6.8312101910828025,12.420382165605096,8,9,1.1687898089171975,-3.420382165605096,0.0,0.18461538461538463,0.4,0.7846153846153846,0.0,5.5964912280701755,4.375,57,8,5.714285714285714,3.7777777777777777,56,9,49.28209890626315,59.292283570875,57,8,51.170548804053574,46.42968591077778,56,9,631,9.707692307692307,703,9.285714285714286,7
2025-09-04,2025-09-17,X78D,8M5CL,14,6,2025-09-11 10:19:30,2025-09-17 09:40:27,0.0,0,0.0,0,0.1111111111111111,0.1736111111111111,144,0.0,0.0,0.6666666666666666,1.0416666666666665,0,0,-0.6666666666666666,-1.0416666666666665,0.0,1.0,1.0,1.0,0.0,6.833333333333333,,6,0,6.833333333333333,,6,0,158.49632627333332,,6,0,158.49632627333332,,6,0,12,2.0,12,2.0,3
2025-09-18,2025-10-01,X78D,8M5CL,14,14,2025-09-20 11:46:06,2025-09-27 12:42:23,0.21428571428571427,3,0.42857142857142855,6,0.20103092783505155,0.27835051546391754,194,0.015463917525773193,0.030927835051546386,2.814432989690722,3.8969072164948457,3,6,0.18556701030927814,2.1030927835051543,0.0,1.0,1.0,1.0,0.0,5.7272727272727275,6.0,11,3,5.875,5.666666666666667,8,6,154.37098493272728,134.30366187666667,11,3,150.70456848999999,149.22587866166668,8,6,46,3.2857142857142856,46,2.8,5
2025-10-02,2025-10-15,X78D,8M5CL,14,8,2025-10-09 19:48:19,2025-10-15 06:59:27,0.25,2,0.0,0,0.19285714285714287,0.20714285714285716,140,0.014285714285714285,0.0,1.542857142857143,1.6571428571428573,2,0,0.4571428571428571,-1.6571428571428573,0.0,1.0,1.0,1.0,0.0,5.333333333333333,3.0,6,2,4.75,,8,0,149.16357791666664,112.99928894,6,2,140.12250567249998,,8,0,24,3.0,24,2.6666666666666665,3
2025-10-16,2025-10-29,X78D,8M5CL,14,35,2025-10-16 07:40:23,2025-10-28 22:27:04,0.17142857142857143,6,0.08571428571428572,3,0.15086206896551724,0.21982758620689655,232,0.02586206896551724,0.01293103448275862,5.280172413793103,7.693965517241379,6,3,0.7198275862068968,-4.693965517241379,0.22857142857142856,1.0,1.0,1.0,0.0,4.0344827586206895,6.0,29,6,4.53125,2.6666666666666665,32,3,149.25433463068964,151.10971425,29,6,147.89115846593748,167.50563962666666,32,3,113,3.2285714285714286,137,3.888888888888889,9
2025-10-30,2025-11-12,X78D,8M5CL,14,18,2025-11-04 17:34:13,2025-11-11 07:26:56,0.1111111111111111,2,0.1111111111111111,2,0.21176470588235294,0.23529411764705882,85,0.023529411764705882,0.023529411764705882,3.8117647058823527,4.235294117647059,2,2,-1.8117647058823527,-2.235294117647059,0.2222222222222222,1.0,1.0,1.0,0.0,6.8125,7.0,16,2,6.9375,6.0,16,2,91.990160207875,99.56763498,16,2,95.56111458037499,71.0,16,2,52,2.888888888888889,52,2.5714285714285716,7
2025-11-13,2025-11-26,X78D,8M5CL,14,4,2025-11-16 17:35:15,2025-11-22 02:15:27,0.5,2,0.25,1,0.2912621359223301,0.24271844660194175,103,0.019417475728155338,0.009708737864077669,1.1650485436893203,0.970873786407767,2,1,0.8349514563106797,0.029126213592232997,0.0,1.0,1.0,1.0,0.0,5.5,2.0,2,2,4.0,3.0,3,1,55.0,148.0,2,2,86.0,148.0,3,1,8,2.0,8,2.0,2
2025-11-27,2025-12-10,X78D,8M5CL,14,8,2025-11-27 12:57:05,2025-11-30 04:50:30,0.25,2,0.0,0,0.3162393162393162,0.29914529914529914,117,0.017094017094017096,0.0,2.52991452991453,2.393162393162393,2,0,-0.5299145299145298,-2.393162393162393,0.25,1.0,1.0,1.0,0.25,5.5,9.5,6,2,6.5,,8,0,71.06369586433334,64.228418183,6,2,69.354876444,,8,0,24,3.0,24,2.6666666666666665,3
2025-02-06,2025-02-19,X78D,8M6CL,14,39,2025-02-06 08:43:47,2025-02-19 17:33:57,0.10256410256410256,4,0.20512820512820512,8,0.20765027322404372,0.26229508196721313,183,0.021857923497267756,0.04371584699453551,8.098360655737705,10.229508196721312,4,8,-4.0983606557377055,-2.229508196721312,0.0,0.0,0.0,0.6410256410256411,0.0,3.8857142857142857,2.25,35,4,3.838709677419355,3.25,31,8,37.9476054432,67.70828335325001,35,4,41.48811591393548,39.108466324125,31,8,91,2.3333333333333335,125,3.0,13
2025-02-20,2025-03-05,X78D,8M6CL,14,14,2025-02-23 21:34:49,2025-02-28 00:32:34,0.21428571428571427,3,0.07142857142857142,1,0.21929824561403508,0.13157894736842105,114,0.02631578947368421,0.008771929824561403,3.070175438596491,1.8421052631578947,3,1,-0.070175438596491,-0.8421052631578947,0.0,0.0,0.07142857142857142,0.5714285714285714,0.0,3.0,3.3333333333333335,11,3,3.076923076923077,3.0,13,1,46.09090909090909,41.0,11,3,46.07692307692308,31.0,13,1,28,2.0,44,2.8,5
2025-03-06,2025-03-19,X78D,8M6CL,14,14,2025-03-06 14:14:59,2025-03-18 01:51:30,0.21428571428571427,3,0.14285714285714285,2,0.175,0.20625,160,0.01875,0.012499999999999999,2.4499999999999997,2.8874999999999997,3,2,0.5500000000000003,-0.8874999999999997,0.0,0.0,0.35714285714285715,0.0,0.0,2.909090909090909,4.0,11,3,2.8333333333333335,5.0,12,2,51.63636363636363,45.333333333333336,11,3,50.25,50.5,12,2,30,2.142857142857143,52,3.5,4
2025-03-20,2025-04-02,X78D,8M6CL,14,15,2025-03-28 13:59:51,2025-04-02 02:32:40,0.0,0,0.06666666666666667,1,0.1386861313868613,0.30656934306569344,137,0.0,0.007299270072992701,2.0802919708029197,4.598540145985401,0,1,-2.0802919708029197,-3.5985401459854014,0.0,0.0,0.0,0.6,0.0,3.6,,15,0,3.5,5.0,14,1,45.252910365733335,,15,0,46.09977341021429,33.396827743,14,1,67,4.466666666666667,129,5.0,3
2025-04-03,2025-04-16,X78D,8M6CL,14,53,2025-04-04 11:41:04,2025-04-15 02:05:55,0.018867924528301886,1,0.09433962264150944,5,0.08791208791208792,0.21428571428571427,182,0.005494505494505495,0.027472527472527476,4.65934065934066,11.357142857142856,1,5,-3.6593406593406597,-6.357142857142856,0.0,0.0,0.03773584905660377,0.39622641509433965,0.0,3.2115384615384617,4.0,52,1,3.25,3.0,48,5,23.33509161896154,37.0,52,1,23.707637704291667,22.491630876,48,5,287,5.415094339622642,573,8.833333333333334,6
2025-04-17,2025-04-30,X78D,8M6CL,14,47,2025-04-19 03:50:20,2025-04-29 21:48:27,0.0,0,0.06382978723404255,3,0.14396887159533073,0.2140077821011673,257,0.0,0.011673151750972761,6.766536964980544,10.058365758754864,0,3,-6.766536964980544,-7.058365758754864,0.0,0.0,0.0851063829787234,0.46808510638297873,0.0,2.872340425531915,,47,0,2.7954545454545454,4.0,44,3,31.02127659574468,,47,0,30.795454545454547,34.333333333333336,44,3,167,3.5531914893617023,321,5.222222222222222,9
2025-05-01,2025-05-14,X78D,8M6CL,14,35,2025-05-03 07:51:40,2025-05-12 20:45:08,0.11428571428571428,4,0.08571428571428572,3,0.140625,0.171875,128,0.03125,0.0234375,4.921875,6.015625,4,3,-0.921875,-3.015625,0.0,0.0,0.45714285714285713,0.7714285714285715,0.0,3.064516129032258,4.5,31,4,3.09375,4.666666666666667,32,3,28.861509226258065,25.75,31,4,29.8033370629375,14.666666666666666,32,3,171,4.885714285714286,337,7.0,5
2025-05-15,2025-05-28,X78D,8M6CL,14,4,2025-05-19 16:37:57,2025-05-19 16:37:57,0.25,1,0.0,0,0.10975609756097561,0.17073170731707318,82,0.012195121951219513,0.0,0.43902439024390244,0.6829268292682927,1,0,0.5609756097560976,-0.6829268292682927,0.0,0.0,0.0,1.0,0.0,3.0,1.0,3,1,2.5,,4,0,30.01106722333333,38.677714854,3,1,32.177729131,,4,0,8,2.0,16,4.0,1
2025-05-29,2025-06-11,X78D,8M6CL,14,24,2025-06-07 04:32:47,2025-06-11 19:33:53,0.125,3,0.125,3,0.07602339181286549,0.13450292397660818,171,0.017543859649122806,0.017543859649122806,1.8245614035087718,3.2280701754385963,3,3,1.1754385964912282,-0.2280701754385963,0.0,0.0,0.0,0.5,0.0,3.5238095238095237,3.3333333333333335,21,3,3.5714285714285716,3.0,21,3,27.12429821019048,59.95670844066667,21,3,27.12429821019048,59.95670844066667,21,3,144,6.0,288,12.0,2
2025-06-12,2025-06-25,X78D,8M6CL,14,20,2025-06-14 04:19:03,2025-06-21 03:29:17,0.2,4,0.15,3,0.17518248175182483,0.3284671532846715,137,0.029197080291970802,0.0218978102189781,3.5036496350364965,6.56934306569343,4,3,0.4963503649635035,-3.56934306569343,0.0,0.6,0.0,0.4,0.0,4.6875,5.75,16,4,4.705882352941177,6.0,17,3,119.754043335625,136.3387244475,16,4,120.57939172352941,137.18997728666668,17,3,168,8.4,184,6.666666666666667,3
2025-07-10,2025-07-23,X78D,8M6CL,14,18,2025-07-11 13:42:34,2025-07-21 23:27:52,0.05555555555555555,1,0.16666666666666666,3,0.06796116504854369,0.1650485436893204,206,0.0048543689320388345,0.014563106796116505,1.2233009708737863,2.970873786407767,1,3,-0.2233009708737863,0.029126213592232997,0.0,0.0,0.1111111111111111,0.7777777777777778,0.0,3.2941176470588234,3.0,17,1,3.2,3.6666666666666665,15,3,53.270211507294114,30.2851087,17,1,50.1919136216,61.0,15,3,64,3.5555555555555554,92,4.5,4
2025-07-24,2025-08-06,X78D,8M6CL,14,11,2025-07-26 05:33:40,2025-08-02 14:01:40,0.18181818181818182,2,0.09090909090909091,1,0.13194444444444445,0.2361111111111111,144,0.01388888888888889,0.006944444444444445,1.4513888888888888,2.5972222222222223,2,1,0.5486111111111112,-1.5972222222222223,0.0,0.0,0.18181818181818182,0.7272727272727273,0.0,2.2222222222222223,3.5,9,2,2.4,3.0,10,1,46.77777777777778,40.5,9,2,44.7,55.0,10,1,27,2.4545454545454546,45,2.75,4
2025-08-07,2025-08-20,X78D,8M6CL,14,10,2025-08-09 04:46:15,2025-08-20 11:43:06,0.0,0,0.0,0,0.08130081300813008,0.13821138211382114,123,0.0,0.0,0.8130081300813008,1.3821138211382114,0,0,-0.8130081300813008,-1.3821138211382114,0.0,0.0,0.6,1.0,0.0,5.4,,10,0,5.4,,10,0,89.11603231640001,,10,0,89.11603231640001,,10,0,42,4.2,42,4.333333333333333,3
2025-08-21,2025-09-03,X78D,8M6CL,14,152,2025-08-21 16:55:33,2025-09-03 17:01:40,0.05263157894736842,8,0.10526315789473684,16,0.11342592592592593,0.16898148148148148,432,0.018518518518518517,0.037037037037037035,17.24074074074074,25.685185185185187,8,16,-9.24074074074074,-9.685185185185187,0.0,0.0,0.3815789473684211,0.5657894736842105,0.0,5.555555555555555,2.75,144,8,5.4411764705882355,5.125,136,16,45.771808546354166,54.974268318625,144,8,46.77253448848529,41.866867924375,136,16,1310,8.618421052631579,1612,9.058823529411764,17
2025-09-04,2025-09-17,X78D,8M6CL,14,4,2025-09-07 16:59:33,2025-09-14 05:47:34,0.0,0,0.0,0,0.12745098039215685,0.19607843137254902,204,0.0,0.0,0.5098039215686274,0.7843137254901961,0,0,-0.5098039215686274,-0.7843137254901961,0.0,0.0,0.0,1.0,0.0,3.75,,4,0,3.75,,4,0,41.5,,4,0,41.5,,4,0,8,2.0,8,2.0,2
2025-09-18,2025-10-01,X78D,8M6CL,14,23,2025-09-20 10:52:35,2025-10-01 09:27:51,0.08695652173913043,2,0.17391304347826086,4,0.11824324324324324,0.15878378378378377,296,0.006756756756756756,0.013513513513513513,2.7195945945945947,3.6520270270270268,2,4,-0.7195945945945947,0.34797297297297325,0.0,0.0,0.30434782608695654,0.4782608695652174,0.0,5.523809523809524,4.0,21,2,4.7368421052631575,8.5,19,4,92.84401139857144,128.553423315,21,2,93.56482562952631,107.27484975975,19,4,51,2.217391304347826,57,2.3,10
2025-10-02,2025-10-15,X78D,8M6CL,14,9,2025-10-02 11:24:57,2025-10-15 13:42:21,0.0,0,0.2222222222222222,2,0.2237442922374429,0.2602739726027397,219,0.0,0.0091324200913242,2.0136986301369864,2.3424657534246576,0,2,-2.0136986301369864,-0.34246575342465757,0.0,0.0,0.6666666666666666,0.7777777777777778,0.0,5.666666666666667,,9,0,4.571428571428571,9.5,7,2,94.91838432,,9,0,94.5511509457143,96.20370113,7,2,29,3.2222222222222223,29,3.0,3
2025-10-16,2025-10-29,X78D,8M6CL,14,35,2025-10-17 11:37:48,2025-10-29 08:03:33,0.08571428571428572,3,0.17142857142857143,6,0.11904761904761904,0.24489795918367346,294,0.01020408163265306,0.02040816326530612,4.166666666666666,8.571428571428571,3,6,-1.166666666666666,-2.571428571428571,0.0,0.0,0.6285714285714286,0.7714285714285715,0.0,3.625,3.6666666666666665,32,3,3.9655172413793105,2.0,29,6,67.27914578725,100.95867300333333,32,3,74.98254758589655,46.88580070183334,29,6,111,3.1714285714285713,145,3.888888888888889,9
2025-10-30,2025-11-12,X78D,8M6CL,14,23,2025-11-01 07:13:30,2025-11-12 06:08:56,0.13043478260869565,3,0.17391304347826086,4,0.12030075187969924,0.18045112781954886,133,0.022556390977443608,0.03007518796992481,2.7669172932330826,4.150375939849624,3,4,0.23308270676691745,-0.15037593984962427,0.0,0.21739130434782608,0.43478260869565216,1.0,0.0,5.7,3.0,20,3,5.157894736842105,6.25,19,4,93.63411562920001,114.37387359,20,3,93.25283859757894,111.0,19,4,69,3.0,85,3.2857142857142856,7
2025-11-13,2025-11-26,X78D,8M6CL,14,6,2025-11-17 12:49:59,2025-11-24 20:25:27,0.16666666666666666,1,0.16666666666666666,1,0.11320754716981132,0.22641509433962265,106,0.009433962264150943,0.009433962264150943,0.679245283018868,1.358490566037736,1,1,0.320754716981132,-0.358490566037736,0.0,0.0,0.3333333333333333,1.0,0.0,4.4,3.0,5,1,4.4,3.0,5,1,60.51671083639999,25.0,5,1,51.74842099519999,68.841449206,5,1,12,2.0,12,2.0,3
2025-11-27,2025-12-10,X78D,8M6CL,14,10,2025-12-10 13:57:42,2025-12-10 15:51:17,0.0,0,0.0,0,0.1326530612244898,0.20918367346938777,196,0.0,0.0,1.326530612244898,2.0918367346938775,0,0,-1.326530612244898,-2.0918367346938775,0.0,0.2,1.0,1.0,0.0,5.3,,10,0,5.3,,10,0,85.8727742394,,10,0,85.8727742394,,10,0,26,2.6,28,2.5,4
2025-09-04,2025-09-17,X78D2,8M6CL,14,11,2025-09-10 01:14:07,2025-09-10 01:14:07,0.09090909090909091,1,0.18181818181818182,2,0.12745098039215685,0.19607843137254902,204,0.004901960784313726,0.009803921568627453,1.4019607843137254,2.156862745098039,1,2,-0.4019607843137254,-0.1568627450980391,0.0,1.0,1.0,1.0,0.0,6.4,2.0,10,1,5.777777777777778,7.0,9,2,150.86303877999998,150.86303878,10,1,150.86303878,150.86303878,9,2,121,11.0,121,11.0,1
