YYMM,LOT,WAFER_ID,PRODUCT,ROUTE,LAYER,DEVICE,SUBENTITY,OPERATION,RECIPE,SUBENTITY_END_TIME,N_SCAN,S_SCAN,S_ORDER,SUM_NCDD,STATUS,CLASS,ZERO_NCDD,ZERO_NCDD_LOT,NC_RATE,INSPECT_TIME,INSPECT_TOOL,BEEP_NCDD,STATUS_BEEP,CLASS_BEEP,ZERO_BEEP,ZERO_BEEP_LOT,BP_RATE,SMP_NCDD,STATUS_SMP,CLASS_SMP,ZERO_SMP,ZERO_SMP_LOT,SP_RATE,STEPPER,RETICLE,SIF_SED,SIF_ETCH,SIF_DEFECT,ENTITY,LOT7,WAFER,SLOT,P_ORDER,SRCIP,CCMR2,ICCR2,CV,GF,TS,PILOT_STATUS,FULLPM,FULLPM_RF,MINIPM,MINIPM_RF,CNTR_SS,PL_RECIPE,PT_BTWN,PL_TIME,UPT_12HRS,UNW_12HRS,UP_12HRS,ROUTE_STARTS,DUV_OPC_VALUE,EQUIP_AMECT_CKV_CCM_SRCIP_DE_AMECT_VALUE,EQUIP_AMECT_GF_DE_AMECT_VALUE,EQUIP_AMECT_LIDS_DE_AMECT_VALUE,EQUIP_AMECT_LINERS_DE_AMECT_VALUE,EQUIP_AMECT_TEFLON_SHIM_DE_AMECT_VALUE,EQUIP_BARC_TBF_CIPAMC_8102_1100_LI_TBEBC_VALUE,EQUIP_BARC_TBF_CIPAMC_9110D_1000_LI_TBEBC_VALUE,EQUIP_BARC_TBF_CIPAMC_9825_280_LI_TBEBC_VALUE,EQUIP_BARC_TBF_LPCLEAN_LI_TBEBC_VALUE,EQUIP_HRVA3_LEOCB_WE_LEOCB_VALUE,EQUIP_HRVA_LEOCB_1278_WE_LEOCB_VALUE,EQUIP_KOH_TNPPFREE_DRUM_WE_LEOCB_VALUE,EQUIP_LEOCB_TNPP_FREE_NH4OH_WE_LEOCB_VALUE,EQUIP_LEOCB_TRC_NDTD_ER_PILOT_WE_LEOCB_VALUE,EQUIP_N58_XPR5_LI_SNYLI_VALUE,EQUIP_PROZ_HW_UPGRADE_LI_TBEBC_VALUE,EQUIP_R3HRVA_LEOCB_1278_WE_LEOCB_VALUE,EQUIP_TNPPFREEKOH_WE_LEOCB_WE_LEOCB_WE_LEOCB_WE_LEOCB_WE_LEOCB_WE_LEOCB_VALUE,EQUIP_TRC_PALL_STPS1_AND_HYBRID_CONFGURATION_FILTERS_PILOT_WW0626_WE_LEOCB_VALUE,MX_HME_DUV_VALUE,MX_HM_CLN_VALUE,PROCESS_80P_ROADRUNNER_DE_AMECT_VALUE,PROCESS_80P_ROADRUNNER_W78_DE_AMECT_VALUE,PROCESS_DELTRIM_WE_LEOCB_VALUE,PROCESS_DE_AMECT_VALUE
2604,D6021050,KJ7YR010WFA6,8PXMCVBG,FL,8M5CL,PXMG,AME401_PM1,263067.0,P_78_GABON_B10_R3,2026-04-12 18:01:43,2,2.0,8.5,0.003659,BSL,BSL,False,False,0.5,2026-04-12 20:20:29,BPD446,0.0,BSL,ZERO,True,True,0.0,0.003659,BSL,BSL,False,False,0.5,SNY510,8PXMCGMT51NA1,0,0,0,AME401,D602105,10,11.0,11.0,OFF,OFF,ON,ON,ON,OFF,ICCR2+CV+GF,11174.0,577.0,10921.0,549.0,507.0,P_78_THAR_R4,2.7601983333,04/12/2026 6:01:43 PM,5.5075016667,92.938443705,45.895847222,FL78.31YJC_SNIP_DLP2295515-1_21623,POR_REV4.2,CHECKVALVE,GF,USED(1),NEW,Without_TS,,POR_AMC,POR_AMC,PRE_LPCLEAN,non HRVA3,UNDEFINED,,UNDEFINED,UNDEFINED,NO_XPR5,,NON R3 HRVA,UNDEFINED,UNDEFINED,N|0,LEO,,,DELTRIM,GABON_B10_R3
2604,D5512300,MCKLH242WAG3,8PONCVBB,FL,8M6CL,PNCB,AME427_PM4,260463.0,P_78_GABON_R1,2026-04-11 21:06:54,2,1.0,3.0,0.003584,BSL,BSL,False,False,1.0,2026-04-11 22:46:59,BPD458,0.003584,BSL,BSL,False,False,1.0,0.0,BSL,ZERO,True,True,0.0,SNY512,8PXSCBMT60NA4,0,0,0,AME427,D551230,242,5.0,3.0,OFF,OFF,ON,ON,ON,ON,ICCR2+CV+GF,8976.0,488.0,8976.0,488.0,292.0,P_78_ROADRUNNER_R1,0.0367486111,04/11/2026 9:06:54 PM,6.6048155556,109.0,55.04012963,FL78.3FGTC_SNIP_DLP2295522-1_11367,POR_REV4.2,CHECKVALVE,GF,NEW,NEW,TS,,POR_AMC,POR_AMC,PRE_LPCLEAN,non HRVA3,UNDEFINED,,UNDEFINED,UNDEFINED,NO_XPR5,,NON R3 HRVA,,UNDEFINED,Y|1,LEO,POR_GABON,UNDEFINED,DELTRIM,GABON_R1
2604,D6015580,A25GX013SLH2,8PXMCVBG,FL,8M6CL,PXMG,AME403_PM1,260463.0,P_78_GABON_R1,2026-04-11 20:16:33,2,1.0,7.0,0.0,BSL,ZERO,True,True,0.0,2026-04-11 21:31:00,BPD448,0.0,BSL,ZERO,True,True,0.0,0.0,BSL,ZERO,True,True,0.0,SNY512,8PXMCGMT61NA2,0,0,0,AME403,D601558,13,13.0,7.0,OFF,OFF,ON,ON,ON,ON,ICCR2+CV+GF,3421.0,175.0,3421.0,175.0,468.0,P_78_ROADRUNNER_R1,0.3117455556,04/11/2026 8:16:33 PM,9.0332875,149.0818131,75.277395833,FL78.31YJC_SNIP_DLP2295515-1_20271,POR_REV4.2,CHECKVALVE,GF,NEW,NEW,TS,CIP_AMC,POR_AMC,POR_AMC,LPCLEAN_1,non HRVA3,UNDEFINED,,UNDEFINED,UNDEFINED,NO_XPR5,,NON R3 HRVA,,UNDEFINED,Y|1,LEO,POR_GABON,UNDEFINED,DELTRIM,GABON_R1
2604,D6031360,A26FX015SLH2,8PXMCVBG,FL,8M6CL,PXMG,AME427_PM3,256528.0,P_78_ROADRUNNER_R1,2026-04-11 20:16:01,2,1.0,1.0,0.0,BSL,ZERO,True,True,0.0,2026-04-11 21:56:31,BPD454,0.0,BSL,ZERO,True,True,0.0,0.0,BSL,ZERO,True,True,0.0,SNY512,8PXMCGMT61NA2,0,0,0,AME427,D603136,15,1.0,1.0,ON,OFF,ON,ON,ON,ON,SRCIP,11819.0,686.0,5701.0,272.0,738.0,P_78_THAR_R4,0.4665447222,04/11/2026 8:16:01 PM,6.50004,105.55375359,54.167,FL78.31YJC_SNIP_DLP2295515-1_22631,POR_REV4.2,CCMR2_SRCIP_CHECKVALVE,GF,NEW,RECOATED,TS,,POR_AMC,CIP_AMC,PRE_LPCLEAN|LPCLEAN_1,non HRVA3,UNDEFINED,,UNDEFINED,UNDEFINED,NO_XPR5,,NON R3 HRVA,,UNDEFINED,N|0,LEO,UNDEFINED,UNDEFINED,DELTRIM,ROADRUNNER_R1
2604,D5523290,A26GV236SLG2,8PXMCVBG,FL,8M6CL,PXMG,AME409_PM6,260463.0,P_78_GABON_R2,2026-04-11 17:45:05,4,4.0,10.25,0.0,BSL,ZERO,True,True,0.0,2026-04-11 20:14:21,BPD432,0.0,BSL,ZERO,True,True,0.0,0.0,BSL,ZERO,True,True,0.0,SNY512,8PXMCGMT61NA2,0,1,1,AME409,D552329,236,19.0,17.0,ON,OFF,ON,ON,OFF,ON,SRCIP,15824.0,904.0,104.0,7.0,103.0,P_78_PIL16E_1A_R3_A045_TEACH,52.599420833,04/11/2026 5:45:05 PM,0.0,0.0,0.0,FL78.31YJC_SNIP_DLP2295515-1_19413,POR_REV4.2,CCMR2_SRCIP_CHECKVALVE,Without_GF,USED(2),USED(2),Without_TS,,POR_AMC,CIP_AMC,PRE_LPCLEAN|LPCLEAN_1,non HRVA3,UNDEFINED,,UNDEFINED,UNDEFINED,NO_XPR5,,NON R3 HRVA,UNDEFINED,UNDEFINED,N|0,LEO,UNDEFINED,UNDEFINED,DELTRIM,UNDEFINED
2604,D5512920,KJ7HA011WFG5,8PXMCVBG,FL,8M6CL,PXMG,AME409_PM3,260463.0,P_78_GABON_R1,2026-04-11 16:58:36,2,2.0,4.5,0.0,BSL,ZERO,True,True,0.0,2026-04-11 19:43:17,BPD446,0.0,BSL,ZERO,True,True,0.0,0.0,BSL,ZERO,True,True,0.0,SNY512,8PXMCGMT61NA2,0,0,0,AME409,D551292,11,9.0,7.0,OFF,OFF,ON,ON,ON,OFF,ICCR2+CV+GF,12487.0,667.0,12487.0,667.0,161.0,M_30S_TIN2_L100,17.539440556,04/11/2026 4:58:36 PM,0.0,0.0,0.0,FL78.31YJC_SNIP_DLP2295515-1_18558,POR_REV4.2,CHECKVALVE,GF,NEW,USED(2),Without_TS,,CIP_AMC,CIP_AMC,LPCLEAN_1,non HRVA3,UNDEFINED,,UNDEFINED,UNDEFINED,NO_XPR5,,NON R3 HRVA,UNDEFINED,UNDEFINED,Y|1,LEO,POR_GABON,UNDEFINED,DELTRIM,GABON_R1
2604,D5512510,GT6ER561JKC7,8PXMCVBG,FL,8M5CL,PXMG,AME403_PM2,263067.0,P_78_GABON_B10_R3,2026-04-10 11:33:08,2,1.0,11.0,0.003692,BSL,BSL,False,False,1.0,2026-04-10 12:29:28,BPD442,0.003692,BSL,BSL,False,False,1.0,0.0,BSL,ZERO,True,True,0.0,SNY510,8PXMCGMT51NA1,0,0,0,AME403,D551251,561,24.0,11.0,OFF,OFF,ON,ON,OFF,ON,ICCR2+CV,10826.0,515.0,10826.0,515.0,579.0,P_78_GABON_B10_R3,0.7183391667,04/10/2026 11:33:08 AM,5.4591861111,87.0,45.493217593,FL78.31YJC_SNIP_DLP2295515-1_16891,POR_REV4.2,CHECKVALVE,Without_GF,NEW,NEW,TS,POR_AMC,POR_AMC,POR_AMC,LPCLEAN_1,non HRVA3,UNDEFINED,,UNDEFINED,UNDEFINED,NO_XPR5,,NON R3 HRVA,UNDEFINED,UNDEFINED,N|0,LEO,,,DELTRIM,GABON_B10_R3
2604,D5512560,GT8RR579JKD0,8PXMCVBG,FL,8M5CL,PXMG,AME417_PM1,263067.0,P_78_GABON_B10_R3,2026-04-09 22:56:15,4,2.0,10.0,0.003692,BSL,BSL,False,False,0.5,2026-04-10 00:52:02,BPD436,0.003692,BSL,BSL,False,False,0.5,0.0,BSL,ZERO,True,True,0.0,SNV440,8PXMCGMT51NA1,0,0,0,AME417,D551256,579,17.0,8.0,OFF,ON,ON,ON,ON,ON,CCMR2+ICCR2+CV+GF,6967.0,353.0,6967.0,353.0,317.0,P_78_GABON_B10_R3,0.8018347222,04/09/2026 10:56:15 PM,1.2418019444,16.0,10.348349537,FL78.31YJC_SNIP_DLP2295515-1_16891,POR_REV4.2,CCMR2_CHECKVALVE,GF,NEW,RECOATED,TS,POR_AMC,POR_AMC,POR_AMC,LPCLEAN_1|PRE_LPCLEAN,non HRVA3,UNDEFINED,,UNDEFINED,UNDEFINED,NO_XPR5,,NON R3 HRVA,,UNDEFINED,N|0,LEO,,,DELTRIM,GABON_B10_R3
2604,D6015580,A25GX013SLH2,8PXMCVBG,FL,8M5CL,PXMG,AME409_PM1,263067.0,P_78_GABON_B10_R3,2026-04-09 22:38:13,2,1.0,7.0,0.0,BSL,ZERO,True,True,0.0,2026-04-09 23:50:36,BPD444,0.0,BSL,ZERO,True,True,0.0,0.0,BSL,ZERO,True,True,0.0,SNV440,8PXMCGMT51NA1,0,0,0,AME409,D601558,13,13.0,7.0,OFF,OFF,ON,ON,ON,OFF,ICCR2+CV+GF,29887.0,1736.0,16465.0,815.0,503.0,P_78_GOBI_R5,0.9175202778,04/09/2026 10:38:13 PM,5.4462413889,81.0,45.385344907,FL78.31YJC_SNIP_DLP2295515-1_20271,POR_REV4.2,CHECKVALVE,GF,NEW,RECOATED,Without_TS,,POR_AMC,POR_AMC,PRE_LPCLEAN,non HRVA3,UNDEFINED,,UNDEFINED,UNDEFINED,NO_XPR5,,NON R3 HRVA,UNDEFINED,UNDEFINED,N|0,LEO,,,DELTRIM,GABON_B10_R3
2604,D5485180,A22JR056SLC2,8PXMCVBG,FL,8M5CL,PXMG,AME421_PM4,263067.0,P_78_GABON_B10_R3,2026-04-09 16:14:22,2,2.0,7.5,0.003659,BSL,BSL,False,False,1.0,2026-04-09 17:47:45,BPD436,0.0,BSL,ZERO,True,True,0.0,0.003659,BSL,BSL,False,False,1.0,SNY510,8PXMCGMT51NA1,0,0,0,AME421,D548518,56,25.0,12.0,OFF,OFF,ON,ON,OFF,ON,ICCR2+CV,9212.0,437.0,9212.0,437.0,884.0,P_78_ROADRUNNER_R1,0.9917383333,04/09/2026 4:14:22 PM,5.5357947222,86.669810448,46.131622685,FL78.31YJC_SNIP_DLP2295515-1_12101,POR_REV4.2,CHECKVALVE,Without_GF,USED(1),USED(2),TS,,POR_AMC,CIP_AMC,PRE_LPCLEAN|LPCLEAN_1,non HRVA3,UNDEFINED,,UNDEFINED,UNDEFINED,NO_XPR5,,NON R3 HRVA,UNDEFINED,UNDEFINED,N|0,LEO,,,DELTRIM,GABON_B10_R3
2604,D5523290,A26GV228SLC7,8PXMCVBG,FL,8M5CL,PXMG,AME401_PM3,263067.0,P_78_GABON_B10_R3,2026-04-09 14:56:25,2,2.0,19.5,0.003659,BSL,BSL,False,False,0.5,2026-04-09 15:47:52,BPD436,0.003659,BSL,BSL,False,False,0.5,0.0,BSL,ZERO,True,True,0.0,SNY510,8PXMCGMT51NA1,0,0,0,AME401,D552329,228,24.0,22.0,OFF,OFF,ON,ON,ON,ON,ICCR2+CV+GF,1816.0,112.0,1563.0,81.0,608.0,P_78_GABON_R1,1.2138886111,04/09/2026 2:56:25 PM,2.621985,45.112486119,21.849875,FL78.31YJC_SNIP_DLP2295515-1_19413,,,,,,,,,,,,,,,,,,,,,,,,,,
2604,D6015410,GT5VX305JKB6,8PXMCVBG,FL,8M6CL,PXMG,AME403_PM5,260463.0,P_78_GABON_R1,2026-04-09 09:07:20,2,1.0,2.0,0.003584,BSL,BSL,False,False,1.0,2026-04-09 10:51:05,BPD446,0.0,BSL,ZERO,True,True,0.0,0.003584,BSL,BSL,False,False,1.0,SNY510,8PXMCGMT61NA2,0,0,0,AME403,D601541,305,4.0,2.0,OFF,OFF,ON,ON,ON,OFF,ICCR2+CV+GF,27956.0,1611.0,13077.0,659.0,123.0,P_78_GABON_R1,0.3724072222,04/09/2026 9:07:20 AM,5.3926280556,87.213071743,44.93856713,FL78.31YJC_SNIP_DLP2295515-1_20271,POR_REV4.2,CHECKVALVE,GF,NEW,NEW,TS,POR_AMC,POR_AMC,CIP_AMC,LPCLEAN_1,non HRVA3,UNDEFINED,,UNDEFINED,UNDEFINED,NO_XPR5,,4hr R3 HRVA,,UNDEFINED,Y|1,LEO,POR_GABON,UNDEFINED,DELTRIM,GABON_R1
2604,D5512300,MCKLH242WAG3,8PONCVBB,FL,8M5CL,PNCB,AME419_PM5,263067.0,P_78_GABON_B10_R3,2026-04-08 22:51:12,2,1.0,3.0,0.0,BSL,ZERO,True,True,0.0,2026-04-09 00:22:02,BPD442,0.0,BSL,ZERO,True,True,0.0,0.0,BSL,ZERO,True,True,0.0,SNY511,8PXSCBMT50NA3,0,0,0,AME419,D551230,242,5.0,3.0,OFF,ON,ON,ON,OFF,ON,CCMR2+ICCR2+CV,6232.0,312.0,6232.0,312.0,494.0,M_CCM_R2_L100,1.1282472222,04/08/2026 10:51:12 PM,2.6131163889,44.12889347,21.775969907,FL78.3FGTC_SNIP_DLP2295522-1_11367,POR_REV4.2,CCMR2_CHECKVALVE,Without_GF,NEW,RECOATED,TS,,POR_AMC,CIP_AMC,PRE_LPCLEAN|LPCLEAN_1,non HRVA3,UNDEFINED,,UNDEFINED,UNDEFINED,NO_XPR5,,NON R3 HRVA,UNDEFINED,UNDEFINED,N|0,LEO,,,DELTRIM,GABON_B10_R3
2604,D6042340,KJ7YT070WFG3,8PXMCVBG,FL,8M5CL,PXMG,AME427_PM3,263067.0,P_78_GABON_B10_R3,2026-04-08 20:40:07,2,2.0,7.5,0.0,BSL,ZERO,True,True,0.0,2026-04-08 22:25:49,BPD442,0.0,BSL,ZERO,True,True,0.0,0.0,BSL,ZERO,True,True,0.0,SNY510,8PXMCGMT51NA1,0,1,0,AME427,D604234,70,9.0,9.0,ON,OFF,ON,ON,ON,ON,SRCIP,11254.0,660.0,5136.0,246.0,173.0,P_78_THAR_R4,0.1041802778,04/08/2026 8:40:07 PM,5.5613888889,92.487777219,46.344907407,FL78.31YJC_SNIP_DLP2295515-1_24697,POR_REV4.2,CCMR2_SRCIP_CHECKVALVE,GF,NEW,RECOATED,TS,,POR_AMC,POR_AMC,PRE_LPCLEAN|LPCLEAN_1,non HRVA3,UNDEFINED,,UNDEFINED,UNDEFINED,NO_XPR5,,NON R3 HRVA,UNDEFINED,UNDEFINED,N|0,LEO,,,DELTRIM,GABON_B10_R3
2604,D6026440,GT7EJ002JKF4,8PXMCVBG,FL,8M5CL,PXMG,AME411_PM4,263067.0,P_78_GABON_B10_R3,2026-04-08 20:12:56,2,1.0,3.0,0.00379,BSL,BSL,False,False,1.0,2026-04-08 22:07:37,BPD442,0.0,BSL,ZERO,True,True,0.0,0.00379,BSL,BSL,False,False,1.0,SNY510,8PXMCGMT51NA1,0,0,0,AME411,D602644,2,5.0,3.0,OFF,OFF,ON,ON,ON,ON,ICCR2+CV+GF,17546.0,947.0,17546.0,947.0,121.0,P_78_GABON_B10_R3,0.0165180556,04/08/2026 8:12:56 PM,4.9361191667,93.0,41.134326389,FL78.31YJC_SNIP_DLP2295515-1_21623,POR_REV4.2,CHECKVALVE,GF,NEW,NEW,Without_TS,,POR_AMC,CIP_AMC,PRE_LPCLEAN|LPCLEAN_1,non HRVA3,UNDEFINED,,UNDEFINED,UNDEFINED,NO_XPR5,,NON R3 HRVA,,UNDEFINED,N|0,LEO,,,DELTRIM,GABON_B10_R3
2604,D6028500,KJ7KR758WFE5,8PR8CVB,FL,8M6CL,PR8B,AME417_PM5,256528.0,P_78_ROADRUNNER_R1,2026-04-08 17:52:57,4,2.0,3.5,0.0,BSL,ZERO,True,True,0.0,2026-04-08 20:00:53,BPD448,0.0,BSL,ZERO,True,True,0.0,0.0,BSL,ZERO,True,True,0.0,SNY510,8PR8CBMT60NA1,0,0,1,AME417,D602850,758,1.0,1.0,OFF,OFF,ON,ON,ON,OFF,ICCR2+CV+GF,15388.0,745.0,15388.0,745.0,445.0,P_78_GABON_R1,0.03573,04/08/2026 5:52:57 PM,5.5397802778,93.729530091,46.164835648,FL78.6H0QE_SNIP_DLP2373829-1_218,REV4.5,CHECKVALVE,GF,USED(2),USED(2),Without_TS,CIP_AMC,POR_AMC,CIP_AMC,LPCLEAN_1,non HRVA3,UNDEFINED,,UNDEFINED,UNDEFINED,NO_XPR5,,NON R3 HRVA,,UNDEFINED,N|0,LEO,UNDEFINED,UNDEFINED,DELTRIM,ROADRUNNER_R1
2604,D6015410,GT5VX305JKB6,8PXMCVBG,FL,8M5CL,PXMG,AME411_PM1,263067.0,P_78_GABON_B10_R3,2026-04-07 08:02:20,2,1.0,2.0,0.011075,BSL,BSL,False,False,1.0,2026-04-07 09:15:06,BPD432,0.0,BSL,ZERO,True,True,0.0,0.011075,BSL,BSL,False,False,1.0,SNV442,8PXMCGMT51NA1,0,0,0,AME411,D601541,305,4.0,2.0,ON,OFF,ON,ON,ON,ON,SRCIP,17404.0,839.0,17404.0,839.0,845.0,P_78_GABON_R1,0.4475869444,04/07/2026 8:02:20 AM,4.1754747222,72.0,34.795622685,FL78.31YJC_SNIP_DLP2295515-1_20271,POR_REV4.2,CCMR2_SRCIP_CHECKVALVE,GF,NEW,USED(1),TS,,POR_AMC,POR_AMC,PRE_LPCLEAN|LPCLEAN_1,non HRVA3,UNDEFINED,,UNDEFINED,UNDEFINED,NO_XPR5,,NON R3 HRVA,,UNDEFINED,N|0,LEO,,,DELTRIM,GABON_B10_R3
2604,D6015670,5DXAN184MVB6,8PXMCVBG,FL,8M6CL,PXMG,AME417_PM1,260463.0,P_78_GABON_R1,2026-04-07 00:25:46,2,2.0,9.0,0.0,BSL,ZERO,True,True,0.0,2026-04-07 01:59:17,BPD450,0.0,BSL,ZERO,True,True,0.0,0.0,BSL,ZERO,True,True,0.0,SNY512,8PXMCGMT61NA2,0,0,0,AME417,D601567,184,24.0,12.0,OFF,ON,ON,ON,ON,ON,CCMR2+ICCR2+CV+GF,6604.0,336.0,6604.0,336.0,905.0,P_78_GABON_R1,0.3455394444,04/07/2026 12:25:46 AM,5.8993013889,92.567216059,49.160844907,FL78.31YJC_SNIP_DLP2295515-1_20271,POR_REV4.2,CCMR2_CHECKVALVE,GF,NEW,RECOATED,TS,,POR_AMC,POR_AMC,PRE_LPCLEAN|LPCLEAN_1,non HRVA3,UNDEFINED,,UNDEFINED,UNDEFINED,NO_XPR5,,NON R3 HRVA,,UNDEFINED,Y|1,LEO,POR_GABON,UNDEFINED,DELTRIM,GABON_R1
2604,D5523360,KJ7HC014WFF3,8PXMCVBG,FL,8M5CL,PXMG,AME419_PM5,263067.0,P_78_GABON_B10_R3,2026-04-06 15:46:07,2,1.0,3.0,0.058548,HIGHFLIER,HIGHFLIER,False,False,1.0,2026-04-06 17:17:24,BPD454,0.029274,HIGHFLIER,HIGHFLIER,False,False,1.0,0.029274,HIGHFLIER,HIGHFLIER,False,False,1.0,SNY510,8PXMCGMT51NA1,0,0,0,AME419,D552336,14,5.0,3.0,OFF,ON,ON,ON,OFF,ON,CCMR2+ICCR2+CV,5926.0,297.0,5926.0,297.0,188.0,P_78_THAR_R4,0.2897816667,04/06/2026 3:46:07 PM,6.0265877778,104.0,50.221564815,FL78.31YJC_SNIP_DLP2295515-1_19413,POR_REV4.2,CCMR2_CHECKVALVE,Without_GF,NEW,RECOATED,TS,,POR_AMC,POR_AMC,PRE_LPCLEAN,non HRVA3,UNDEFINED,,UNDEFINED,UNDEFINED,NO_XPR5,,NON R3 HRVA,UNDEFINED,UNDEFINED,N|0,LEO,,,DELTRIM,GABON_B10_R3
2604,D5512440,A26WA062SLA3,8PXMCVBG,FL,8M6CL,PXMG,AME421_PM6,260463.0,P_78_GABON_R1,2026-04-06 14:25:14,4,4.0,7.5,0.0,BSL,ZERO,True,False,0.5,2026-04-06 17:39:00,BPD458,0.0,BSL,ZERO,True,False,0.25,0.0,BSL,ZERO,True,False,0.25,SNY510,8PXMCGMT61NA2,0,1,1,AME421,D551244,62,5.0,5.0,ON,OFF,ON,ON,ON,OFF,SRCIP,15609.0,801.0,15609.0,801.0,862.0,P_78_GOBI_R5,2.2391266667,04/06/2026 2:25:14 PM,2.520175,36.0,21.001458333,FL78.31YJC_SNIP_DLP2295515-1_16891,POR_REV4.2,CCMR2_SRCIP_CHECKVALVE,GF,NEW,NEW,Without_TS,CIP_AMC,POR_AMC,POR_AMC,LPCLEAN_1,non HRVA3,UNDEFINED,,UNDEFINED,UNDEFINED,NO_XPR5,,NON R3 HRVA,UNDEFINED,UNDEFINED,Y|1,LEO,POR_GABON,UNDEFINED,DELTRIM,GABON_R1
2604,D5435390,KJ39G016WFH1,8PXMCVBG,FL,8M5CL,PXMG,AME417_PM6,263067.0,P_78_GABON_B10_R3,2026-04-05 21:34:59,2,2.0,7.0,0.0,BSL,ZERO,True,True,0.0,2026-04-05 22:28:20,BPD454,0.0,BSL,ZERO,True,True,0.0,0.0,BSL,ZERO,True,True,0.0,SNV442,8PXMCGMT51NA1,0,0,0,AME417,D543539,16,20.0,9.0,OFF,OFF,ON,ON,ON,ON,ICCR2+CV+GF,17968.0,853.0,17968.0,853.0,681.0,P_78_GABON_R1,0.3560980556,04/05/2026 9:34:59 PM,7.1344888889,116.39017796,59.454074074,FL78.31YBC_SNIP_DLP2295512-1_3247,POR_REV4.2,CHECKVALVE,GF,USED(1),USED(1),TS,,POR_AMC,POR_AMC,PRE_LPCLEAN,non HRVA3,UNDEFINED,,UNDEFINED,UNDEFINED,NO_XPR5,,NON R3 HRVA,,UNDEFINED,N|0,LEO,,,DELTRIM,GABON_B10_R3
2604,D5512330,5DXAB638MVC1,8PONCVBB,FL,8M6CL,PNCB,AME401_PM2,260463.0,P_78_GABON_R1,2026-04-05 19:50:33,4,4.0,13.25,0.003584,BSL,BSL,False,False,0.5,2026-04-05 21:27:39,BPD444,0.003584,BSL,BSL,False,False,0.5,0.0,BSL,ZERO,True,False,0.25,SNY511,8PXSCBMT60NA1,0,1,1,AME401,D551233,638,12.0,12.0,OFF,OFF,ON,ON,ON,OFF,ICCR2+CV+GF,8661.0,478.0,8314.0,419.0,445.0,P_78_GABON_B10_R3,0.0536025,04/05/2026 7:50:33 PM,5.1119980556,82.0,42.599983796,FL78.3FGTC_SNIP_DLP2295522-1_11367,POR_REV4.2,CHECKVALVE,GF,USED(1),NEW,Without_TS,CIP_AMC,POR_AMC,CIP_AMC,LPCLEAN_1,non HRVA3,UNDEFINED,,UNDEFINED,UNDEFINED,NO_XPR5,,NON R3 HRVA,UNDEFINED,UNDEFINED,Y|1,LEO,POR_GABON,UNDEFINED,DELTRIM,GABON_R1
2604,D5501650AM,KJ7KG244WFF4,8PXMCVBG,FL,8M6CL,PXMG,AME421_PM6,260463.0,P_78_GABON_R1,2026-04-03 14:58:19,4,4.0,8.5,0.003553,BSL,BSL,False,False,0.25,2026-04-03 15:35:14,BPD450,0.003553,BSL,BSL,False,False,0.25,0.0,BSL,ZERO,True,True,0.0,SNV442,8PXMCGMT61NA1,0,1,1,AME421,D550165,244,24.0,12.0,ON,OFF,ON,ON,ON,OFF,SRCIP,15338.0,787.0,15338.0,787.0,591.0,P_78_GOBI_R5,0.25097,04/03/2026 2:58:19 PM,7.3896030556,108.0,61.580025463,FL78.31YJC_SNIP_DLP2295515-1_15669,,,,,,,,,,,,,,,,,,,,,,,,,,
2604,D5501660,KJ7KY112WFF7,8PXMCVBG,FL,8M5CL,PXMG,AME421_PM6,263067.0,P_78_GABON_B10_R3,2026-04-03 03:19:16,4,4.0,13.5,0.0,BSL,ZERO,True,False,0.25,2026-04-03 04:50:25,BPD436,0.0,BSL,ZERO,True,True,0.0,0.0,BSL,ZERO,True,False,0.25,SNV442,8PXMCGMT51NA1,0,1,1,AME421,D550166,112,17.0,17.0,ON,OFF,ON,ON,ON,OFF,SRCIP,15243.0,782.0,15243.0,782.0,496.0,P_78_GOBI_R5,0.8070158333,04/03/2026 3:19:16 AM,3.1890344444,48.0,26.575287037,FL78.31YJC_SNIP_DLP2295515-1_15669,POR_REV4.2,CCMR2_SRCIP_CHECKVALVE,GF,NEW,NEW,Without_TS,,CIP_AMC,CIP_AMC,LPCLEAN_1,non HRVA3,UNDEFINED,,UNDEFINED,UNDEFINED,NO_XPR5,,NON R3 HRVA,UNDEFINED,UNDEFINED,N|0,LEO,,,DELTRIM,GABON_B10_R3
2604,D6026110,KJD2F006WFF6,8PONCVBB,FL,8M5CL,PNCB,AME403_PM6,263067.0,P_78_GABON_B10_R3,2026-04-13 19:39:36,4,2.0,7.5,0.0,BSL,ZERO,True,True,0.0,2026-04-13 21:04:26,BPD448,0.0,BSL,ZERO,True,True,0.0,0.0,BSL,ZERO,True,True,0.0,SNV440,8PXSCBMT50NA2,0,0,1,AME403,D602611,6,8.0,4.0,OFF,OFF,ON,ON,OFF,ON,ICCR2+CV,6215.0,298.0,6215.0,298.0,903.0,P_78_ROADRUNNER_R1,0.0583436111,04/13/2026 7:39:36 PM,6.1702733333,94.434330998,51.418944444,FL78.3FGTC_SNIP_DLP2295522-1_14597,POR_REV4.2,CHECKVALVE,Without_GF,USED(1),USED(1),TS,POR_AMC,CIP_AMC,POR_AMC,LPCLEAN_1,non HRVA3,UNDEFINED,,UNDEFINED,UNDEFINED,NO_XPR5,,NON R3 HRVA,,UNDEFINED,N|0,LEO,,,DELTRIM,GABON_B10_R3
2604,D6026420,GT7EJ038JKA2,8PXMCVBG,FL,8M5CL,PXMG,AME427_PM3,263067.0,P_78_GABON_B10_R3,2026-04-13 13:22:42,4,1.0,12.0,0.0,BSL,ZERO,True,True,0.0,2026-04-13 15:14:28,BPD448,0.0,BSL,ZERO,True,True,0.0,0.0,BSL,ZERO,True,True,0.0,SNV442,8PXMCGMT51NA1,0,0,0,AME427,D602642,38,25.0,12.0,ON,OFF,ON,ON,ON,ON,SRCIP,12306.0,709.0,6188.0,294.0,265.0,P_78_GABON_B10_R3,0.3928686111,04/13/2026 1:22:42 PM,8.1426088889,132.07823069,67.855074074,FL78.31YJC_SNIP_DLP2295515-1_21623,POR_REV4.2,CCMR2_SRCIP_CHECKVALVE,GF,NEW,RECOATED,TS,CIP_AMC,POR_AMC,POR_AMC,LPCLEAN_1,non HRVA3,UNDEFINED,,UNDEFINED,UNDEFINED,NO_XPR5,,NON R3 HRVA,,UNDEFINED,N|0,LEO,,,DELTRIM,GABON_B10_R3
2604,D6026180,KJ7KE307WFG0,8PONCVBB,FL,8M5CL,PNCB,AME401_PM1,263067.0,P_78_GABON_B10_R3,2026-04-14 09:57:56,4,3.0,5.0,0.0,BSL,ZERO,True,False,0.3333333333333333,2026-04-14 12:13:16,BPD450,0.0,BSL,ZERO,True,False,0.3333333333333333,0.0,BSL,ZERO,True,True,0.0,SNV440,8PXSCBMT50NA2,0,0,1,AME401,D602618,307,1.0,1.0,OFF,OFF,ON,ON,ON,OFF,ICCR2+CV+GF,11573.0,595.0,11320.0,567.0,906.0,P_78_ROADRUNNER_R1,0.051885,04/14/2026 9:57:56 AM,5.862809,105.0,48.85674,FL78.3FGTC_SNIP_DLP2295522-1_14597,POR_REV4.2,CHECKVALVE,GF,USED(1),NEW,Without_TS,POR_AMC,CIP_AMC,POR_AMC,LPCLEAN_1,non HRVA3,UNDEFINED,,UNDEFINED,UNDEFINED,NO_XPR5,,NON R3 HRVA,,UNDEFINED,N|0,LEO,,,DELTRIM,GABON_B10_R3
2604,D5512560,GT8RR579JKD0,8PXMCVBG,FL,8M6CL,PXMG,AME401_PM1,260463.0,P_78_GABON_R1,2026-04-15 13:26:07,4,2.0,10.0,0.0,BSL,ZERO,True,True,0.0,2026-04-15 23:36:34,BPD458,0.0,BSL,ZERO,True,True,0.0,0.0,BSL,ZERO,True,True,0.0,SNY512,8PXMCGMT61NA2,0,0,0,AME401,D551256,579,17.0,8.0,OFF,OFF,ON,ON,ON,OFF,ICCR2+CV+GF,11867.0,608.0,11614.0,580.0,243.0,P_78_GABON_R1,0.607357,04/15/2026 1:26:07 PM,9.031693,155.3484,75.26411,FL78.31YJC_SNIP_DLP2295515-1_16891,POR_REV4.2,CHECKVALVE,GF,USED(1),NEW,Without_TS,CIP_AMC,POR_AMC,POR_AMC,LPCLEAN_1,non HRVA3,UNDEFINED,,UNDEFINED,UNDEFINED,NO_XPR5,,NON R3 HRVA,,UNDEFINED,Y|1,LEO,POR_GABON,UNDEFINED,DELTRIM,GABON_R1
2604,D6015630,GT9FQ085JKE5,8PXMCVBG,FL,8M5CL,PXMG,AME403_PM6,263067.0,P_78_GABON_B10_R3,2026-04-15 12:01:53,2,1.0,6.0,0.0,BSL,ZERO,True,True,0.0,2026-04-15 20:59:27,BPD436,0.0,BSL,ZERO,True,True,0.0,0.0,BSL,ZERO,True,True,0.0,SNV442,8PXMCGMT51NA1,0,0,0,AME403,D601563,85,12.0,6.0,OFF,OFF,ON,ON,OFF,ON,ICCR2+CV,6589.0,315.0,6589.0,315.0,326.0,P_78_GABON_R1,1.898641,04/15/2026 12:01:53 PM,7.021096,112.0,58.50913,FL78.31YJC_SNIP_DLP2295515-1_20271,POR_REV4.2,CHECKVALVE,Without_GF,USED(1),USED(1),TS,,CIP_AMC,CIP_AMC,LPCLEAN_1,non HRVA3,UNDEFINED,,UNDEFINED,UNDEFINED,NO_XPR5,,NON R3 HRVA,,UNDEFINED,N|0,LEO,,,DELTRIM,GABON_B10_R3
2604,D6031670,KJ7YN249WFF0,8PXMCVBG,FL,8M5CL,PXMG,AME409_PM4,263067.0,P_78_GABON_B10_R3,2026-04-15 10:24:10,2,1.0,9.0,0.0,BSL,ZERO,True,True,0.0,2026-04-15 13:23:12,BPD442,0.0,BSL,ZERO,True,True,0.0,0.0,BSL,ZERO,True,True,0.0,SNV442,8PXMCGMT51NA1,0,0,0,AME409,D603167,249,19.0,9.0,OFF,OFF,ON,ON,ON,ON,ICCR2+CV+GF,12920.0,724.0,12920.0,724.0,684.0,P_78_GABON_R1,0.792629,04/15/2026 10:24:10 AM,6.073923,98.62591,50.61602,FL78.31YJC_SNIP_DLP2295515-1_22631,POR_REV4.2,CHECKVALVE,GF,USED(1),USED(1),TS,POR_AMC,POR_AMC,POR_AMC,LPCLEAN_1,non HRVA3,UNDEFINED,TNPPFREEKOH,UNDEFINED,UNDEFINED,NO_XPR5,,NON R3 HRVA,UNDEFINED,UNDEFINED,N|0,LEO,,,DELTRIM,GABON_B10_R3
2604,D5523500,KJ7HH207WFG3,8PXMCVBG,FL,8M6CL,PXMG,AME403_PM2,260463.0,P_78_GABON_R1,2026-04-15 09:07:06,2,1.0,13.0,0.003584,BSL,BSL,False,False,1.0,2026-04-15 12:30:53,BPD446,0.0,BSL,ZERO,True,True,0.0,0.003584,BSL,BSL,False,False,1.0,SNV440,8PXMCGMT61NA1,0,0,0,AME403,D552350,207,25.0,13.0,OFF,OFF,ON,ON,OFF,ON,ICCR2+CV,11979.0,569.0,11979.0,569.0,779.0,P_78_GABON_R1,0.032668,04/15/2026 9:07:06 AM,8.924799,143.0,74.37333,FL78.31YJC_SNIP_DLP2295515-1_19413,POR_REV4.2,CHECKVALVE,Without_GF,NEW,NEW,TS,,CIP_AMC,POR_AMC,LPCLEAN_1,non HRVA3,UNDEFINED,TNPPFREEKOH,UNDEFINED,UNDEFINED,NO_XPR5,,NON R3 HRVA,UNDEFINED,UNDEFINED,Y|1,LEO,POR_GABON,UNDEFINED,DELTRIM,GABON_R1
2604,D6014950,GT6QX352JKF6,8PONCVBB,FL,8M5CL,PNCB,AME401_PM1,263067.0,P_78_GABON_B10_R3,2026-04-14 23:00:13,2,2.0,5.5,0.0,BSL,ZERO,True,False,0.5,2026-04-15 01:03:41,BPD448,0.0,BSL,ZERO,True,False,0.5,0.0,BSL,ZERO,True,False,0.5,SNV440,8PXSCBMT50NA2,0,0,0,AME401,D601495,352,4.0,2.0,OFF,OFF,ON,ON,ON,OFF,ICCR2+CV+GF,11699.0,601.0,11446.0,573.0,75.0,P_78_GABON_B10_R3,1.376072,04/14/2026 11:00:13 PM,6.547726,114.0,54.56439,FL78.3FGTC_SNIP_DLP2295522-1_13841,POR_REV4.2,CHECKVALVE,GF,USED(1),NEW,Without_TS,,POR_AMC,POR_AMC,PRE_LPCLEAN,non HRVA3,UNDEFINED,,UNDEFINED,UNDEFINED,NO_XPR5,,4hr R3 HRVA,,UNDEFINED,N|0,LEO,,,DELTRIM,GABON_B10_R3
2604,D6026420,GT7EJ038JKA2,8PXMCVBG,FL,8M6CL,PXMG,AME427_PM3,260463.0,P_78_GABON_R1,2026-04-16 17:18:11,2,1.0,12.0,0.102991,HIGHFLIER,HIGHFLIER,False,False,1.0,2026-04-16 18:28:20,BPD442,0.0,BSL,ZERO,True,True,0.0,0.102991,HIGHFLIER,HIGHFLIER,False,False,1.0,SNY510,8PXMCGMT61NA1,0,0,0,AME427,D602642,38,25.0,12.0,ON,OFF,ON,ON,ON,ON,SRCIP,13147.0,747.0,7029.0,333.0,149.0,P_78H_CHALBI_R4_A4,0.316553,04/16/2026 5:18:11 PM,7.467975,130.9288,62.23313,FL78.31YJC_SNIP_DLP2295515-1_21623,POR_REV4.2,CCMR2_SRCIP_CHECKVALVE,GF,NEW,RECOATED,TS,POR_AMC,POR_AMC,POR_AMC,LPCLEAN_1,non HRVA3,UNDEFINED,,UNDEFINED,UNDEFINED,NO_XPR5,,NON R3 HRVA,,UNDEFINED,Y|1,LEO,POR_GABON,UNDEFINED,DELTRIM,GABON_R1
2604,D6021080,KJ7KE239WFG6,8PXMCVBG,FL,8M5CL,PXMG,AME425_PM4,263067.0,P_78_GABON_B10_R4,2026-04-16 08:44:28,2,2.0,19.5,0.003876,BSL,BSL,False,False,0.5,2026-04-16 09:48:25,BPD458,0.0,BSL,ZERO,True,True,0.0,0.003876,BSL,BSL,False,False,0.5,SNV442,8PXMCGMT51NA1,0,0,0,AME425,D602108,239,21.0,21.0,ON,OFF,ON,ON,ON,ON,SRCIP,173.0,36.0,173.0,36.0,169.0,P_78_GABON_B10_R4,1.219854,04/16/2026 8:44:28 AM,5.811867,98.0,48.43222,FL78.31YJC_SNIP_DLP2295515-1_21623,POR_REV4.2,CCMR2_SRCIP_CHECKVALVE,GF,NEW,NEW,Without_TS,CIP_AMC,POR_AMC,POR_AMC,LPCLEAN_1,non HRVA3,UNDEFINED,,UNDEFINED,UNDEFINED,NO_XPR5,,NON R3 HRVA,,UNDEFINED,N|0,LEO,,,DELTRIM,UNDEFINED
2604,D5523400,GU6EW659JDB1,8PXMCVBG,FL,8M5CL,PXMG,AME401_PM1,263067.0,P_78_GABON_B10_R3,2026-04-15 21:27:10,2,1.0,5.0,0.0,BSL,ZERO,True,True,0.0,2026-04-16 01:20:34,BPD454,0.0,BSL,ZERO,True,True,0.0,0.0,BSL,ZERO,True,True,0.0,SNV442,8PXMCGMT51NA1,0,0,0,AME401,D552340,659,9.0,5.0,OFF,OFF,ON,ON,ON,OFF,ICCR2+CV+GF,11930.0,611.0,11677.0,583.0,306.0,P_78_GABON_B10_R3,0.727039,04/15/2026 9:27:10 PM,5.765184,97.06907,48.0432,FL78.31YJC_SNIP_DLP2295515-1_19413,POR_REV4.2,CHECKVALVE,GF,USED(1),NEW,Without_TS,CIP_AMC,CIP_AMC,POR_AMC,LPCLEAN_1,non HRVA3,UNDEFINED,,UNDEFINED,UNDEFINED,NO_XPR5,,NON R3 HRVA,,UNDEFINED,N|0,LEO,,,DELTRIM,GABON_B10_R3
2604,D6031840,KJ7YN255WFH2,8PXMCVBG,FL,8M5CL,PXMG,AME423_PM3,263067.0,P_78_GABON_B10_R3,2026-04-15 19:45:50,2,2.0,3.0,0.0,BSL,ZERO,True,True,0.0,2026-04-16 00:32:14,BPD444,0.0,BSL,ZERO,True,True,0.0,0.0,BSL,ZERO,True,True,0.0,SNV440,8PXMCGMT51NA1,0,0,0,AME423,D603184,255,9.0,5.0,OFF,OFF,ON,ON,ON,OFF,ICCR2+CV+GF,13868.0,650.0,13868.0,650.0,376.0,P_78_GABON_B10_R3,1.304541,04/15/2026 7:45:50 PM,5.425769,85.80737,45.21474,FL78.31YJC_SNIP_DLP2295515-1_22631,POR_REV4.2,CHECKVALVE,GF,USED(1),USED(1),Without_TS,,POR_AMC,POR_AMC,PRE_LPCLEAN|LPCLEAN_1,non HRVA3,UNDEFINED,,UNDEFINED,UNDEFINED,NO_XPR5,,NON R3 HRVA,,UNDEFINED,N|0,LEO,,,DELTRIM,GABON_B10_R3
2604,D6031410,GT3FY001JKC3,8PXMCVBG,FL,8M6CL,PXMG,AME425_PM4,260463.0,P_78_GABON_R2,2026-04-15 15:55:34,4,4.0,18.75,0.0,BSL,ZERO,True,True,0.0,2026-04-16 08:51:46,BPD454,0.0,BSL,ZERO,True,True,0.0,0.0,BSL,ZERO,True,True,0.0,SNY512,8PXMCGMT61NA2,0,1,1,AME425,D603141,1,20.0,20.0,ON,OFF,ON,ON,ON,ON,SRCIP,49.0,30.0,49.0,30.0,46.0,M_SS_L100,16.89587,04/15/2026 3:55:34 PM,0.0,0.0,0.0,FL78.31YJC_SNIP_DLP2295515-1_22631,POR_REV4.2,CCMR2_SRCIP_CHECKVALVE,GF,NEW,NEW,Without_TS,,POR_AMC,POR_AMC,PRE_LPCLEAN,non HRVA3,UNDEFINED,TNPPFREEKOH,UNDEFINED,UNDEFINED,NO_XPR5,,NON R3 HRVA,UNDEFINED,UNDEFINED,N|0,LEO,UNDEFINED,UNDEFINED,DELTRIM,UNDEFINED
2604,D6042170,KJ7YT149WFA6,8PXMCVBG,FL,8M5CL,PXMG,AME401_PM1,263067.0,P_78_GABON_B10_R3,2026-04-17 20:38:14,5,1.0,10.0,0.0,BSL,ZERO,True,True,0.0,2026-04-17 21:59:45,BPD436,0.0,BSL,ZERO,True,True,0.0,0.0,BSL,ZERO,True,True,0.0,SNV440,8PXMCGMT51NA1,0,0,0,AME401,D604217,149,23.0,10.0,OFF,OFF,ON,ON,ON,OFF,ICCR2+CV+GF,12284.0,628.0,12031.0,599.0,660.0,P_78_GABON_B10_R3,0.602244,04/17/2026 8:38:14 PM,4.532803,79.4847,37.77336,FL78.31YJC_SNIP_DLP2295515-1_24697,POR_REV4.2,CHECKVALVE,GF,USED(1),NEW,Without_TS,POR_AMC,POR_AMC,CIP_AMC,LPCLEAN_1,non HRVA3,UNDEFINED,,UNDEFINED,UNDEFINED,NO_XPR5,,NON R3 HRVA,,UNDEFINED,N|0,LEO,,,DELTRIM,GABON_B10_R3
2604,D6015450,5DXBG146MVA0,8PXMCVBG,FL,8M6CL,PXMG,AME423_PM6,260463.0,P_78_GABON_R1,2026-04-17 09:55:05,2,1.0,10.0,0.0,BSL,ZERO,True,True,0.0,2026-04-17 12:26:41,BPD450,0.0,BSL,ZERO,True,True,0.0,0.0,BSL,ZERO,True,True,0.0,SNY510,8PXMCGMT61NA1,0,0,0,AME423,D601545,146,20.0,10.0,OFF,OFF,ON,ON,ON,ON,ICCR2+CV+GF,9705.0,466.0,9705.0,466.0,472.0,P_78_GABON_R1,0.269934,04/17/2026 9:55:05 AM,3.953936,65.687,32.94946,FL78.31YJC_SNIP_DLP2295515-1_20271,POR_REV4.2,CHECKVALVE,GF,NEW,RECOATED,TS,CIP_AMC,POR_AMC,CIP_AMC,LPCLEAN_1,non HRVA3,UNDEFINED,,UNDEFINED,UNDEFINED,NO_XPR5,,NON R3 HRVA,,UNDEFINED,Y|1,LEO,POR_GABON,UNDEFINED,DELTRIM,GABON_R1
2604,D6031400,A26LJ130SLG7,8PXMCVBG,FL,8M6CL,PXMG,AME423_PM1,260463.0,P_78_GABON_R1,2026-04-18 08:23:34,2,2.0,7.0,0.003553,BSL,BSL,False,False,1.0,2026-04-18 09:42:33,BPD454,0.003553,BSL,BSL,False,False,0.5,0.0,BSL,ZERO,True,False,0.5,SNY510,8PXMCGMT61NA1,0,0,0,AME423,D603140,130,25.0,13.0,OFF,OFF,ON,ON,ON,ON,ICCR2+CV+GF,7840.0,368.0,7840.0,368.0,124.0,P_78_GABON_B10_R3,0.376214,04/18/2026 8:23:34 AM,2.37926,43.0,19.82717,FL78.31YJC_SNIP_DLP2295515-1_22631,POR_REV4.2,CHECKVALVE,GF,NEW,NEW,TS,POR_AMC,CIP_AMC,POR_AMC,LPCLEAN_1,non HRVA3,UNDEFINED,,UNDEFINED,UNDEFINED,NO_XPR5,,NON R3 HRVA,,UNDEFINED,Y|1,LEO,POR_GABON,UNDEFINED,DELTRIM,GABON_R1
2604,D6031800,A25YU038SLB7,8PXMCVBG,FL,8M5CL,PXMG,AME409_PM6,263067.0,P_78_GABON_B10_R4,2026-04-19 20:51:27,2,2.0,12.0,0.003659,BSL,BSL,False,False,0.5,2026-04-19 22:28:45,BPD436,0.0,BSL,ZERO,True,True,0.0,0.003659,BSL,BSL,False,False,0.5,SNY510,8PXMCGMT51NA1,0,0,0,AME409,D603180,38,25.0,22.0,ON,OFF,ON,ON,OFF,ON,SRCIP,16784.0,951.0,1064.0,53.0,114.0,P_78_GABON_R2,1.644977,04/19/2026 8:51:27 PM,2.844324,47.0,23.7027,FL78.31YJC_SNIP_DLP2295515-1_22631,POR_REV4.2,CCMR2_SRCIP_CHECKVALVE,Without_GF,USED(2),USED(2),Without_TS,POR_AMC,POR_AMC,CIP_AMC,LPCLEAN_1,non HRVA3,UNDEFINED,TNPPFREEKOH,UNDEFINED,UNDEFINED,NO_XPR5,,NON R3 HRVA,UNDEFINED,UNDEFINED,N|0,LEO,,,DELTRIM,UNDEFINED
2604,D541E7M0,GR8SP607JKA6,1X278VCD,FL,8M6CL,X78D,AME419_PM4,260463.0,P_78_GABON_R1,2026-04-19 10:06:04,5,2.0,2.5,0.0,BSL,ZERO,True,True,0.0,2026-04-19 11:03:32,BPD432,0.0,BSL,ZERO,True,True,0.0,0.0,BSL,ZERO,True,True,0.0,SNY510,1X278DSM61NA1,0,0,1,AME419,D541E7M,607,19.0,2.0,OFF,OFF,ON,ON,ON,ON,ICCR2+CV+GF,12633.0,748.0,12633.0,748.0,131.0,P_78_ROADRUNNER_R1,0.483631,04/19/2026 10:06:04 AM,4.564659,80.0,38.03883,FL78.3GDCC_SNIP_DLP2286887-1_2803,,,,,,,,,,,,,,,,,,,,,,,,,,
2604,D6031840,KJ7YN255WFH2,8PXMCVBG,FL,8M6CL,PXMG,AME409_PM3,256528.0,P_78_ROADRUNNER_R1,2026-04-20 16:23:39,2,1.0,4.0,0.003584,BSL,BSL,False,False,1.0,2026-04-20 17:44:49,BPD442,0.003584,BSL,BSL,False,False,1.0,0.0,BSL,ZERO,True,True,0.0,SNY512,8PXMCGMT61NA2,0,0,0,AME409,D603184,255,9.0,4.0,OFF,OFF,ON,ON,ON,OFF,ICCR2+CV+GF,14183.0,747.0,14183.0,747.0,901.0,P_78_PIL16E_1A_R1,0.175395,04/20/2026 4:23:39 PM,10.21698,173.0,85.14152,FL78.31YJC_SNIP_DLP2295515-1_22631,POR_REV4.2,CHECKVALVE,GF,NEW,USED(2),Without_TS,,POR_AMC,CIP_AMC,PRE_LPCLEAN|LPCLEAN_1,non HRVA3,UNDEFINED,,UNDEFINED,UNDEFINED,NO_XPR5,,NON R3 HRVA,UNDEFINED,UNDEFINED,N|0,LEO,UNDEFINED,UNDEFINED,DELTRIM,ROADRUNNER_R1
2604,D6042170,KJ7YT149WFA6,8PXMCVBG,FL,8M6CL,PXMG,AME401_PM1,260463.0,P_78_GABON_R1,2026-04-20 16:21:13,2,1.0,8.0,0.0,BSL,ZERO,True,True,0.0,2026-04-20 17:18:13,BPD432,0.0,BSL,ZERO,True,True,0.0,0.0,BSL,ZERO,True,True,0.0,SNY512,8PXMCGMT61NA2,0,0,0,AME401,D604217,149,23.0,8.0,OFF,OFF,ON,ON,ON,OFF,ICCR2+CV+GF,12930.0,656.0,12677.0,628.0,361.0,P_78_THAR_R4,0.046061,04/20/2026 4:21:13 PM,10.14186,176.6446,84.51548,FL78.31YJC_SNIP_DLP2295515-1_24697,POR_REV4.2,CHECKVALVE,GF,USED(1),NEW,Without_TS,,POR_AMC,CIP_AMC,LPCLEAN_1,non HRVA3,UNDEFINED,,UNDEFINED,UNDEFINED,NO_XPR5,,NON R3 HRVA,,UNDEFINED,Y|1,LEO,POR_GABON,UNDEFINED,DELTRIM,GABON_R1
2604,D6021080,KJ7KE239WFG6,8PXMCVBG,FL,8M6CL,PXMG,AME419_PM4,260463.0,P_78_GABON_R1,2026-04-20 08:05:57,2,2.0,19.5,0.0,BSL,ZERO,True,True,0.0,2026-04-20 12:13:40,BPD458,0.0,BSL,ZERO,True,True,0.0,0.0,BSL,ZERO,True,True,0.0,SNY510,8PXMCGMT61NA2,0,0,0,AME419,D602108,239,21.0,21.0,OFF,OFF,ON,ON,ON,ON,ICCR2+CV+GF,12759.0,753.0,12759.0,753.0,257.0,P_78_GABON_B10_R3,0.935399,04/20/2026 8:05:57 AM,3.132598,53.82761,26.10498,FL78.31YJC_SNIP_DLP2295515-1_21623,POR_REV4.2,CHECKVALVE,GF,USED(1),USED(1),TS,,POR_AMC,POR_AMC,LPCLEAN_1,non HRVA3,UNDEFINED,,UNDEFINED,UNDEFINED,NO_XPR5,,NON R3 HRVA,UNDEFINED,UNDEFINED,Y|1,LEO,POR_GABON,UNDEFINED,DELTRIM,GABON_R1
2604,D6025960,5DXBU240MVB0,8PONCVBB,FL,8M6CL,PNCB,AME423_PM4,260463.0,P_78_GABON_R1,2026-04-20 19:02:09,5,5.0,12.8,0.00433,BSL,BSL,False,False,0.8,2026-04-20 22:04:24,BPD432,0.00433,BSL,BSL,False,False,0.8,0.0,BSL,ZERO,True,False,0.4,SNY512,8PXSCBMT60NA4,0,1,1,AME423,D602596,240,1.0,1.0,OFF,OFF,ON,ON,ON,ON,ICCR2+CV+GF,4532.0,239.0,4532.0,239.0,27.0,M_ULURU16_30S_TINA_L100,0.675572,04/20/2026 7:02:09 PM,0.982298,17.0,8.185819,FL78.3FGTC_SNIP_DLP2295522-1_14597,POR_REV4.2,CHECKVALVE,GF,NEW,NEW,TS,,CIP_AMC,CIP_AMC,LPCLEAN_1,non HRVA3,UNDEFINED,,UNDEFINED,UNDEFINED,NO_XPR5,,4hr R3 HRVA,,UNDEFINED,Y|1,LEO,POR_GABON,UNDEFINED,DELTRIM,GABON_R1
2604,D545EK50,KJ57R003WFG4,1X78EVA,FL,8M6CL,X78E,AME411_PM2,256528.0,P_78_ROADRUNNER_R1,2026-04-12 03:14:43,4,4.0,8.75,0.0,BSL,ZERO,True,False,0.25,2026-04-12 04:11:38,BPD432,0.0,BSL,ZERO,True,False,0.25,0.0,BSL,ZERO,True,False,0.25,SNV440,1X78EASM6SNB1,0,0,0,AME411,D545EK5,3,12.0,6.0,OFF,OFF,ON,ON,ON,ON,ICCR2+CV+GF,15438.0,754.0,15183.0,733.0,233.0,P_78_GABON_B10_R3,1.917575,04/12/2026 3:14:43 AM,3.218303,55.17404,26.81919,FL78.65XTE,REV4.5,CHECKVALVE,GF,USED(1),USED(1),TS,,CIP_AMC,CIP_AMC,LPCLEAN_1,non HRVA3,UNDEFINED,,UNDEFINED,UNDEFINED,NO_XPR5,,NON R3 HRVA,,UNDEFINED,N|0,LEO,UNDEFINED,UNDEFINED,DELTRIM,ROADRUNNER_R1
2604,D6026290,KJ7YL001WFF5,8PXMCVBG,FL,8M6CL,PXMG,AME425_PM3,260463.0,P_78_GABON_R1,2026-04-22 02:24:19,2,2.0,13.5,0.0,BSL,ZERO,True,False,0.5,2026-04-22 04:00:28,BPD458,0.0,BSL,ZERO,True,True,0.0,0.0,BSL,ZERO,True,False,0.5,SNY512,8PXMCGMT61NA1,0,0,0,AME425,D602629,1,24.0,24.0,OFF,OFF,ON,ON,ON,OFF,ICCR2+CV+GF,19543.0,1454.0,6647.0,425.0,273.0,P_78_GABON_R1,3.544773,04/22/2026 2:24:19 AM,5.081126,83.0,42.34271,FL78.31YJC_SNIP_DLP2295515-1_21623,POR_REV4.2,CHECKVALVE,GF,NEW,NEW,Without_TS,,POR_AMC,POR_AMC,PRE_LPCLEAN,non HRVA3,UNDEFINED,,UNDEFINED,UNDEFINED,NO_XPR5,,NON R3 HRVA,,UNDEFINED,Y|1,LEO,POR_GABON,UNDEFINED,DELTRIM,GABON_R1
2604,D5439720,MCE1L356WAC5,8PXMCVBG,FL,8M6CL,PXMG,AME423_PM3,260463.0,S_78_RR_WF915_W1,2026-04-22 09:18:31,8,8.0,6.375,0.003553,BSL,BSL,False,False,0.75,2026-04-22 12:42:49,BPD454,0.0,BSL,ZERO,True,False,0.375,0.003553,BSL,BSL,False,False,0.5,SNY512,8PXMCGMT61NA1,0,1,1,AME423,D543972,356,10.0,8.0,OFF,OFF,ON,ON,ON,OFF,ICCR2+CV+GF,14954.0,700.0,14954.0,700.0,111.0,P_78_GABON_R1,0.285254,04/22/2026 9:18:31 AM,6.318016,109.3302,52.65014,FL78.31YJC_SNIP_DLP2295515-1_4454,POR_REV4.2,CHECKVALVE,GF,USED(1),USED(1),Without_TS,CIP_AMC,POR_AMC,POR_AMC,LPCLEAN_1|PRE_LPCLEAN,non HRVA3,UNDEFINED,,UNDEFINED,UNDEFINED,NO_XPR5,,NON R3 HRVA,,UNDEFINED,N|0,LEO,UNDEFINED,UNDEFINED,DELTRIM,UNDEFINED
2604,D6042400,KJA6F209WFB0,8PXMCVBG,FL,8M5CL,PXMG,AME401_PM2,263067.0,P_78_GABON_B10_R3,2026-04-24 03:35:56,2,2.0,6.5,0.003692,BSL,BSL,False,False,0.5,2026-04-24 05:32:53,BPD450,0.0,BSL,ZERO,True,True,0.0,0.003692,BSL,BSL,False,False,0.5,SNV440,8PXMCGMT51NA1,0,0,0,AME401,D604240,209,21.0,10.0,OFF,OFF,ON,ON,ON,ON,ICCR2+CV+GF,11115.0,596.0,10768.0,537.0,55.0,P_78_ROADRUNNER_R1,0.645867,04/24/2026 3:35:56 AM,6.11232,55.6549,50.936,FL78.31YJC_SNIP_DLP2389357-1_1,POR_REV4.2,CHECKVALVE,GF,USED(1),NEW,Without_TS,POR_AMC,CIP_AMC,POR_AMC,LPCLEAN_1,non HRVA3,UNDEFINED,,UNDEFINED,UNDEFINED,NO_XPR5,,NON R3 HRVA,,UNDEFINED,N|0,LEO,,,DELTRIM,GABON_B10_R3
2604,D6042180,KJA6K005WFC3,8PXMCVBG,FL,8M5CL,PXMG,AME419_PM3,263067.0,P_78_GABON_B10_R3,2026-04-25 21:54:46,2,1.0,1.0,0.0,BSL,ZERO,True,True,0.0,2026-04-25 23:43:57,BPD432,0.0,BSL,ZERO,True,True,0.0,0.0,BSL,ZERO,True,True,0.0,SNV440,8PXMCGMT51NA1,0,0,0,AME419,D604218,5,1.0,1.0,OFF,OFF,ON,ON,ON,ON,ICCR2+CV+GF,2351.0,116.0,2180.0,102.0,268.0,P_78_GABON_B10_R3,0.321053,04/25/2026 9:54:46 PM,7.809717,136.0,65.08097,FL78.31YJC_SNIP_DLP2295515-1_24697,POR_REV4.2,CHECKVALVE,GF,NEW,NEW,Without_TS,,POR_AMC,CIP_AMC,LPCLEAN_1,non HRVA3,UNDEFINED,,UNDEFINED,UNDEFINED,NO_XPR5,,NON R3 HRVA,,UNDEFINED,N|0,LEO,,,DELTRIM,GABON_B10_R3
2604,D6031570,GT8RS459JKC5,8PXMCVBG,FL,8M5CL,PXMG,AME423_PM6,263067.0,P_78_GABON_B10_R3,2026-04-25 05:39:43,4,4.0,16.25,0.0,BSL,ZERO,True,True,0.0,2026-04-25 07:50:24,BPD454,0.0,BSL,ZERO,True,True,0.0,0.0,BSL,ZERO,True,True,0.0,SNV440,8PXMCGMT51NA1,1,0,0,AME423,D603157,459,12.0,12.0,OFF,OFF,ON,ON,ON,ON,ICCR2+CV+GF,10377.0,497.0,10377.0,497.0,329.0,P_78_ROADRUNNER_R1,13.28681,04/25/2026 5:39:43 AM,0.0,0.0,0.0,FL78.31YJC_SNIP_DLP2295515-1_22631,POR_REV4.2,CHECKVALVE,GF,NEW,RECOATED,TS,,CIP_AMC,CIP_AMC,LPCLEAN_1,non HRVA3,UNDEFINED,,UNDEFINED,UNDEFINED,NO_XPR5,,NON R3 HRVA,,UNDEFINED,N|0,LEO,,,DELTRIM,GABON_B10_R3
2604,D6064560,GT7PS401JKE5,8PXMCVBG,FL,8M5CL,PXMG,AME411_PM2,263067.0,P_78_GABON_B10_R3,2026-04-28 15:45:24,2,1.0,6.0,0.0,BSL,ZERO,True,True,0.0,2026-04-28 17:03:06,BPD454,0.0,BSL,ZERO,True,True,0.0,0.0,BSL,ZERO,True,True,0.0,SNV440,8PXMCGMT51NA1,1,0,0,AME411,D606456,401,13.0,6.0,OFF,OFF,ON,ON,ON,ON,ICCR2+CV+GF,18889.0,911.0,18634.0,891.0,142.0,P_78_THAR_R4,0.750375,04/28/2026 3:45:24 PM,4.412724,69.58446,36.7727,FL78.31YJC_SNIP_DLP2295515-1_27895,POR_REV4.2,CHECKVALVE,GF,USED(1),USED(1),TS,POR_AMC,CIP_AMC,CIP_AMC,LPCLEAN_1,non HRVA3,UNDEFINED,,UNDEFINED,UNDEFINED,NO_XPR5,,NON R3 HRVA,,UNDEFINED,N|0,LEO,,,DELTRIM,GABON_B10_R3
2604,D6064490,A28WK015SLF4,8PXMCVBG,FL,8M6CL,PXMG,AME425_PM4,260463.0,P_78_GABON_R2,2026-04-29 18:04:23,4,4.0,9.0,0.003584,BSL,BSL,False,False,0.25,2026-04-29 19:31:24,BPD458,0.0,BSL,ZERO,True,True,0.0,0.003584,BSL,BSL,False,False,0.25,SNV440,8PXMCGMT61NA1,0,1,1,AME425,D606449,15,16.0,16.0,ON,OFF,ON,ON,ON,ON,SRCIP,2536.0,146.0,2536.0,146.0,609.0,P_78_GOBI_R6,1.576318,04/29/2026 6:04:23 PM,1.667241,25.0,13.89367,FL78.31YJC_SNIP_DLP2295515-1_27895,POR_REV4.2,CCMR2_SRCIP_CHECKVALVE,GF,NEW,NEW,Without_TS,,POR_AMC,POR_AMC,PRE_LPCLEAN|LPCLEAN_1,non HRVA3,UNDEFINED,,UNDEFINED,UNDEFINED,NO_XPR5,,NON R3 HRVA,,UNDEFINED,N|0,LEO,UNDEFINED,UNDEFINED,DELTRIM,UNDEFINED
2604,D6015640,GT9FQ006JKC3,8PXMCVBG,FL,8M5CL,PXMG,AME403_PM5,263067.0,P_78_GABON_B10_R3,2026-04-29 01:36:41,2,1.0,13.0,0.003659,BSL,BSL,False,False,1.0,2026-04-29 02:13:04,BPD432,0.0,BSL,ZERO,True,True,0.0,0.003659,BSL,BSL,False,False,1.0,SNY510,8PXMCGMT51NA4,0,0,0,AME403,D601564,6,25.0,13.0,OFF,OFF,ON,ON,ON,OFF,ICCR2+CV+GF,30425.0,1730.0,15546.0,778.0,26.0,P_78_PIL16E_1A_R1,2.25174,04/29/2026 1:36:41 AM,7.377344,111.0,61.47787,FL78.31YJC_SNIP_DLP2295515-1_20271,POR_REV4.2,CHECKVALVE,GF,NEW,NEW,TS,,CIP_AMC,CIP_AMC,LPCLEAN_1,non HRVA3,UNDEFINED,,UNDEFINED,UNDEFINED,NO_XPR5,,NON R3 HRVA,,UNDEFINED,N|0,LEO,,,DELTRIM,GABON_B10_R3
2605,D6075500,KJAAC426WFF2,8PXMCVBG,FL,8M5CL,PXMG,AME419_PM3,263067.0,P_78_GABON_B10_R3,2026-05-01 14:26:50,2,1.0,13.0,0.0,BSL,ZERO,True,True,0.0,2026-05-01 15:18:23,BPD446,0.0,BSL,ZERO,True,True,0.0,0.0,BSL,ZERO,True,True,0.0,SNY512,8PXMCGMT51NA1,0,0,0,AME419,D607550,426,25.0,13.0,OFF,OFF,ON,ON,ON,ON,ICCR2+CV+GF,3467.0,171.0,3296.0,158.0,429.0,P_78_GABON_B10_R3,0.552083,05/01/2026 2:26:50 PM,2.409326,40.0,20.07771,FL78.31YJC_SNIP_DLP2295515-1_27895,POR_REV4.2,CHECKVALVE,GF,NEW,NEW,Without_TS,,POR_AMC,POR_AMC,LPCLEAN_1|PRE_LPCLEAN,non HRVA3,UNDEFINED,TNPPFREEKOH,UNDEFINED,UNDEFINED,NO_XPR5,,NON R3 HRVA,UNDEFINED,UNDEFINED,N|0,LEO,,,DELTRIM,GABON_B10_R3
2605,D6064390,MCLPH415WAD0,8PONCVBB,FL,8M5CL,PNCB,AME427_PM6,263067.0,P_78_GABON_B10_R3,2026-05-01 03:23:10,4,4.0,5.0,0.3733709999999999,HIGHFLIER,HIGHFLIER,False,False,0.75,2026-05-01 04:40:48,BPD448,0.367569,HIGHFLIER,HIGHFLIER,False,False,0.5,0.005802,BSL,BSL,False,False,0.5,SNV440,8PXSCBMT50NA2,0,0,0,AME427,D606439,415,4.0,1.0,OFF,OFF,ON,ON,ON,OFF,ICCR2+CV+GF,21340.0,1245.0,6406.0,292.0,82.0,P_78_GABON_B10_R3,0.636991,05/01/2026 3:23:10 AM,5.914874,96.0,49.29062,FL78.3FGTC_SNIP_DLP2295522-1_19122,,,,,,,,,,,,,,,,,,,,,,,,,,
2605,D6053060,5DXBP694MVF5,8PONCVBB,FL,8M5CL,PNCB,AME411_PM1,263067.0,P_78_GABON_B10_R3,2026-05-02 11:11:50,2,1.0,13.0,0.0,BSL,ZERO,True,True,0.0,2026-05-02 12:25:46,BPD444,0.0,BSL,ZERO,True,True,0.0,0.0,BSL,ZERO,True,True,0.0,SNY510,8PXSCBMT50NA3,0,0,0,AME411,D605306,694,25.0,13.0,ON,OFF,ON,ON,ON,ON,SRCIP,2634.0,130.0,2634.0,130.0,744.0,M_CCM_R2_L100,0.293221,05/02/2026 11:11:50 AM,8.021459,137.6896,66.8455,FL78.3FGTC_SNIP_DLP2295522-1_18844,POR_REV4.2,CCMR2_SRCIP_CHECKVALVE,GF,NEW,USED(1),TS,,POR_AMC,CIP_AMC,PRE_LPCLEAN|LPCLEAN_1,non HRVA3,UNDEFINED,,UNDEFINED,UNDEFINED,NO_XPR5,,NON R3 HRVA,,UNDEFINED,N|0,LEO,,,DELTRIM,GABON_B10_R3
2605,D6054330,MCLPH332WAA1,8PONCVBB,FL,8M5CL,PNCB,AME409_PM4,263067.0,P_78_GABON_B10_R3,2026-05-02 00:18:51,4,2.0,5.5,0.003584,BSL,BSL,False,False,0.5,2026-05-02 04:18:50,BPD442,0.0,BSL,ZERO,True,True,0.0,0.003584,BSL,BSL,False,False,0.5,SNY511,8PXSCBMT50NA3,0,0,1,AME409,D605433,332,12.0,6.0,OFF,OFF,ON,ON,ON,ON,ICCR2+CV+GF,16397.0,888.0,16397.0,888.0,325.0,P_78_GABON_B10_R3,0.595448,05/02/2026 12:18:51 AM,3.249271,54.0,27.07725,FL78.3FGTC_SNIP_DLP2295522-1_19122,POR_REV4.2,CHECKVALVE,GF,USED(1),USED(1),TS,,POR_AMC,CIP_AMC,PRE_LPCLEAN|LPCLEAN_1,non HRVA3,UNDEFINED,TNPPFREEKOH,UNDEFINED,UNDEFINED,NO_XPR5,,NON R3 HRVA,UNDEFINED,UNDEFINED,N|0,LEO,,,DELTRIM,GABON_B10_R3
2605,D6053310,GT9ZQ201JKC4,8PXMCVBG,FL,8M6CL,PXMG,AME425_PM5,260463.0,P_78_GABON_R1,2026-05-03 17:18:01,2,2.0,15.5,0.0,BSL,ZERO,True,True,0.0,2026-05-03 18:28:04,BPD444,0.0,BSL,ZERO,True,True,0.0,0.0,BSL,ZERO,True,True,0.0,SNV440,8PXMCGMT61NA1,0,0,0,AME425,D605331,201,20.0,20.0,OFF,OFF,ON,ON,ON,OFF,ICCR2+CV+GF,22434.0,1482.0,10207.0,528.0,91.0,P_78_ROADRUNNER_R1,0.409004,05/03/2026 5:18:01 PM,8.413005,141.0,70.10838,FL78.31YJC_SNIP_DLP2295515-1_27189,POR_REV4.2,CHECKVALVE,GF,NEW,NEW,Without_TS,POR_AMC,CIP_AMC,POR_AMC,LPCLEAN_1,non HRVA3,UNDEFINED,,UNDEFINED,UNDEFINED,NO_XPR5,,NON R3 HRVA,,UNDEFINED,Y|1,LEO,POR_GABON,UNDEFINED,DELTRIM,GABON_R1
2605,D6064590,KJA9T270WFB1,8PXMCVBG,FL,8M5CL,PXMG,AME421_PM2,263067.0,P_78_GABON_B10_R3,2026-05-02 23:45:04,2,1.0,4.0,0.0,BSL,ZERO,True,True,0.0,2026-05-03 00:58:30,BPD442,0.0,BSL,ZERO,True,True,0.0,0.0,BSL,ZERO,True,True,0.0,SNY510,8PXMCGMT51NA1,0,0,0,AME421,D606459,270,8.0,4.0,OFF,OFF,ON,ON,ON,OFF,ICCR2+CV+GF,15325.0,881.0,15325.0,881.0,154.0,P_78_GABON_R1,0.442195,05/02/2026 11:45:04 PM,6.390142,100.0,53.25119,FL78.31YJC_SNIP_DLP2295515-1_27895,POR_REV4.2,CHECKVALVE,GF,NEW,USED(1),Without_TS,,POR_AMC,POR_AMC,PRE_LPCLEAN|LPCLEAN_1,non HRVA3,UNDEFINED,TNPPFREEKOH,UNDEFINED,UNDEFINED,NO_XPR5,,NON R3 HRVA,UNDEFINED,UNDEFINED,N|0,LEO,,,DELTRIM,GABON_B10_R3
2605,D6064580,KJAUF526WFG4,8PXMCVBG,FL,8M5CL,PXMG,AME409_PM1,263067.0,P_78_GABON_B10_R3,2026-05-02 23:07:05,2,1.0,3.0,0.0,BSL,ZERO,True,True,0.0,2026-05-03 00:36:53,BPD448,0.0,BSL,ZERO,True,True,0.0,0.0,BSL,ZERO,True,True,0.0,SNY511,8PXMCGMT51NA4,0,0,0,AME409,D606458,526,5.0,3.0,OFF,OFF,ON,ON,ON,OFF,ICCR2+CV+GF,31007.0,1791.0,17585.0,870.0,469.0,P_78_GABON_R1,0.174749,05/02/2026 11:07:05 PM,8.783348,138.0,73.19456,FL78.31YJC_SNIP_DLP2295515-1_27895,POR_REV4.2,CHECKVALVE,GF,NEW,RECOATED,Without_TS,,POR_AMC,CIP_AMC,LPCLEAN_1,non HRVA3,UNDEFINED,TNPPFREEKOH,UNDEFINED,UNDEFINED,NO_XPR5,,NON R3 HRVA,UNDEFINED,UNDEFINED,N|0,LEO,,,DELTRIM,GABON_B10_R3
2605,D6064580,KJAUF526WFG4,8PXMCVBG,FL,8M6CL,PXMG,AME403_PM1,260463.0,P_78_GABON_R1,2026-05-05 21:33:45,2,1.0,3.0,0.0,BSL,ZERO,True,True,0.0,2026-05-05 23:47:25,BPD432,0.0,BSL,ZERO,True,True,0.0,0.0,BSL,ZERO,True,True,0.0,SNY512,8PXMCGMT61NA2,0,0,0,AME403,D606458,526,5.0,3.0,OFF,OFF,ON,ON,ON,ON,ICCR2+CV+GF,6754.0,337.0,6754.0,337.0,654.0,P_78_GABON_B10_R3,0.430161,05/05/2026 9:33:45 PM,5.343784,91.99401,44.53153,FL78.31YJC_SNIP_DLP2295515-1_27895,POR_REV4.2,CHECKVALVE,GF,NEW,NEW,TS,CIP_AMC,CIP_AMC,CIP_AMC,LPCLEAN_1,non HRVA3,UNDEFINED,,UNDEFINED,CONTAINEMENT 1+3,NO_XPR5,,NON R3 HRVA,,UNDEFINED,Y|1,LEO,POR_GABON,UNDEFINED,DELTRIM,GABON_R1
2605,D6042370,GT8RS704JKA4,8PXMCVBG,FL,8M6CL,PXMG,AME421_PM4,260463.0,P_78_GABON_R1,2026-05-05 02:04:59,4,4.0,9.5,0.0,BSL,ZERO,True,False,0.5,2026-05-05 03:46:01,BPD450,0.0,BSL,ZERO,True,False,0.25,0.0,BSL,ZERO,True,False,0.5,SNY510,8PXMCGMT61NA1,0,1,1,AME421,D604237,704,20.0,17.0,OFF,OFF,ON,ON,OFF,ON,ICCR2+CV,13899.0,656.0,13899.0,656.0,124.0,P_78_ROADRUNNER_R1,0.049786,05/05/2026 2:04:59 AM,6.493909,105.1104,54.11591,FL78.31YJC_SNIP_DLP2389350-1_1,POR_REV4.2,CHECKVALVE,Without_GF,USED(1),USED(2),TS,,POR_AMC,CIP_AMC,PRE_LPCLEAN|LPCLEAN_1,non HRVA3,UNDEFINED,TNPPFREEKOH,UNDEFINED,CONTAINEMENT 1+3,NO_XPR5,,NON R3 HRVA,UNDEFINED,UNDEFINED,Y|1,LEO,POR_GABON,UNDEFINED,DELTRIM,GABON_R1
2605,D6075550,KJA6M355WFA7,8PXMCVBG,FL,8M6CL,PXMG,AME401_PM3,260463.0,P_78_GABON_R1,2026-05-05 23:20:50,4,4.0,12.0,0.003584,BSL,BSL,False,False,0.5,2026-05-06 05:35:59,BPD446,0.0,BSL,ZERO,True,True,0.0,0.003584,BSL,BSL,False,False,0.5,SNY512,8PXMCGMT61NA2,0,1,1,AME401,D607555,355,12.0,12.0,OFF,OFF,ON,ON,ON,ON,ICCR2+CV+GF,4268.0,230.0,4015.0,199.0,191.0,P_78_GABON_R1,3.506619,05/05/2026 11:20:50 PM,4.331244,70.61508,36.0937,FL78.31YJC_SNIP_DLP2295515-1_27895,POR_REV4.2,CHECKVALVE,GF,USED(2),USED(1),TS,,POR_AMC,POR_AMC,LPCLEAN_1,non HRVA3,UNDEFINED,,UNDEFINED,UNDEFINED,NO_XPR5,,NON R3 HRVA,,UNDEFINED,Y|1,LEO,POR_GABON,UNDEFINED,DELTRIM,GABON_R1
2605,D5523470AN,GT9FQ206JKA5,8PXMCVBG,FL,8M5CL,PXMG,AME409_PM6,263067.0,P_78_GABON_B10_R4,2026-05-07 16:51:56,4,4.0,5.25,0.007318,BSL,BSL,False,False,0.75,2026-05-07 18:17:47,BPD442,0.003659,BSL,BSL,False,False,0.75,0.003659,BSL,BSL,False,False,0.25,SNV440,8PXMCGMT51NA4,0,1,1,AME409,D552347,206,7.0,4.0,ON,OFF,ON,ON,OFF,ON,SRCIP,18404.0,1030.0,2684.0,132.0,747.0,P_78_GABON_B10_R4,5.571204,05/07/2026 4:51:56 PM,1.457081,25.0,12.14234,FL78.31YJC_SNIP_DLP2295515-1_19413,,,,,,,,,,,,,,,,,,,,,,,,,,
2605,D6042280,IEFPA006MMF2,8PXMCVBG,FL,8M6CL,PXMG,AME411_PM1,256528.0,P_78_ROADRUNNER_R1,2026-05-08 14:09:39,2,1.0,13.0,0.003553,BSL,BSL,False,False,1.0,2026-05-08 15:03:22,BPD450,0.0,BSL,ZERO,True,True,0.0,0.003553,BSL,BSL,False,False,1.0,SNY510,8PXMCGMT61NA1,1,0,1,AME411,D604228,6,25.0,13.0,ON,OFF,ON,ON,ON,ON,SRCIP,2828.0,139.0,2828.0,139.0,938.0,P_78_ROADRUNNER_R1,1.074666,05/08/2026 2:09:39 PM,1.375628,24.0,11.46356,FL78.31YJC_SNIP_DLP2295515-1_24697,POR_REV4.2,CCMR2_SRCIP_CHECKVALVE,GF,NEW,USED(1),TS,POR_AMC,POR_AMC,CIP_AMC,LPCLEAN_1,non HRVA3,UNDEFINED,,UNDEFINED,UNDEFINED,NO_XPR5,,NON R3 HRVA,,UNDEFINED,N|0,LEO,UNDEFINED,UNDEFINED,DELTRIM,ROADRUNNER_R1
2605,D6042380AP,A29JN115SLF4,8PXMCVBG,FL,8M5CL,PXMG,AME409_PM6,263067.0,P_78_GABON_B10_R4,2026-05-07 10:36:00,4,4.0,7.0,0.0,BSL,ZERO,True,False,0.25,2026-05-07 12:36:40,BPD450,0.0,BSL,ZERO,True,False,0.25,0.0,BSL,ZERO,True,False,0.25,SNV440,8PXMCGMT51NA4,0,1,1,AME409,D604238,115,11.0,4.0,ON,OFF,ON,ON,OFF,ON,SRCIP,18393.0,1030.0,2673.0,132.0,736.0,P_78_GABON_B10_R4,1.750628,05/07/2026 10:36:00 AM,0.767411,13.0,6.395093,FL78.31YJC_SNIP_DLP2389353-1_1,,,,,,,,,,,,,,,,,,,,,,,,,,
2605,D6075760,KJA9Y007WFD0,8PR8CVB,FL,8M6CL,PR8B,AME425_PM1,256528.0,P_78_ROADRUNNER_R1,2026-05-08 23:16:01,2,1.0,11.0,0.003247,BSL,BSL,False,False,1.0,2026-05-09 00:40:52,BPD450,0.003247,BSL,BSL,False,False,1.0,0.0,BSL,ZERO,True,True,0.0,SNY510,8PR8CBMT60NA1,0,0,0,AME425,D607576,7,21.0,11.0,OFF,OFF,ON,ON,ON,ON,ICCR2+CV+GF,13885.0,739.0,13885.0,739.0,286.0,P_78_GABON_R1,0.038436,05/08/2026 11:16:01 PM,3.309443,57.0,27.57869,FL78.6H0QE_SNIP_DLP2344620-1_9013,REV4.5,CHECKVALVE,GF,USED(1),USED(1),TS,,POR_AMC,POR_AMC,LPCLEAN_1|PRE_LPCLEAN,non HRVA3,UNDEFINED,TNPPFREEKOH,UNDEFINED,CONTAINEMENT 1+3,NO_XPR5,,4hr R3 HRVA,UNDEFINED,UNDEFINED,N|0,LEO,UNDEFINED,UNDEFINED,DELTRIM,ROADRUNNER_R1
2605,D6064480,MCLPH334WAB2,8PXMCVBG,FL,8M5CL,PXMG,AME423_PM6,263067.0,P_78_GABON_B10_R4,2026-05-10 02:26:35,2,1.0,7.0,0.0,BSL,ZERO,True,True,0.0,2026-05-10 04:43:23,BPD436,0.0,BSL,ZERO,True,True,0.0,0.0,BSL,ZERO,True,True,0.0,SNY511,8PXMCGMT51NA4,0,0,0,AME423,D606448,334,14.0,7.0,OFF,OFF,ON,ON,ON,ON,ICCR2+CV+GF,11717.0,558.0,11717.0,558.0,720.0,S_78_RR_WF83_W1,0.340239,05/10/2026 2:26:35 AM,6.502144,96.68158,54.18454,FL78.31YJC_SNIP_DLP2295515-1_27895,POR_REV4.2,CHECKVALVE,GF,NEW,RECOATED,TS,,POR_AMC,POR_AMC,PRE_LPCLEAN,non HRVA3,UNDEFINED,,UNDEFINED,UNDEFINED,NO_XPR5,,4hr R3 HRVA,UNDEFINED,UNDEFINED,N|0,LEO,,,DELTRIM,UNDEFINED
2605,D6064570,KJA6M348WFB6,8PXMCVBG,FL,8M6CL,PXMG,AME427_PM4,260463.0,P_78_GABON_R1,2026-05-11 07:08:14,2,2.0,15.5,0.0,BSL,ZERO,True,False,0.5,2026-05-11 13:51:31,BPD446,0.0,BSL,ZERO,True,True,0.0,0.0,BSL,ZERO,True,False,0.5,SNY512,8PXMCGMT61NA1,0,0,0,AME427,D606457,348,16.0,16.0,OFF,OFF,ON,ON,ON,ON,ICCR2+CV+GF,13774.0,707.0,13774.0,707.0,285.0,P_78_GOBI_R5,0.339101,05/11/2026 7:08:14 AM,7.980412,138.0,66.50344,FL78.31YJC_SNIP_DLP2295515-1_27895,POR_REV4.2,CHECKVALVE,GF,NEW,NEW,TS,,POR_AMC,CIP_AMC,PRE_LPCLEAN|LPCLEAN_1,non HRVA3,UNDEFINED,,UNDEFINED,UNDEFINED,NO_XPR5,,NON R3 HRVA,,UNDEFINED,Y|1,LEO,POR_GABON,UNDEFINED,DELTRIM,GABON_R1
2605,D6053120,GT9LM712JKA2,8PXMCVBG,FL,8M6CL,PXMG,AME409_PM6,260463.0,P_78_GABON_R2,2026-05-09 19:23:34,6,6.0,12.666666666666666,0.049737,HIGHFLIER,HIGHFLIER,False,False,0.8333333333333334,2026-05-09 21:17:28,BPD448,0.031974,HIGHFLIER,HIGHFLIER,False,False,0.5,0.017763,HIGHFLIER,HIGHFLIER,False,False,0.8333333333333334,SNY512,8PXMCGMT61NA2,1,0,1,AME409,D605312,712,13.0,13.0,ON,OFF,ON,ON,OFF,ON,SRCIP,18667.0,1042.0,2947.0,144.0,52.0,P_80_MT6_GABON_R1,2.021821,05/09/2026 7:23:34 PM,3.198488,53.0,26.65406,FL78.31YJC_SNIP_DLP2295515-1_27189,POR_REV4.2,CCMR2_SRCIP_CHECKVALVE,Without_GF,USED(2),USED(2),Without_TS,CIP_AMC,CIP_AMC,POR_AMC,LPCLEAN_1,HRVA3,UNDEFINED,TNPPFREEKOH,UNDEFINED,CONTAINEMENT 1,NO_XPR5,,NON R3 HRVA,UNDEFINED,UNDEFINED,N|0,LEO,UNDEFINED,UNDEFINED,DELTRIM,UNDEFINED
2605,D6081010,A27QE214SLG7,8PXMCVBG,FL,8M6CL,PXMG,AME417_PM5,260463.0,P_78_GABON_R1,2026-05-14 08:42:09,2,2.0,13.5,0.010658,BSL,BSL,False,False,1.0,2026-05-14 11:41:51,BPD454,0.003553,BSL,BSL,False,False,0.5,0.007105,BSL,BSL,False,False,1.0,SNY512,8PXMCGMT61NA1,0,0,0,AME417,D608101,214,8.0,8.0,OFF,OFF,ON,ON,ON,OFF,ICCR2+CV+GF,18630.0,895.0,18630.0,895.0,714.0,P_78_ROADRUNNER_R1,1.613,05/14/2026 8:42:09 AM,2.673705,50.0,22.28087,FL78.31YJC_SNIP_DLP2295515-1_28629,POR_REV4.2,CHECKVALVE,GF,USED(2),USED(2),Without_TS,,POR_AMC,POR_AMC,PRE_LPCLEAN|LPCLEAN_1,non HRVA3,UNDEFINED,,UNDEFINED,NO CONTAINEMENT,NO_XPR5,,NON R3 HRVA,,UNDEFINED,Y|1,LEO,POR_GABON,UNDEFINED,DELTRIM,GABON_R1
2605,D6075570,GQ7JE204JKC4,8PXMCVBG,FL,8M6CL,PXMG,AME409_PM5,256528.0,P_78_ROADRUNNER_R1,2026-05-13 23:29:54,1,1.0,6.0,0.0,BSL,ZERO,True,True,0.0,2026-05-14 04:04:44,BPD442,0.0,BSL,ZERO,True,True,0.0,0.0,BSL,ZERO,True,True,0.0,SNY511,8PXMCGMT61NA1,0,0,1,AME409,D607557,204,6.0,6.0,OFF,OFF,ON,ON,ON,ON,ICCR2+CV+GF,16884.0,990.0,9541.0,469.0,552.0,P_78_GABON_R1,2.033346,05/13/2026 11:29:54 PM,2.741489,50.15589,22.84575,FL78.31YJC_SNIP_DLP2295515-1_27895,POR_REV4.2,CHECKVALVE,GF,USED(1),USED(1),TS,,CIP_AMC,POR_AMC,LPCLEAN_1|PRE_LPCLEAN,non HRVA3,UNDEFINED,,UNDEFINED,UNDEFINED,NO_XPR5,,4hr R3 HRVA,NEWKOH,UNDEFINED,N|0,LEO,UNDEFINED,UNDEFINED,DELTRIM,ROADRUNNER_R1
2605,D6075340,5DXBX634MVD6,8PXMCVBG,FL,8M6CL,PXMG,AME423_PM5,256528.0,P_78_ROADRUNNER_R2,2026-05-15 13:37:25,6,4.0,6.0,0.003553,BSL,BSL,False,False,0.5,2026-05-15 16:00:45,BPD442,0.0,BSL,ZERO,True,True,0.0,0.003553,BSL,BSL,False,False,0.5,SNY511,8PXMCGMT61NA1,0,0,1,AME423,D607534,634,5.0,2.0,OFF,ON,ON,ON,ON,OFF,CCMR2+ICCR2+CV+GF,19196.0,1030.0,1779.0,81.0,808.0,P_78_GABON_R2,0.136314,05/15/2026 1:37:25 PM,10.69141,172.182,89.09505,FL78.31YJC_SNIP_DLP2295515-1_27895,POR_REV4.2,CCMR2_CHECKVALVE,GF,NEW,NEW,Without_TS,,POR_AMC,CIP_AMC,PRE_LPCLEAN|LPCLEAN_1,non HRVA3,UNDEFINED,,UNDEFINED,UNDEFINED,NO_XPR5,,NON R3 HRVA,,UNDEFINED,N|0,LEO,UNDEFINED,UNDEFINED,DELTRIM,UNDEFINED
2605,D6068790,A29G5077SLB3,8PR8CVB,FL,8M6CL,PR8B,AME423_PM4,256528.0,P_78_ROADRUNNER_R2,2026-05-15 03:23:06,5,2.0,11.0,0.009742,BSL,BSL,False,False,0.5,2026-05-15 04:51:13,BPD432,0.0,BSL,ZERO,True,True,0.0,0.009742,BSL,BSL,False,False,0.5,SNY512,8PR8CBMT60NA2,0,0,1,AME423,D606879,77,20.0,10.0,OFF,OFF,ON,ON,ON,ON,ICCR2+CV+GF,8420.0,420.0,8420.0,420.0,449.0,P_78_GABON_R2,0.528045,05/15/2026 3:23:06 AM,4.526741,71.0,37.72284,FL78.6H0QE_SNIP_DLP2344620-1_8408,REV4.5,CHECKVALVE,GF,NEW,NEW,TS,POR_AMC,CIP_AMC,POR_AMC,LPCLEAN_1,non HRVA3,UNDEFINED,,UNDEFINED,NO CONTAINEMENT,NO_XPR5,,NON R3 HRVA,,UNDEFINED,N|0,LEO,UNDEFINED,UNDEFINED,DELTRIM,UNDEFINED
2605,D6081200,5DXEG233MVF5,8PR8CVB,FL,8M5CL,PR8B,AME411_PM3,263067.0,P_78_GABON_B10_R3,2026-05-17 22:10:20,2,1.0,5.0,0.003247,BSL,BSL,False,False,1.0,2026-05-17 23:22:06,BPD444,0.0,BSL,ZERO,True,True,0.0,0.003247,BSL,BSL,False,False,1.0,SNY512,8PR8CBMT51NA1,0,0,0,AME411,D608120,233,9.0,5.0,OFF,OFF,ON,ON,ON,ON,ICCR2+CV+GF,6828.0,323.0,6828.0,323.0,592.0,P_78_GABON_R1,0.498418,05/17/2026 10:10:20 PM,3.349022,58.0,27.90852,FL78.6H0QE_SNIP_DLP2415408-1_328,REV4.5,CHECKVALVE,GF,USED(1),USED(1),Without_TS,,POR_AMC,POR_AMC,PRE_LPCLEAN|LPCLEAN_1,non HRVA3,UNDEFINED,,UNDEFINED,UNDEFINED,NO_XPR5,,NON R3 HRVA,,UNDEFINED,N|0,LEO,,,DELTRIM,GABON_B10_R3
2605,D6075620,KJ97L023WFG0,8PXMCVBG,FL,8M5CL,PXMG,AME427_PM5,263067.0,P_78_GABON_B10_R3,2026-05-17 05:07:31,2,1.0,1.0,0.0,BSL,ZERO,True,True,0.0,2026-05-17 06:19:25,BPD458,0.0,BSL,ZERO,True,True,0.0,0.0,BSL,ZERO,True,True,0.0,SNY512,8PXMCGMT51NA1,0,0,0,AME427,D607562,23,6.0,1.0,OFF,OFF,ON,ON,ON,OFF,ICCR2+CV+GF,24914.0,1414.0,9876.0,462.0,70.0,P_78_GOBI_R5,7.206544,05/17/2026 5:07:31 AM,0.835469,12.0,6.962245,FL78.31YJC_SNIP_DLP2295515-1_27895,POR_REV4.2,CHECKVALVE,GF,NEW,RECOATED,Without_TS,,POR_AMC,CIP_AMC,PRE_LPCLEAN|LPCLEAN_1,non HRVA3,UNDEFINED,,UNDEFINED,UNDEFINED,NO_XPR5,,NON R3 HRVA,,UNDEFINED,N|0,LEO,,,DELTRIM,GABON_B10_R3
2605,D6075440,MCLPM003WAC6,8PXMCVBG,FL,8M6CL,PXMG,AME417_PM1,260463.0,P_78_GABON_R2,2026-05-19 03:25:36,2,1.0,5.0,0.0,BSL,ZERO,True,True,0.0,2026-05-19 05:02:47,BPD444,0.0,BSL,ZERO,True,True,0.0,0.0,BSL,ZERO,True,True,0.0,SNV440,8PXMCGMT61NA1,0,0,0,AME417,D607544,3,9.0,5.0,OFF,ON,ON,ON,ON,ON,CCMR2+ICCR2+CV+GF,8286.0,426.0,8286.0,426.0,100.0,P_78_GABON_R2,1.229816,05/19/2026 3:25:36 AM,2.957425,48.0,24.64521,FL78.31YJC_SNIP_DLP2295515-1_27895,POR_REV4.2,CCMR2_CHECKVALVE,GF,NEW,RECOATED,TS,POR_AMC,POR_AMC,POR_AMC,LPCLEAN_1,non HRVA3,UNDEFINED,,UNDEFINED,NO CONTAINEMENT,NO_XPR5,,NON R3 HRVA,,UNDEFINED,N|0,LEO,UNDEFINED,UNDEFINED,DELTRIM,UNDEFINED
2605,D6091620,5DXEF158MVG7,8PXMCVBG,FL,8M6CL,PXMG,AME421_PM2,260463.0,P_78_GABON_R2,2026-05-21 19:10:11,2,2.0,14.5,0.003553,BSL,BSL,False,False,0.5,2026-05-21 20:37:27,BPD436,0.0,BSL,ZERO,True,True,0.0,0.003553,BSL,BSL,False,False,0.5,SNV440,8PXMCGMT61NA1,0,1,0,AME421,D609162,158,25.0,23.0,OFF,ON,ON,ON,ON,OFF,CCMR2+ICCR2+CV+GF,17196.0,974.0,424.0,21.0,421.0,P_78_THAR_R5,11.69927,05/21/2026 7:10:11 PM,0.300729,5.301229,2.506076,FL78.31YJC_SNIP_DLP2295515-1_29714,POR_REV4.2,CCMR2_CHECKVALVE,GF,NEW,USED(1),Without_TS,POR_AMC,CIP_AMC,POR_AMC,LPCLEAN_1,non HRVA3,UNDEFINED,,UNDEFINED,UNDEFINED,NO_XPR5,,4hr R3 HRVA,NEWKOH,UNDEFINED,N|0,LEO,UNDEFINED,UNDEFINED,DELTRIM,UNDEFINED
2605,D6086000,GT9ZP284JKG5,8PONCVBB,FL,8M6CL,PNCB,AME419_PM3,260463.0,P_78_GABON_R2,2026-05-21 06:41:25,2,2.0,5.5,0.0,BSL,ZERO,True,True,0.0,2026-05-21 07:44:11,BPD450,0.0,BSL,ZERO,True,True,0.0,0.0,BSL,ZERO,True,True,0.0,SNY511,8PXSCBMT60NA1,0,0,0,AME419,D608600,284,6.0,3.0,OFF,OFF,ON,ON,ON,ON,ICCR2+CV+GF,5575.0,269.0,5404.0,255.0,616.0,P_78_THAR_R5,0.038137,05/21/2026 6:41:25 AM,3.396269,64.58296,28.30224,FL78.3FGTC_SNIP_DLP2295522-1_19960,POR_REV4.2,CHECKVALVE,GF,NEW,NEW,Without_TS,POR_AMC,CIP_AMC,CIP_AMC,LPCLEAN_1,non HRVA3,UNDEFINED,TNPPFREEKOH,UNDEFINED,CONTAINEMENT 1,NO_XPR5,,NON R3 HRVA,NEWKOH,UNDEFINED,N|0,LEO,UNDEFINED,UNDEFINED,DELTRIM,UNDEFINED
2605,D6091720,KJ7HD277WFG7,8PXMCVBG,FL,8M5CL,PXMG,AME411_PM3,263067.0,P_78_GABON_B10_R4,2026-05-22 20:19:39,2,2.0,2.5,0.011075,BSL,BSL,False,False,0.5,2026-05-22 21:11:47,BPD446,0.011075,HIGHFLIER,HIGHFLIER,False,False,0.5,0.0,BSL,ZERO,True,True,0.0,SNY511,8PXMCGMT51NA4,0,0,0,AME411,D609172,277,25.0,4.0,OFF,OFF,ON,ON,ON,ON,ICCR2+CV+GF,7056.0,334.0,7056.0,334.0,820.0,M_UBE_MIMIC_R1,28.00111,05/22/2026 8:19:39 PM,0.0,0.0,0.0,FL78.31YJC_SNIP_DLP2295515-1_29714,POR_REV4.2,CHECKVALVE,GF,USED(1),USED(1),Without_TS,,CIP_AMC,POR_AMC,LPCLEAN_1,non HRVA3,UNDEFINED,TNPPFREEKOH,UNDEFINED,CONTAINEMENT 1+3,NO_XPR5,,4hr R3 HRVA,NEWKOH,UNDEFINED,N|0,LEO,,,DELTRIM,UNDEFINED
2605,D6081120,A2BDY023SLF3,8PXMCVBG,FL,8M6CL,PXMG,AME401_PM1,260463.0,P_78_GABON_R2,2026-05-22 19:19:17,2,2.0,3.5,0.0,BSL,ZERO,True,True,0.0,2026-05-22 22:31:29,BPD454,0.0,BSL,ZERO,True,True,0.0,0.0,BSL,ZERO,True,True,0.0,SNV440,8PXMCGMT61NA1,0,0,0,AME401,D608112,23,9.0,5.0,OFF,OFF,ON,ON,ON,OFF,ICCR2+CV+GF,17722.0,871.0,17469.0,843.0,176.0,P_78_GABON_R2,0.029226,05/22/2026 7:19:17 PM,3.337946,67.0,27.81622,FL78.31YJC_SNIP_DLP2295515-1_28629,POR_REV4.2,CHECKVALVE,GF,USED(1),NEW,Without_TS,,CIP_AMC,CIP_AMC,LPCLEAN_1,non HRVA3,UNDEFINED,,UNDEFINED,UNDEFINED,NO_XPR5,,NON R3 HRVA,,UNDEFINED,N|0,LEO,UNDEFINED,UNDEFINED,DELTRIM,UNDEFINED
2606,D6136030,A2CJE029SLG3,8PXMCVBG,FL,8M6CL,PXMG,AME427_PM5,260463.0,P_78_GABON_R2,2026-06-01 16:26:05,4,4.0,17.0,0.003584,BSL,BSL,False,False,1.0,2026-06-01 18:50:50,BPD446,0.0,BSL,ZERO,True,False,0.5,0.003584,BSL,BSL,False,False,0.75,SNY511,8PXMCGMT61NA1,0,1,1,AME427,D613603,29,24.0,24.0,OFF,OFF,ON,ON,ON,OFF,ICCR2+CV+GF,25671.0,1452.0,10633.0,500.0,255.0,P_78_ROADRUNNER_R2,0.743361,06/01/2026 4:26:05 PM,3.649756,64.0,30.41463,FL78.31YJC_SNIP_DLP2295515-1_39752,POR_REV4.2,CHECKVALVE,GF,NEW,RECOATED,Without_TS,,POR_AMC,CIP_AMC,PRE_LPCLEAN|LPCLEAN_1,non HRVA3,UNDEFINED,,UNDEFINED,NO CONTAINEMENT,NO_XPR5,,4hr R3 HRVA,,UNDEFINED,N|0,LEO,UNDEFINED,UNDEFINED,DELTRIM,UNDEFINED
2606,D6091840,KJ9HE248WFB6,8PXMCVBG,FL,8M6CL,PXMG,AME419_PM5,260463.0,P_78_GABON_R2,2026-06-01 15:51:33,2,2.0,4.0,0.003553,BSL,BSL,False,False,0.5,2026-06-01 20:07:14,BPD436,0.0,BSL,ZERO,True,True,0.0,0.003553,BSL,BSL,False,False,0.5,SNY511,8PXMCGMT61NA1,0,0,0,AME419,D609184,248,13.0,6.0,OFF,ON,ON,ON,OFF,ON,CCMR2+ICCR2+CV,11962.0,592.0,11962.0,592.0,551.0,P_78_ROADRUNNER_R2,0.128107,06/01/2026 3:51:33 PM,8.667948,163.0,72.2329,FL78.31YJC_SNIP_DLP2295515-1_29714,POR_REV4.2,CCMR2_CHECKVALVE,Without_GF,NEW,RECOATED,TS,POR_AMC,POR_AMC,CIP_AMC,LPCLEAN_1,non HRVA3,UNDEFINED,TNPPFREEKOH,UNDEFINED,CONTAINEMENT 1,NO_XPR5,,NON R3 HRVA,NEWKOH,UNDEFINED,N|0,LEO,UNDEFINED,UNDEFINED,DELTRIM,UNDEFINED
2606,D6086390,KJ7HD293WFG2,8PXMCVBG,FL,8M6CL,PXMG,AME419_PM6,260463.0,P_78_GABON_R2,2026-06-01 01:43:22,2,2.0,6.0,0.007168,BSL,BSL,False,False,0.5,2026-06-01 02:39:53,BPD436,0.007168,BSL,BSL,False,False,0.5,0.0,BSL,ZERO,True,True,0.0,SNY511,8PXMCGMT61NA1,0,0,0,AME419,D608639,293,16.0,7.0,ON,OFF,ON,ON,ON,OFF,SRCIP,289.0,27.0,289.0,27.0,174.0,P_78_ROADRUNNER_R2,0.513226,06/01/2026 1:43:22 AM,2.308018,40.00925,19.23348,FL78.31YJC_SNIP_DLP2295515-1_28629,POR_REV4.2,CCMR2_SRCIP_CHECKVALVE,GF,NEW,NEW,Without_TS,POR_AMC,CIP_AMC,CIP_AMC,LPCLEAN_1,HRVA3,UNDEFINED,TNPPFREEKOH,UNDEFINED,CONTAINEMENT 1,NO_XPR5,,NON R3 HRVA,NEWKOH,UNDEFINED,N|0,LEO,UNDEFINED,UNDEFINED,DELTRIM,UNDEFINED
2606,D6102470,A2BS5017SLF1,8PXMCVBG,FL,8M6CL,PXMG,AME401_PM2,256528.0,P_78_ROADRUNNER_R2,2026-06-01 01:12:22,2,1.0,2.0,0.007168,BSL,BSL,False,False,1.0,2026-06-01 02:48:29,BPD442,0.003584,BSL,BSL,False,False,1.0,0.003584,BSL,BSL,False,False,1.0,SNY512,8PXMCGMT61NB4,0,0,0,AME401,D610247,17,4.0,2.0,OFF,OFF,ON,ON,ON,ON,ICCR2+CV+GF,16015.0,814.0,15668.0,755.0,131.0,P_78_ROADRUNNER_R2,0.163175,06/01/2026 1:12:22 AM,6.664154,119.0,55.53462,FL78.31YJC_SNIP_DLP2428887-1_186,REV4.5,CHECKVALVE,GF,USED(1),NEW,Without_TS,,POR_AMC,CIP_AMC,PRE_LPCLEAN|LPCLEAN_1,non HRVA3,UNDEFINED,,UNDEFINED,UNDEFINED,NO_XPR5,,NON R3 HRVA,,UNDEFINED,N|0,LEO,UNDEFINED,UNDEFINED,DELTRIM,UNDEFINED
2606,D6102340,GT9ZP073JKH0,8PXMCVBG,FL,8M5CL,PXMG,AME421_PM3,263067.0,P_78_GABON_B10_R4,2026-05-31 23:52:00,2,1.0,3.0,0.007383,BSL,BSL,False,False,1.0,2026-06-01 01:13:48,BPD436,0.007383,BSL,BSL,False,False,1.0,0.0,BSL,ZERO,True,True,0.0,SNY511,8PXMCGMT51NB4,0,0,0,AME421,D610234,73,5.0,3.0,OFF,ON,ON,ON,ON,OFF,CCMR2+ICCR2+CV+GF,19435.0,1039.0,1845.0,84.0,897.0,P_78_THAR_R5,15.65105,05/31/2026 11:52:00 PM,0.0,0.0,0.0,FL78.31YJC_SNIP_DLP2428866-1_186,REV4.5,CCMR2_CHECKVALVE,GF,NEW,NEW,Without_TS,POR_AMC,CIP_AMC,POR_AMC,LPCLEAN_1|PRE_LPCLEAN,non HRVA3,UNDEFINED,TNPPFREEKOH,UNDEFINED,CONTAINEMENT 1,NO_XPR5,,NON R3 HRVA,NEWKOH,UNDEFINED,N|0,LEO,,,DELTRIM,UNDEFINED
2605,D6091640,5DXDW532MVB6,8PXMCVBG,FL,8M5CL,PXMG,AME409_PM3,263067.0,P_78_GABON_B10_R4,2026-05-31 12:25:54,2,1.0,13.0,0.0,BSL,ZERO,True,True,0.0,2026-05-31 15:11:40,BPD446,0.0,BSL,ZERO,True,True,0.0,0.0,BSL,ZERO,True,True,0.0,SNV442,8PXMCGMT51NA1,0,0,0,AME409,D609164,532,25.0,13.0,ON,OFF,ON,ON,ON,OFF,SRCIP,20821.0,1064.0,2903.0,134.0,925.0,P_78_GABON_B10_R4,0.44333,05/31/2026 12:25:54 PM,5.053825,84.3448,42.11521,FL78.31YJC_SNIP_DLP2295515-1_29714,POR_REV4.2,CCMR2_SRCIP_CHECKVALVE,GF,NEW,USED(2),Without_TS,,CIP_AMC,POR_AMC,LPCLEAN_1|PRE_LPCLEAN,non HRVA3,UNDEFINED,TNPPFREEKOH,UNDEFINED,CONTAINEMENT 1,NO_XPR5,,NON R3 HRVA,NEWKOH,UNDEFINED,N|0,LEO,,,DELTRIM,UNDEFINED
2605,D6102290,A29ZA061SLD3,8PXMCVBG,FL,8M5CL,PXMG,AME421_PM2,263067.0,P_78_GABON_B10_R4,2026-05-31 00:39:55,2,1.0,12.0,0.0,BSL,ZERO,True,True,0.0,2026-05-31 01:56:22,BPD446,0.0,BSL,ZERO,True,True,0.0,0.0,BSL,ZERO,True,True,0.0,SNY512,8PXMCGMT51NB4,0,0,0,AME421,D610229,61,24.0,12.0,OFF,ON,ON,ON,ON,OFF,CCMR2+ICCR2+CV+GF,17684.0,999.0,912.0,46.0,904.0,P_78_GABON_B10_R4,2.008142,05/31/2026 12:39:55 AM,2.59435,41.0,21.61958,FL78.31YJC_SNIP_DLP2295515-1_30803,REV4.5,CCMR2_CHECKVALVE,GF,NEW,USED(1),Without_TS,POR_AMC,POR_AMC,CIP_AMC,LPCLEAN_1,non HRVA3,UNDEFINED,TNPPFREEKOH,UNDEFINED,CONTAINEMENT 1,NO_XPR5,,NON R3 HRVA,NEWKOH,UNDEFINED,N|0,LEO,,,DELTRIM,UNDEFINED
2605,D6113200,MCLPG173WAB5,8PXMCVBG,FL,8M5CL,PXMG,AME427_PM3,263067.0,P_78_GABON_B10_R4,2026-05-30 23:55:29,2,1.0,3.0,0.0,BSL,ZERO,True,True,0.0,2026-05-31 01:29:37,BPD454,0.0,BSL,ZERO,True,True,0.0,0.0,BSL,ZERO,True,True,0.0,SNY512,8PXMCGMT51NB4,0,0,0,AME427,D611320,173,5.0,3.0,ON,OFF,ON,ON,ON,ON,SRCIP,21222.0,1125.0,15104.0,711.0,517.0,P_78_GABON_B10_R4,1.377957,05/30/2026 11:55:29 PM,6.019939,102.6325,50.16616,FL78.31YJC_SNIP_DLP2295515-1_33395,REV4.5,CCMR2_SRCIP_CHECKVALVE,GF,NEW,RECOATED,TS,POR_AMC,CIP_AMC,CIP_AMC,LPCLEAN_1,non HRVA3,UNDEFINED,,UNDEFINED,UNDEFINED,NO_XPR5,,NON R3 HRVA,,UNDEFINED,N|0,LEO,,,DELTRIM,UNDEFINED
2605,D6086290,GU2DU564JKG4,8PXMCVBG,FL,8M6CL,PXMG,AME425_PM3,256528.0,P_78_ROADRUNNER_R2,2026-05-30 17:34:55,4,4.0,11.0,0.0,BSL,ZERO,True,True,0.0,2026-05-30 19:31:31,BPD442,0.0,BSL,ZERO,True,True,0.0,0.0,BSL,ZERO,True,True,0.0,SNY510,8PXMCGMT61NB4,0,1,1,AME425,D608629,564,8.0,8.0,OFF,OFF,ON,ON,ON,OFF,ICCR2+CV+GF,20414.0,1505.0,7518.0,475.0,190.0,P_78_THAR_R5,3.638487,05/30/2026 5:34:55 PM,1.520127,25.0,12.66772,FL78.31YJC_SNIP_DLP2295515-1_28629,REV4.5,CHECKVALVE,GF,NEW,NEW,Without_TS,,CIP_AMC,POR_AMC,LPCLEAN_1,non HRVA3,UNDEFINED,,UNDEFINED,UNDEFINED,NO_XPR5,,NON R3 HRVA,,UNDEFINED,N|0,LEO,UNDEFINED,UNDEFINED,DELTRIM,UNDEFINED
2605,D6091780,GU1AG001JKG5,8PXMCVBG,FL,8M6CL,PXMG,AME409_PM5,256528.0,P_78_ROADRUNNER_R2,2026-05-30 17:28:00,2,1.0,1.0,0.007168,BSL,BSL,False,False,1.0,2026-05-30 19:17:23,BPD436,0.0,BSL,ZERO,True,True,0.0,0.007168,BSL,BSL,False,False,1.0,SNY510,8PXMCGMT61NB4,0,0,0,AME409,D609178,1,1.0,1.0,OFF,OFF,ON,ON,ON,ON,ICCR2+CV+GF,18902.0,1085.0,11559.0,563.0,651.0,P_78_ROADRUNNER_R2,0.28009,05/30/2026 5:28:00 PM,6.929472,118.6305,57.7456,FL78.31YJC_SNIP_DLP2295515-1_29714,REV4.5,CHECKVALVE,GF,USED(1),USED(1),TS,POR_AMC,CIP_AMC,CIP_AMC,LPCLEAN_1,HRVA3,UNDEFINED,TNPPFREEKOH,UNDEFINED,CONTAINEMENT 1,NO_XPR5,,NON R3 HRVA,NEWKOH,UNDEFINED,N|0,LEO,UNDEFINED,UNDEFINED,DELTRIM,UNDEFINED
2605,D6091700,A29G5130SLE3,8PXMCVBG,FL,8M6CL,PXMG,AME409_PM5,256528.0,P_78_ROADRUNNER_R2,2026-05-30 17:03:02,2,1.0,11.0,0.0,BSL,ZERO,True,True,0.0,2026-05-30 18:35:56,BPD448,0.0,BSL,ZERO,True,True,0.0,0.0,BSL,ZERO,True,True,0.0,SNY510,8PXMCGMT61NB4,0,0,0,AME409,D609170,130,21.0,11.0,OFF,OFF,ON,ON,ON,ON,ICCR2+CV+GF,18889.0,1084.0,11546.0,563.0,638.0,P_78_GABON_R2,0.478657,05/30/2026 5:03:02 PM,6.948236,118.0,57.90197,FL78.31YJC_SNIP_DLP2295515-1_29714,REV4.5,CHECKVALVE,GF,USED(1),USED(1),TS,POR_AMC,CIP_AMC,CIP_AMC,LPCLEAN_1,non HRVA3,UNDEFINED,,UNDEFINED,UNDEFINED,NO_XPR5,,NON R3 HRVA,,UNDEFINED,N|0,LEO,UNDEFINED,UNDEFINED,DELTRIM,UNDEFINED
2605,D6102470,A2BS5017SLF1,8PXMCVBG,FL,8M5CL,PXMG,AME409_PM4,263067.0,P_78_GABON_B10_R4,2026-05-30 03:56:41,2,1.0,2.0,0.007384,BSL,BSL,False,False,1.0,2026-05-30 05:41:21,BPD436,0.003692,BSL,BSL,False,False,1.0,0.003692,BSL,BSL,False,False,1.0,SNY510,8PXMCGMT51NB4,0,0,0,AME409,D610247,17,4.0,2.0,OFF,ON,ON,ON,ON,ON,CCMR2+ICCR2+CV+GF,20436.0,1084.0,2715.0,127.0,799.0,P_78_GABON_B10_R4,0.412108,05/30/2026 3:56:41 AM,6.353538,104.0,52.94615,FL78.31YJC_SNIP_DLP2428887-1_186,REV4.5,CCMR2_CHECKVALVE,GF,USED(1),USED(1),TS,,POR_AMC,CIP_AMC,LPCLEAN_1,non HRVA3,UNDEFINED,TNPPFREEKOH,UNDEFINED,CONTAINEMENT 1+3,NO_XPR5,,4hr R3 HRVA,NEWKOH,UNDEFINED,N|0,LEO,,,DELTRIM,UNDEFINED
2605,D6086390,KJ7HD293WFG2,8PXMCVBG,FL,8M5CL,PXMG,AME409_PM4,263067.0,P_78_GABON_B10_R4,2026-05-30 01:51:21,2,2.0,6.0,0.007383,BSL,BSL,False,False,0.5,2026-05-30 03:47:42,BPD446,0.007383,BSL,BSL,False,False,0.5,0.0,BSL,ZERO,True,True,0.0,SNV442,8PXMCGMT51NA1,0,0,0,AME409,D608639,293,16.0,7.0,OFF,ON,ON,ON,ON,ON,CCMR2+ICCR2+CV+GF,20410.0,1082.0,2689.0,126.0,773.0,P_78_GABON_B10_R4,0.19932,05/30/2026 1:51:21 AM,5.769248,97.0,48.07707,FL78.31YJC_SNIP_DLP2295515-1_28629,POR_REV4.2,CCMR2_CHECKVALVE,GF,USED(1),USED(1),TS,POR_AMC,POR_AMC,CIP_AMC,LPCLEAN_1,HRVA3,UNDEFINED,TNPPFREEKOH,UNDEFINED,CONTAINEMENT 1,NO_XPR5,,NON R3 HRVA,NEWKOH,UNDEFINED,N|0,LEO,,,DELTRIM,UNDEFINED
2605,D6086450,KJA9P653WFH2,8PXMCVBG,FL,8M5CL,PXMG,AME411_PM3,263067.0,P_78_GABON_B10_R4,2026-05-28 20:35:08,6,3.0,8.666666666666666,0.0,BSL,ZERO,True,False,0.3333333333333333,2026-05-28 22:40:47,BPD436,0.0,BSL,ZERO,True,False,0.3333333333333333,0.0,BSL,ZERO,True,True,0.0,SNV440,8PXMCGMT51NB4,0,0,1,AME411,D608645,653,19.0,10.0,OFF,OFF,ON,ON,ON,ON,ICCR2+CV+GF,7936.0,373.0,7936.0,373.0,738.0,P_78_GABON_R2,0.257665,05/28/2026 8:35:08 PM,8.328699,146.5695,69.40583,FL78.31YJC_SNIP_DLP2295515-1_28629,REV4.5,CHECKVALVE,GF,USED(1),USED(1),Without_TS,POR_AMC,POR_AMC,POR_AMC,LPCLEAN_1,non HRVA3,UNDEFINED,,UNDEFINED,UNDEFINED,NO_XPR5,,NON R3 HRVA,,UNDEFINED,N|0,LEO,,,DELTRIM,UNDEFINED
2605,D6114290,KJA9Y004WFF0,8PONCVBB,FL,8M5CL,PNCB,AME409_PM4,263067.0,P_78_GABON_B10_R4,2026-05-26 02:28:01,12,6.0,6.0,0.003584,BSL,BSL,False,False,0.5,2026-05-26 07:06:41,BPD436,0.003584,BSL,BSL,False,False,0.1666666666666666,0.0,BSL,ZERO,True,False,0.3333333333333333,SNY512,8PXSCBMT50NA2,1,0,1,AME409,D611429,4,12.0,6.0,OFF,ON,ON,ON,ON,ON,CCMR2+ICCR2+CV+GF,19860.0,1056.0,2139.0,100.0,229.0,P_78_GABON_B10_R4,0.549624,05/26/2026 2:28:01 AM,3.370961,57.0,28.09134,FL78.3FGTC_SNIP_DLP2295522-1_24841,POR_REV4.2,CCMR2_CHECKVALVE,GF,USED(1),USED(1),TS,,POR_AMC,CIP_AMC,PRE_LPCLEAN|LPCLEAN_1,non HRVA3,UNDEFINED,TNPPFREEKOH,UNDEFINED,CONTAINEMENT 1+3,NO_XPR5,,4hr R3 HRVA,NEWKOH,UNDEFINED,N|0,LEO,,,DELTRIM,UNDEFINED
2605,D6086180,GU2DU440JKD4,8PXMCVBG,FL,8M6CL,PXMG,AME419_PM6,260463.0,P_78_GABON_R2,2026-05-25 20:23:08,4,4.0,12.5,0.0,BSL,ZERO,True,True,0.0,2026-05-25 22:31:13,BPD454,0.0,BSL,ZERO,True,True,0.0,0.0,BSL,ZERO,True,True,0.0,SNY510,8PXMCGMT61NA2,0,1,1,AME419,D608618,440,9.0,9.0,OFF,OFF,ON,ON,ON,OFF,ICCR2+CV+GF,34838.0,1665.0,14488.0,684.0,188.0,M_SS_L100,0.247745,05/25/2026 8:23:08 PM,2.900745,31.0,24.17287,FL78.31YJC_SNIP_DLP2295515-1_28629,POR_REV4.2,CHECKVALVE,GF,NEW,NEW,Without_TS,POR_AMC,CIP_AMC,CIP_AMC,LPCLEAN_1,non HRVA3,UNDEFINED,TNPPFREEKOH,UNDEFINED,CONTAINEMENT 1,NO_XPR5,,NON R3 HRVA,NEWKOH,UNDEFINED,N|0,LEO,UNDEFINED,UNDEFINED,DELTRIM,UNDEFINED
2605,D6091890,A2ASU277SLD5,8PXMCVBG,FL,8M5CL,PXMG,AME409_PM1,263067.0,P_78_GABON_B10_R4,2026-05-25 01:06:38,2,1.0,6.0,0.0,BSL,ZERO,True,True,0.0,2026-05-25 13:41:06,BPD436,0.0,BSL,ZERO,True,True,0.0,0.0,BSL,ZERO,True,True,0.0,SNY511,8PXMCGMT51NA4,0,0,0,AME409,D609189,277,11.0,6.0,OFF,ON,ON,ON,ON,OFF,CCMR2+ICCR2+CV+GF,1416.0,72.0,1416.0,72.0,431.0,P_78_GABON_B10_R4,4.266623,05/25/2026 1:06:38 AM,3.089026,46.0,25.74189,FL78.31YJC_SNIP_DLP2295515-1_29714,POR_REV4.2,CCMR2_CHECKVALVE,GF,NEW,RECOATED,Without_TS,,CIP_AMC,CIP_AMC,LPCLEAN_1,non HRVA3,UNDEFINED,TNPPFREEKOH,UNDEFINED,CONTAINEMENT 1,NO_XPR5,,NON R3 HRVA,NEWKOH,UNDEFINED,N|0,LEO,,,DELTRIM,UNDEFINED
