YYMM,LOT,LOT7_prod,ACTUAL_LOT_prod,WAFER_ID_prod,LAYER_prod,WAFER_KEY_prod,INSPECTION_TIME_prod,DEFECT_ID_prod,CLASS_prod,FINEBIN_prod,WAFER_X_MM_prod,WAFER_Y_MM_prod,IMAGE_COUNT_prod,SUBENTITY,RECIPE,SUBENTITY_END_TIME,INSPECT_TIME,INSPECT_TOOL,SUM_NCDD,STATUS,SRCIP,CCMR2,ICCR2,CV,GF,TS,PILOT_STATUS,BEEP_NCDD,SMP_NCDD,SIZE_X_prod,SIZE_Y_prod,SIZE_D_prod,AREA_prod,MANUAL_OPTICAL_CLASS_prod,INSPECT_TIME_DT,INSPECT_KEY_prod,_KEY,WAFER_KEY_db,INSPECTION_TIME_db,WAFER_ID_db,LOT7_db,ACTUAL_LOT_db,LAYER_db,DEFECT_ID_db,CLASS_db,FINEBIN_db,WAFER_X_MM_db,WAFER_Y_MM_db,IMAGE_COUNT_db,SIZE_X_db,SIZE_Y_db,SIZE_D_db,AREA_db,MANUAL_OPTICAL_CLASS_db,INSPECT_KEY_db,_merge,mismatch_type,LOT_GROUP,WAFER_GROUP,LAYER_GROUP
,,,,,,,,,,,,,,,,,,,,,,,,,,,,,,,,,,,,,D5311930J|GQ1KC483JKB3|8M6CL|2026-08-10 12:26:29|1,8833258,2026-08-10 12:26:29,GQ1KC483JKB3,D531193,D5311930J,8M6CL,1,NVD_FALSE,NVD_FALSE,-113.027028,-17.239871,4,449,630,630,4061,0,2026-08-10 12:26:29,right_only,missing_in_production,,GQ1KC483JKB3,8M6CL
,,,,,,,,,,,,,,,,,,,,,,,,,,,,,,,,,,,,,D5311930J|GQ1KC483JKB3|8M6CL|2026-08-10 12:26:29|10,8833258,2026-08-10 12:26:29,GQ1KC483JKB3,D531193,D5311930J,8M6CL,10,NVD_FALSE,NVD_FALSE,113.917511,-15.351427,4,270,270,270,4170,0,2026-08-10 12:26:29,right_only,missing_in_production,,GQ1KC483JKB3,8M6CL
,,,,,,,,,,,,,,,,,,,,,,,,,,,,,,,,,,,,,D5311930J|GQ1KC483JKB3|8M6CL|2026-08-10 12:26:29|106,8833258,2026-08-10 12:26:29,GQ1KC483JKB3,D531193,D5311930J,8M6CL,106,UNCLASSIFIED,UNCLASSIFIED,10.10907,39.362322,0,3239,2880,3239,19976,0,2026-08-10 12:26:29,right_only,missing_in_production,,GQ1KC483JKB3,8M6CL
,,,,,,,,,,,,,,,,,,,,,,,,,,,,,,,,,,,,,D5311930J|GQ1KC483JKB3|8M6CL|2026-08-10 12:26:29|109,8833258,2026-08-10 12:26:29,GQ1KC483JKB3,D531193,D5311930J,8M6CL,109,UNCLASSIFIED,UNCLASSIFIED,10.108532,39.380045,0,270,90,270,4652,0,2026-08-10 12:26:29,right_only,missing_in_production,,GQ1KC483JKB3,8M6CL
,,,,,,,,,,,,,,,,,,,,,,,,,,,,,,,,,,,,,D5311930J|GQ1KC483JKB3|8M6CL|2026-08-10 12:26:29|112,8833258,2026-08-10 12:26:29,GQ1KC483JKB3,D531193,D5311930J,8M6CL,112,NVD_FALSE,NVD_FALSE,10.09798,39.361011,4,8189,4680,8189,3677400,0,2026-08-10 12:26:29,right_only,missing_in_production,,GQ1KC483JKB3,8M6CL
,,,,,,,,,,,,,,,,,,,,,,,,,,,,,,,,,,,,,D5311930J|GQ1KC483JKB3|8M6CL|2026-08-10 12:26:29|128,8833258,2026-08-10 12:26:29,GQ1KC483JKB3,D531193,D5311930J,8M6CL,128,UNCLASSIFIED,UNCLASSIFIED,10.073758,39.362168,0,26459,5220,26460,13308300,0,2026-08-10 12:26:29,right_only,missing_in_production,,GQ1KC483JKB3,8M6CL
,,,,,,,,,,,,,,,,,,,,,,,,,,,,,,,,,,,,,D5311930J|GQ1KC483JKB3|8M6CL|2026-08-10 12:26:29|14,8833258,2026-08-10 12:26:29,GQ1KC483JKB3,D531193,D5311930J,8M6CL,14,NVD_FALSE,NVD_FALSE,-59.985643,-14.327419,4,180,180,180,1929,0,2026-08-10 12:26:29,right_only,missing_in_production,,GQ1KC483JKB3,8M6CL
,,,,,,,,,,,,,,,,,,,,,,,,,,,,,,,,,,,,,D5311930J|GQ1KC483JKB3|8M6CL|2026-08-10 12:26:29|15,8833258,2026-08-10 12:26:29,GQ1KC483JKB3,D531193,D5311930J,8M6CL,15,DOME,DOME,20.391774,-13.082578,4,809,720,810,11275,0,2026-08-10 12:26:29,right_only,missing_in_production,,GQ1KC483JKB3,8M6CL
,,,,,,,,,,,,,,,,,,,,,,,,,,,,,,,,,,,,,D5311930J|GQ1KC483JKB3|8M6CL|2026-08-10 12:26:29|17,8833258,2026-08-10 12:26:29,GQ1KC483JKB3,D531193,D5311930J,8M6CL,17,NVD_FALSE,NVD_FALSE,-32.612405,-12.292291,4,90,180,180,1990,0,2026-08-10 12:26:29,right_only,missing_in_production,,GQ1KC483JKB3,8M6CL
,,,,,,,,,,,,,,,,,,,,,,,,,,,,,,,,,,,,,D5311930J|GQ1KC483JKB3|8M6CL|2026-08-10 12:26:29|18,8833258,2026-08-10 12:26:29,GQ1KC483JKB3,D531193,D5311930J,8M6CL,18,NVD_FALSE,NVD_FALSE,123.315699,-12.521041,4,270,360,360,3135,0,2026-08-10 12:26:29,right_only,missing_in_production,,GQ1KC483JKB3,8M6CL
,,,,,,,,,,,,,,,,,,,,,,,,,,,,,,,,,,,,,D5311930J|GQ1KC483JKB3|8M6CL|2026-08-10 12:26:29|185,8833258,2026-08-10 12:26:29,GQ1KC483JKB3,D531193,D5311930J,8M6CL,185,UNCLASSIFIED,UNCLASSIFIED,10.048456,39.39844,0,180,90,180,5877,0,2026-08-10 12:26:29,right_only,missing_in_production,,GQ1KC483JKB3,8M6CL
,,,,,,,,,,,,,,,,,,,,,,,,,,,,,,,,,,,,,D5311930J|GQ1KC483JKB3|8M6CL|2026-08-10 12:26:29|19,8833258,2026-08-10 12:26:29,GQ1KC483JKB3,D531193,D5311930J,8M6CL,19,NVD_FALSE,NVD_FALSE,14.24482,-11.513877,4,180,360,360,2928,0,2026-08-10 12:26:29,right_only,missing_in_production,,GQ1KC483JKB3,8M6CL
,,,,,,,,,,,,,,,,,,,,,,,,,,,,,,,,,,,,,D5311930J|GQ1KC483JKB3|8M6CL|2026-08-10 12:26:29|192,8833258,2026-08-10 12:26:29,GQ1KC483JKB3,D531193,D5311930J,8M6CL,192,UNCLASSIFIED,UNCLASSIFIED,10.044017,39.376825,0,270,360,360,6911,0,2026-08-10 12:26:29,right_only,missing_in_production,,GQ1KC483JKB3,8M6CL
,,,,,,,,,,,,,,,,,,,,,,,,,,,,,,,,,,,,,D5311930J|GQ1KC483JKB3|8M6CL|2026-08-10 12:26:29|202,8833258,2026-08-10 12:26:29,GQ1KC483JKB3,D531193,D5311930J,8M6CL,202,UNCLASSIFIED,UNCLASSIFIED,10.040129,39.401406,0,180,270,270,2077,0,2026-08-10 12:26:29,right_only,missing_in_production,,GQ1KC483JKB3,8M6CL
,,,,,,,,,,,,,,,,,,,,,,,,,,,,,,,,,,,,,D5311930J|GQ1KC483JKB3|8M6CL|2026-08-10 12:26:29|212,8833258,2026-08-10 12:26:29,GQ1KC483JKB3,D531193,D5311930J,8M6CL,212,UNCLASSIFIED,UNCLASSIFIED,10.032293,39.400686,0,180,270,270,4338,0,2026-08-10 12:26:29,right_only,missing_in_production,,GQ1KC483JKB3,8M6CL
,,,,,,,,,,,,,,,,,,,,,,,,,,,,,,,,,,,,,D5311930J|GQ1KC483JKB3|8M6CL|2026-08-10 12:26:29|213,8833258,2026-08-10 12:26:29,GQ1KC483JKB3,D531193,D5311930J,8M6CL,213,UNCLASSIFIED,UNCLASSIFIED,10.026925,39.398485,0,270,270,270,9983,0,2026-08-10 12:26:29,right_only,missing_in_production,,GQ1KC483JKB3,8M6CL
,,,,,,,,,,,,,,,,,,,,,,,,,,,,,,,,,,,,,D5311930J|GQ1KC483JKB3|8M6CL|2026-08-10 12:26:29|220,8833258,2026-08-10 12:26:29,GQ1KC483JKB3,D531193,D5311930J,8M6CL,220,UNCLASSIFIED,UNCLASSIFIED,10.015677,39.386691,0,180,180,180,1838,0,2026-08-10 12:26:29,right_only,missing_in_production,,GQ1KC483JKB3,8M6CL
,,,,,,,,,,,,,,,,,,,,,,,,,,,,,,,,,,,,,D5311930J|GQ1KC483JKB3|8M6CL|2026-08-10 12:26:29|230,8833258,2026-08-10 12:26:29,GQ1KC483JKB3,D531193,D5311930J,8M6CL,230,UNCLASSIFIED,UNCLASSIFIED,10.007631,39.388534,0,270,180,270,6508,0,2026-08-10 12:26:29,right_only,missing_in_production,,GQ1KC483JKB3,8M6CL
,,,,,,,,,,,,,,,,,,,,,,,,,,,,,,,,,,,,,D5311930J|GQ1KC483JKB3|8M6CL|2026-08-10 12:26:29|231,8833258,2026-08-10 12:26:29,GQ1KC483JKB3,D531193,D5311930J,8M6CL,231,NVD_FALSE,NVD_FALSE,127.017344,39.907531,4,180,180,180,2326,0,2026-08-10 12:26:29,right_only,missing_in_production,,GQ1KC483JKB3,8M6CL
,,,,,,,,,,,,,,,,,,,,,,,,,,,,,,,,,,,,,D5311930J|GQ1KC483JKB3|8M6CL|2026-08-10 12:26:29|232,8833258,2026-08-10 12:26:29,GQ1KC483JKB3,D531193,D5311930J,8M6CL,232,NVD_FALSE,NVD_FALSE,-64.980161,40.978291,4,90,180,180,1850,0,2026-08-10 12:26:29,right_only,missing_in_production,,GQ1KC483JKB3,8M6CL
,,,,,,,,,,,,,,,,,,,,,,,,,,,,,,,,,,,,,D5311930J|GQ1KC483JKB3|8M6CL|2026-08-10 12:26:29|235,8833258,2026-08-10 12:26:29,GQ1KC483JKB3,D531193,D5311930J,8M6CL,235,NVD_FALSE,NVD_FALSE,66.422674,65.586133,4,180,270,270,2928,0,2026-08-10 12:26:29,right_only,missing_in_production,,GQ1KC483JKB3,8M6CL
,,,,,,,,,,,,,,,,,,,,,,,,,,,,,,,,,,,,,D5311930J|GQ1KC483JKB3|8M6CL|2026-08-10 12:26:29|239,8833258,2026-08-10 12:26:29,GQ1KC483JKB3,D531193,D5311930J,8M6CL,239,NVD_FALSE,NVD_FALSE,-92.398508,66.276163,4,270,270,270,3373,0,2026-08-10 12:26:29,right_only,missing_in_production,,GQ1KC483JKB3,8M6CL
,,,,,,,,,,,,,,,,,,,,,,,,,,,,,,,,,,,,,D5311930J|GQ1KC483JKB3|8M6CL|2026-08-10 12:26:29|240,8833258,2026-08-10 12:26:29,GQ1KC483JKB3,D531193,D5311930J,8M6CL,240,NVD_FALSE,NVD_FALSE,-83.9779,66.767741,4,449,540,540,3545,0,2026-08-10 12:26:29,right_only,missing_in_production,,GQ1KC483JKB3,8M6CL
,,,,,,,,,,,,,,,,,,,,,,,,,,,,,,,,,,,,,D5311930J|GQ1KC483JKB3|8M6CL|2026-08-10 12:26:29|241,8833258,2026-08-10 12:26:29,GQ1KC483JKB3,D531193,D5311930J,8M6CL,241,NVD_FALSE,NVD_FALSE,-76.689187,66.726913,4,180,180,180,2010,0,2026-08-10 12:26:29,right_only,missing_in_production,,GQ1KC483JKB3,8M6CL
,,,,,,,,,,,,,,,,,,,,,,,,,,,,,,,,,,,,,D5311930J|GQ1KC483JKB3|8M6CL|2026-08-10 12:26:29|248,8833258,2026-08-10 12:26:29,GQ1KC483JKB3,D531193,D5311930J,8M6CL,248,NVD_FALSE,NVD_FALSE,23.572065,70.007867,4,270,270,270,2805,0,2026-08-10 12:26:29,right_only,missing_in_production,,GQ1KC483JKB3,8M6CL
,,,,,,,,,,,,,,,,,,,,,,,,,,,,,,,,,,,,,D5311930J|GQ1KC483JKB3|8M6CL|2026-08-10 12:26:29|251,8833258,2026-08-10 12:26:29,GQ1KC483JKB3,D531193,D5311930J,8M6CL,251,NVD_FALSE,NVD_FALSE,96.286485,72.364406,4,90,90,90,1369,0,2026-08-10 12:26:29,right_only,missing_in_production,,GQ1KC483JKB3,8M6CL
,,,,,,,,,,,,,,,,,,,,,,,,,,,,,,,,,,,,,D5311930J|GQ1KC483JKB3|8M6CL|2026-08-10 12:26:29|252,8833258,2026-08-10 12:26:29,GQ1KC483JKB3,D531193,D5311930J,8M6CL,252,DOME,DOME,-107.798054,72.661692,4,360,270,360,3127,0,2026-08-10 12:26:29,right_only,missing_in_production,,GQ1KC483JKB3,8M6CL
,,,,,,,,,,,,,,,,,,,,,,,,,,,,,,,,,,,,,D5311930J|GQ1KC483JKB3|8M6CL|2026-08-10 12:26:29|257,8833258,2026-08-10 12:26:29,GQ1KC483JKB3,D531193,D5311930J,8M6CL,257,NVD_FALSE,NVD_FALSE,37.483679,77.118177,4,180,180,180,2039,0,2026-08-10 12:26:29,right_only,missing_in_production,,GQ1KC483JKB3,8M6CL
,,,,,,,,,,,,,,,,,,,,,,,,,,,,,,,,,,,,,D5311930J|GQ1KC483JKB3|8M6CL|2026-08-10 12:26:29|259,8833258,2026-08-10 12:26:29,GQ1KC483JKB3,D531193,D5311930J,8M6CL,259,NVD_FALSE,NVD_FALSE,112.151374,79.829157,4,360,270,360,2872,0,2026-08-10 12:26:29,right_only,missing_in_production,,GQ1KC483JKB3,8M6CL
,,,,,,,,,,,,,,,,,,,,,,,,,,,,,,,,,,,,,D5311930J|GQ1KC483JKB3|8M6CL|2026-08-10 12:26:29|261,8833258,2026-08-10 12:26:29,GQ1KC483JKB3,D531193,D5311930J,8M6CL,261,NVD_FALSE,NVD_FALSE,92.60384,80.425395,4,540,360,540,2583,0,2026-08-10 12:26:29,right_only,missing_in_production,,GQ1KC483JKB3,8M6CL
,,,,,,,,,,,,,,,,,,,,,,,,,,,,,,,,,,,,,D5311930J|GQ1KC483JKB3|8M6CL|2026-08-10 12:26:29|268,8833258,2026-08-10 12:26:29,GQ1KC483JKB3,D531193,D5311930J,8M6CL,268,NVD_FALSE,NVD_FALSE,-76.907493,84.321205,4,90,90,90,1440,0,2026-08-10 12:26:29,right_only,missing_in_production,,GQ1KC483JKB3,8M6CL
,,,,,,,,,,,,,,,,,,,,,,,,,,,,,,,,,,,,,D5311930J|GQ1KC483JKB3|8M6CL|2026-08-10 12:26:29|271,8833258,2026-08-10 12:26:29,GQ1KC483JKB3,D531193,D5311930J,8M6CL,271,NVD_FALSE,NVD_FALSE,87.024907,87.854384,4,180,180,180,2302,0,2026-08-10 12:26:29,right_only,missing_in_production,,GQ1KC483JKB3,8M6CL
,,,,,,,,,,,,,,,,,,,,,,,,,,,,,,,,,,,,,D5311930J|GQ1KC483JKB3|8M6CL|2026-08-10 12:26:29|276,8833258,2026-08-10 12:26:29,GQ1KC483JKB3,D531193,D5311930J,8M6CL,276,NVD_FALSE,NVD_FALSE,-29.83101,114.179543,4,180,270,270,2625,0,2026-08-10 12:26:29,right_only,missing_in_production,,GQ1KC483JKB3,8M6CL
,,,,,,,,,,,,,,,,,,,,,,,,,,,,,,,,,,,,,D5311930J|GQ1KC483JKB3|8M6CL|2026-08-10 12:26:29|278,8833258,2026-08-10 12:26:29,GQ1KC483JKB3,D531193,D5311930J,8M6CL,278,NVD_FALSE,NVD_FALSE,15.97017,116.714369,4,360,360,360,2255,0,2026-08-10 12:26:29,right_only,missing_in_production,,GQ1KC483JKB3,8M6CL
,,,,,,,,,,,,,,,,,,,,,,,,,,,,,,,,,,,,,D5311930J|GQ1KC483JKB3|8M6CL|2026-08-10 12:26:29|279,8833258,2026-08-10 12:26:29,GQ1KC483JKB3,D531193,D5311930J,8M6CL,279,NVD_FALSE,NVD_FALSE,-33.694197,118.49449,4,270,360,360,2312,0,2026-08-10 12:26:29,right_only,missing_in_production,,GQ1KC483JKB3,8M6CL
,,,,,,,,,,,,,,,,,,,,,,,,,,,,,,,,,,,,,D5311930J|GQ1KC483JKB3|8M6CL|2026-08-10 12:26:29|282,8833258,2026-08-10 12:26:29,GQ1KC483JKB3,D531193,D5311930J,8M6CL,282,DOME,DOME,20.538761,132.24876,4,270,180,270,1367,0,2026-08-10 12:26:29,right_only,missing_in_production,,GQ1KC483JKB3,8M6CL
,,,,,,,,,,,,,,,,,,,,,,,,,,,,,,,,,,,,,D5311930J|GQ1KC483JKB3|8M6CL|2026-08-10 12:26:29|283,8833258,2026-08-10 12:26:29,GQ1KC483JKB3,D531193,D5311930J,8M6CL,283,NVD_FALSE,NVD_FALSE,119.33219,-17.762213,4,180,90,180,1577,0,2026-08-10 12:26:29,right_only,missing_in_production,,GQ1KC483JKB3,8M6CL
,,,,,,,,,,,,,,,,,,,,,,,,,,,,,,,,,,,,,D5311930J|GQ1KC483JKB3|8M6CL|2026-08-10 12:26:29|285,8833258,2026-08-10 12:26:29,GQ1KC483JKB3,D531193,D5311930J,8M6CL,285,NVD_FALSE,NVD_FALSE,121.075482,-18.756819,4,180,270,270,2575,0,2026-08-10 12:26:29,right_only,missing_in_production,,GQ1KC483JKB3,8M6CL
,,,,,,,,,,,,,,,,,,,,,,,,,,,,,,,,,,,,,D5311930J|GQ1KC483JKB3|8M6CL|2026-08-10 12:26:29|287,8833258,2026-08-10 12:26:29,GQ1KC483JKB3,D531193,D5311930J,8M6CL,287,NVD_FALSE,NVD_FALSE,-97.990707,-19.302561,4,270,270,270,3339,0,2026-08-10 12:26:29,right_only,missing_in_production,,GQ1KC483JKB3,8M6CL
,,,,,,,,,,,,,,,,,,,,,,,,,,,,,,,,,,,,,D5311930J|GQ1KC483JKB3|8M6CL|2026-08-10 12:26:29|289,8833258,2026-08-10 12:26:29,GQ1KC483JKB3,D531193,D5311930J,8M6CL,289,NVD_FALSE,NVD_FALSE,78.686903,-20.364651,4,180,270,270,2714,0,2026-08-10 12:26:29,right_only,missing_in_production,,GQ1KC483JKB3,8M6CL
,,,,,,,,,,,,,,,,,,,,,,,,,,,,,,,,,,,,,D5311930J|GQ1KC483JKB3|8M6CL|2026-08-10 12:26:29|290,8833258,2026-08-10 12:26:29,GQ1KC483JKB3,D531193,D5311930J,8M6CL,290,NVD_FALSE,NVD_FALSE,126.839929,-20.329078,4,270,270,270,3885,0,2026-08-10 12:26:29,right_only,missing_in_production,,GQ1KC483JKB3,8M6CL
,,,,,,,,,,,,,,,,,,,,,,,,,,,,,,,,,,,,,D5311930J|GQ1KC483JKB3|8M6CL|2026-08-10 12:26:29|292,8833258,2026-08-10 12:26:29,GQ1KC483JKB3,D531193,D5311930J,8M6CL,292,NVD_FALSE,NVD_FALSE,14.47327,-21.94185,4,90,90,90,1399,0,2026-08-10 12:26:29,right_only,missing_in_production,,GQ1KC483JKB3,8M6CL
,,,,,,,,,,,,,,,,,,,,,,,,,,,,,,,,,,,,,D5311930J|GQ1KC483JKB3|8M6CL|2026-08-10 12:26:29|293,8833258,2026-08-10 12:26:29,GQ1KC483JKB3,D531193,D5311930J,8M6CL,293,NVD_FALSE,NVD_FALSE,45.305973,-22.426062,4,180,180,180,2334,0,2026-08-10 12:26:29,right_only,missing_in_production,,GQ1KC483JKB3,8M6CL
,,,,,,,,,,,,,,,,,,,,,,,,,,,,,,,,,,,,,D5311930J|GQ1KC483JKB3|8M6CL|2026-08-10 12:26:29|303,8833258,2026-08-10 12:26:29,GQ1KC483JKB3,D531193,D5311930J,8M6CL,303,NVD_FALSE,NVD_FALSE,-21.601238,-25.321868,4,180,270,270,2482,0,2026-08-10 12:26:29,right_only,missing_in_production,,GQ1KC483JKB3,8M6CL
,,,,,,,,,,,,,,,,,,,,,,,,,,,,,,,,,,,,,D5311930J|GQ1KC483JKB3|8M6CL|2026-08-10 12:26:29|310,8833258,2026-08-10 12:26:29,GQ1KC483JKB3,D531193,D5311930J,8M6CL,310,NVD_FALSE,NVD_FALSE,121.963868,-27.831727,4,270,270,270,3361,0,2026-08-10 12:26:29,right_only,missing_in_production,,GQ1KC483JKB3,8M6CL
,,,,,,,,,,,,,,,,,,,,,,,,,,,,,,,,,,,,,D5311930J|GQ1KC483JKB3|8M6CL|2026-08-10 12:26:29|311,8833258,2026-08-10 12:26:29,GQ1KC483JKB3,D531193,D5311930J,8M6CL,311,NVD_FALSE,NVD_FALSE,126.703473,-27.825213,4,270,180,270,2672,0,2026-08-10 12:26:29,right_only,missing_in_production,,GQ1KC483JKB3,8M6CL
,,,,,,,,,,,,,,,,,,,,,,,,,,,,,,,,,,,,,D5311930J|GQ1KC483JKB3|8M6CL|2026-08-10 12:26:29|314,8833258,2026-08-10 12:26:29,GQ1KC483JKB3,D531193,D5311930J,8M6CL,314,NVD_FALSE,NVD_FALSE,-79.243741,-28.484339,4,90,360,360,2595,0,2026-08-10 12:26:29,right_only,missing_in_production,,GQ1KC483JKB3,8M6CL
,,,,,,,,,,,,,,,,,,,,,,,,,,,,,,,,,,,,,D5311930J|GQ1KC483JKB3|8M6CL|2026-08-10 12:26:29|322,8833258,2026-08-10 12:26:29,GQ1KC483JKB3,D531193,D5311930J,8M6CL,322,NVD_FALSE,NVD_FALSE,-7.121731,-54.184551,4,180,270,270,3098,0,2026-08-10 12:26:29,right_only,missing_in_production,,GQ1KC483JKB3,8M6CL
,,,,,,,,,,,,,,,,,,,,,,,,,,,,,,,,,,,,,D5311930J|GQ1KC483JKB3|8M6CL|2026-08-10 12:26:29|325,8833258,2026-08-10 12:26:29,GQ1KC483JKB3,D531193,D5311930J,8M6CL,325,NVD_FALSE,NVD_FALSE,-88.132266,-63.439921,4,180,180,180,2225,0,2026-08-10 12:26:29,right_only,missing_in_production,,GQ1KC483JKB3,8M6CL
,,,,,,,,,,,,,,,,,,,,,,,,,,,,,,,,,,,,,D5311930J|GQ1KC483JKB3|8M6CL|2026-08-10 12:26:29|326,8833258,2026-08-10 12:26:29,GQ1KC483JKB3,D531193,D5311930J,8M6CL,326,NVD_FALSE,NVD_FALSE,127.844131,-64.357716,4,270,270,270,6009,0,2026-08-10 12:26:29,right_only,missing_in_production,,GQ1KC483JKB3,8M6CL
,,,,,,,,,,,,,,,,,,,,,,,,,,,,,,,,,,,,,D5311930J|GQ1KC483JKB3|8M6CL|2026-08-10 12:26:29|327,8833258,2026-08-10 12:26:29,GQ1KC483JKB3,D531193,D5311930J,8M6CL,327,UNCLASSIFIED,UNCLASSIFIED,128.044869,-64.315142,0,1170,449,1170,7071,0,2026-08-10 12:26:29,right_only,missing_in_production,,GQ1KC483JKB3,8M6CL
,,,,,,,,,,,,,,,,,,,,,,,,,,,,,,,,,,,,,D5311930J|GQ1KC483JKB3|8M6CL|2026-08-10 12:26:29|332,8833258,2026-08-10 12:26:29,GQ1KC483JKB3,D531193,D5311930J,8M6CL,332,NVD_FALSE,NVD_FALSE,57.552443,-65.947991,4,180,180,180,2174,0,2026-08-10 12:26:29,right_only,missing_in_production,,GQ1KC483JKB3,8M6CL
,,,,,,,,,,,,,,,,,,,,,,,,,,,,,,,,,,,,,D5311930J|GQ1KC483JKB3|8M6CL|2026-08-10 12:26:29|333,8833258,2026-08-10 12:26:29,GQ1KC483JKB3,D531193,D5311930J,8M6CL,333,NVD_FALSE,NVD_FALSE,7.474421,-67.024425,4,540,360,540,3477,0,2026-08-10 12:26:29,right_only,missing_in_production,,GQ1KC483JKB3,8M6CL
,,,,,,,,,,,,,,,,,,,,,,,,,,,,,,,,,,,,,D5311930J|GQ1KC483JKB3|8M6CL|2026-08-10 12:26:29|334,8833258,2026-08-10 12:26:29,GQ1KC483JKB3,D531193,D5311930J,8M6CL,334,UNCLASSIFIED,UNCLASSIFIED,-120.150638,-67.838744,0,270,360,360,2989,0,2026-08-10 12:26:29,right_only,missing_in_production,,GQ1KC483JKB3,8M6CL
,,,,,,,,,,,,,,,,,,,,,,,,,,,,,,,,,,,,,D5311930J|GQ1KC483JKB3|8M6CL|2026-08-10 12:26:29|335,8833258,2026-08-10 12:26:29,GQ1KC483JKB3,D531193,D5311930J,8M6CL,335,DOME,DOME,-120.375824,-68.012007,4,540,360,540,2959,0,2026-08-10 12:26:29,right_only,missing_in_production,,GQ1KC483JKB3,8M6CL
,,,,,,,,,,,,,,,,,,,,,,,,,,,,,,,,,,,,,D5311930J|GQ1KC483JKB3|8M6CL|2026-08-10 12:26:29|337,8833258,2026-08-10 12:26:29,GQ1KC483JKB3,D531193,D5311930J,8M6CL,337,NVD_FALSE,NVD_FALSE,42.335758,-69.146412,4,90,270,270,2182,0,2026-08-10 12:26:29,right_only,missing_in_production,,GQ1KC483JKB3,8M6CL
,,,,,,,,,,,,,,,,,,,,,,,,,,,,,,,,,,,,,D5311930J|GQ1KC483JKB3|8M6CL|2026-08-10 12:26:29|338,8833258,2026-08-10 12:26:29,GQ1KC483JKB3,D531193,D5311930J,8M6CL,338,NVD_FALSE,NVD_FALSE,31.733572,-69.650763,4,270,540,540,3248,0,2026-08-10 12:26:29,right_only,missing_in_production,,GQ1KC483JKB3,8M6CL
,,,,,,,,,,,,,,,,,,,,,,,,,,,,,,,,,,,,,D5311930J|GQ1KC483JKB3|8M6CL|2026-08-10 12:26:29|34,8833258,2026-08-10 12:26:29,GQ1KC483JKB3,D531193,D5311930J,8M6CL,34,NVD_FALSE,NVD_FALSE,-28.502364,18.091759,4,180,360,360,3121,0,2026-08-10 12:26:29,right_only,missing_in_production,,GQ1KC483JKB3,8M6CL
,,,,,,,,,,,,,,,,,,,,,,,,,,,,,,,,,,,,,D5311930J|GQ1KC483JKB3|8M6CL|2026-08-10 12:26:29|340,8833258,2026-08-10 12:26:29,GQ1KC483JKB3,D531193,D5311930J,8M6CL,340,NVD_FALSE,NVD_FALSE,85.690053,-70.122947,4,360,270,360,4219,0,2026-08-10 12:26:29,right_only,missing_in_production,,GQ1KC483JKB3,8M6CL
,,,,,,,,,,,,,,,,,,,,,,,,,,,,,,,,,,,,,D5311930J|GQ1KC483JKB3|8M6CL|2026-08-10 12:26:29|343,8833258,2026-08-10 12:26:29,GQ1KC483JKB3,D531193,D5311930J,8M6CL,343,DOME,DOME,-117.80651,-71.881442,4,270,180,270,1074,0,2026-08-10 12:26:29,right_only,missing_in_production,,GQ1KC483JKB3,8M6CL
,,,,,,,,,,,,,,,,,,,,,,,,,,,,,,,,,,,,,D5311930J|GQ1KC483JKB3|8M6CL|2026-08-10 12:26:29|355,8833258,2026-08-10 12:26:29,GQ1KC483JKB3,D531193,D5311930J,8M6CL,355,NVD_FALSE,NVD_FALSE,-61.378132,-75.185564,4,180,360,360,3161,0,2026-08-10 12:26:29,right_only,missing_in_production,,GQ1KC483JKB3,8M6CL
,,,,,,,,,,,,,,,,,,,,,,,,,,,,,,,,,,,,,D5311930J|GQ1KC483JKB3|8M6CL|2026-08-10 12:26:29|356,8833258,2026-08-10 12:26:29,GQ1KC483JKB3,D531193,D5311930J,8M6CL,356,DOME,DOME,-117.18747,-75.019557,4,720,809,810,8088,0,2026-08-10 12:26:29,right_only,missing_in_production,,GQ1KC483JKB3,8M6CL
,,,,,,,,,,,,,,,,,,,,,,,,,,,,,,,,,,,,,D5311930J|GQ1KC483JKB3|8M6CL|2026-08-10 12:26:29|357,8833258,2026-08-10 12:26:29,GQ1KC483JKB3,D531193,D5311930J,8M6CL,357,NVD_FALSE,NVD_FALSE,-93.874944,-75.096404,4,270,270,270,3468,0,2026-08-10 12:26:29,right_only,missing_in_production,,GQ1KC483JKB3,8M6CL
,,,,,,,,,,,,,,,,,,,,,,,,,,,,,,,,,,,,,D5311930J|GQ1KC483JKB3|8M6CL|2026-08-10 12:26:29|358,8833258,2026-08-10 12:26:29,GQ1KC483JKB3,D531193,D5311930J,8M6CL,358,NVD_FALSE,NVD_FALSE,-34.784444,-76.301393,4,180,270,270,2330,0,2026-08-10 12:26:29,right_only,missing_in_production,,GQ1KC483JKB3,8M6CL
,,,,,,,,,,,,,,,,,,,,,,,,,,,,,,,,,,,,,D5311930J|GQ1KC483JKB3|8M6CL|2026-08-10 12:26:29|359,8833258,2026-08-10 12:26:29,GQ1KC483JKB3,D531193,D5311930J,8M6CL,359,DOME,DOME,87.534019,-101.050989,4,720,720,720,8753,0,2026-08-10 12:26:29,right_only,missing_in_production,,GQ1KC483JKB3,8M6CL
,,,,,,,,,,,,,,,,,,,,,,,,,,,,,,,,,,,,,D5311930J|GQ1KC483JKB3|8M6CL|2026-08-10 12:26:29|36,8833258,2026-08-10 12:26:29,GQ1KC483JKB3,D531193,D5311930J,8M6CL,36,NVD_FALSE,NVD_FALSE,108.390494,18.047185,4,180,180,180,2384,0,2026-08-10 12:26:29,right_only,missing_in_production,,GQ1KC483JKB3,8M6CL
,,,,,,,,,,,,,,,,,,,,,,,,,,,,,,,,,,,,,D5311930J|GQ1KC483JKB3|8M6CL|2026-08-10 12:26:29|360,8833258,2026-08-10 12:26:29,GQ1KC483JKB3,D531193,D5311930J,8M6CL,360,UNCLASSIFIED,UNCLASSIFIED,87.534257,-101.0347,0,809,720,810,8015,0,2026-08-10 12:26:29,right_only,missing_in_production,,GQ1KC483JKB3,8M6CL
,,,,,,,,,,,,,,,,,,,,,,,,,,,,,,,,,,,,,D5311930J|GQ1KC483JKB3|8M6CL|2026-08-10 12:26:29|362,8833258,2026-08-10 12:26:29,GQ1KC483JKB3,D531193,D5311930J,8M6CL,362,DOME,DOME,86.719208,-102.265549,4,360,809,810,2581,0,2026-08-10 12:26:29,right_only,missing_in_production,,GQ1KC483JKB3,8M6CL
,,,,,,,,,,,,,,,,,,,,,,,,,,,,,,,,,,,,,D5311930J|GQ1KC483JKB3|8M6CL|2026-08-10 12:26:29|363,8833258,2026-08-10 12:26:29,GQ1KC483JKB3,D531193,D5311930J,8M6CL,363,DOME,DOME,83.032355,-102.173349,4,360,360,360,2829,0,2026-08-10 12:26:29,right_only,missing_in_production,,GQ1KC483JKB3,8M6CL
,,,,,,,,,,,,,,,,,,,,,,,,,,,,,,,,,,,,,D5311930J|GQ1KC483JKB3|8M6CL|2026-08-10 12:26:29|367,8833258,2026-08-10 12:26:29,GQ1KC483JKB3,D531193,D5311930J,8M6CL,367,NVD_FALSE,NVD_FALSE,28.364122,-104.539785,4,180,180,180,2132,0,2026-08-10 12:26:29,right_only,missing_in_production,,GQ1KC483JKB3,8M6CL
,,,,,,,,,,,,,,,,,,,,,,,,,,,,,,,,,,,,,D5311930J|GQ1KC483JKB3|8M6CL|2026-08-10 12:26:29|368,8833258,2026-08-10 12:26:29,GQ1KC483JKB3,D531193,D5311930J,8M6CL,368,DOME,DOME,80.673516,-104.439371,4,720,720,720,5562,0,2026-08-10 12:26:29,right_only,missing_in_production,,GQ1KC483JKB3,8M6CL
,,,,,,,,,,,,,,,,,,,,,,,,,,,,,,,,,,,,,D5311930J|GQ1KC483JKB3|8M6CL|2026-08-10 12:26:29|369,8833258,2026-08-10 12:26:29,GQ1KC483JKB3,D531193,D5311930J,8M6CL,369,DOME,DOME,80.166912,-104.632567,4,720,899,900,19867,0,2026-08-10 12:26:29,right_only,missing_in_production,,GQ1KC483JKB3,8M6CL
,,,,,,,,,,,,,,,,,,,,,,,,,,,,,,,,,,,,,D5311930J|GQ1KC483JKB3|8M6CL|2026-08-10 12:26:29|372,8833258,2026-08-10 12:26:29,GQ1KC483JKB3,D531193,D5311930J,8M6CL,372,DOME,DOME,79.921416,-105.969982,4,270,270,270,1992,0,2026-08-10 12:26:29,right_only,missing_in_production,,GQ1KC483JKB3,8M6CL
,,,,,,,,,,,,,,,,,,,,,,,,,,,,,,,,,,,,,D5311930J|GQ1KC483JKB3|8M6CL|2026-08-10 12:26:29|374,8833258,2026-08-10 12:26:29,GQ1KC483JKB3,D531193,D5311930J,8M6CL,374,DOME,DOME,79.766258,-106.452005,4,630,809,810,5271,0,2026-08-10 12:26:29,right_only,missing_in_production,,GQ1KC483JKB3,8M6CL
,,,,,,,,,,,,,,,,,,,,,,,,,,,,,,,,,,,,,D5311930J|GQ1KC483JKB3|8M6CL|2026-08-10 12:26:29|375,8833258,2026-08-10 12:26:29,GQ1KC483JKB3,D531193,D5311930J,8M6CL,375,DOME,DOME,-84.46586,-107.270828,4,449,720,720,3313,0,2026-08-10 12:26:29,right_only,missing_in_production,,GQ1KC483JKB3,8M6CL
,,,,,,,,,,,,,,,,,,,,,,,,,,,,,,,,,,,,,D5311930J|GQ1KC483JKB3|8M6CL|2026-08-10 12:26:29|378,8833258,2026-08-10 12:26:29,GQ1KC483JKB3,D531193,D5311930J,8M6CL,378,DOME,DOME,-84.916475,-107.963816,4,809,809,810,24789,0,2026-08-10 12:26:29,right_only,missing_in_production,,GQ1KC483JKB3,8M6CL
,,,,,,,,,,,,,,,,,,,,,,,,,,,,,,,,,,,,,D5311930J|GQ1KC483JKB3|8M6CL|2026-08-10 12:26:29|379,8833258,2026-08-10 12:26:29,GQ1KC483JKB3,D531193,D5311930J,8M6CL,379,UNCLASSIFIED,UNCLASSIFIED,-85.467397,-109.265352,0,630,720,720,5507,0,2026-08-10 12:26:29,right_only,missing_in_production,,GQ1KC483JKB3,8M6CL
,,,,,,,,,,,,,,,,,,,,,,,,,,,,,,,,,,,,,D5311930J|GQ1KC483JKB3|8M6CL|2026-08-10 12:26:29|380,8833258,2026-08-10 12:26:29,GQ1KC483JKB3,D531193,D5311930J,8M6CL,380,UNCLASSIFIED,UNCLASSIFIED,-85.460731,-109.264882,0,809,809,810,10351,0,2026-08-10 12:26:29,right_only,missing_in_production,,GQ1KC483JKB3,8M6CL
,,,,,,,,,,,,,,,,,,,,,,,,,,,,,,,,,,,,,D5311930J|GQ1KC483JKB3|8M6CL|2026-08-10 12:26:29|381,8833258,2026-08-10 12:26:29,GQ1KC483JKB3,D531193,D5311930J,8M6CL,381,DOME,DOME,-84.160257,-108.738846,4,809,809,810,13348,0,2026-08-10 12:26:29,right_only,missing_in_production,,GQ1KC483JKB3,8M6CL
,,,,,,,,,,,,,,,,,,,,,,,,,,,,,,,,,,,,,D5311930J|GQ1KC483JKB3|8M6CL|2026-08-10 12:26:29|382,8833258,2026-08-10 12:26:29,GQ1KC483JKB3,D531193,D5311930J,8M6CL,382,UNCLASSIFIED,UNCLASSIFIED,-83.931364,-108.998892,0,630,630,630,5966,0,2026-08-10 12:26:29,right_only,missing_in_production,,GQ1KC483JKB3,8M6CL
,,,,,,,,,,,,,,,,,,,,,,,,,,,,,,,,,,,,,D5311930J|GQ1KC483JKB3|8M6CL|2026-08-10 12:26:29|386,8833258,2026-08-10 12:26:29,GQ1KC483JKB3,D531193,D5311930J,8M6CL,386,DOME,DOME,78.517572,-109.997454,4,899,809,900,10749,0,2026-08-10 12:26:29,right_only,missing_in_production,,GQ1KC483JKB3,8M6CL
,,,,,,,,,,,,,,,,,,,,,,,,,,,,,,,,,,,,,D5311930J|GQ1KC483JKB3|8M6CL|2026-08-10 12:26:29|387,8833258,2026-08-10 12:26:29,GQ1KC483JKB3,D531193,D5311930J,8M6CL,387,DOME,DOME,-83.05799,-109.507478,4,720,720,720,11477,0,2026-08-10 12:26:29,right_only,missing_in_production,,GQ1KC483JKB3,8M6CL
,,,,,,,,,,,,,,,,,,,,,,,,,,,,,,,,,,,,,D5311930J|GQ1KC483JKB3|8M6CL|2026-08-10 12:26:29|388,8833258,2026-08-10 12:26:29,GQ1KC483JKB3,D531193,D5311930J,8M6CL,388,UNCLASSIFIED,UNCLASSIFIED,-83.451453,-109.476935,0,540,630,630,3117,0,2026-08-10 12:26:29,right_only,missing_in_production,,GQ1KC483JKB3,8M6CL
,,,,,,,,,,,,,,,,,,,,,,,,,,,,,,,,,,,,,D5311930J|GQ1KC483JKB3|8M6CL|2026-08-10 12:26:29|389,8833258,2026-08-10 12:26:29,GQ1KC483JKB3,D531193,D5311930J,8M6CL,389,DOME,DOME,-83.900622,-109.724329,4,360,270,360,3072,0,2026-08-10 12:26:29,right_only,missing_in_production,,GQ1KC483JKB3,8M6CL
,,,,,,,,,,,,,,,,,,,,,,,,,,,,,,,,,,,,,D5311930J|GQ1KC483JKB3|8M6CL|2026-08-10 12:26:29|39,8833258,2026-08-10 12:26:29,GQ1KC483JKB3,D531193,D5311930J,8M6CL,39,NVD_FALSE,NVD_FALSE,-128.345959,19.710328,4,540,630,630,4611,0,2026-08-10 12:26:29,right_only,missing_in_production,,GQ1KC483JKB3,8M6CL
,,,,,,,,,,,,,,,,,,,,,,,,,,,,,,,,,,,,,D5311930J|GQ1KC483JKB3|8M6CL|2026-08-10 12:26:29|390,8833258,2026-08-10 12:26:29,GQ1KC483JKB3,D531193,D5311930J,8M6CL,390,UNCLASSIFIED,UNCLASSIFIED,-84.002688,-109.90576,0,449,360,450,3681,0,2026-08-10 12:26:29,right_only,missing_in_production,,GQ1KC483JKB3,8M6CL
,,,,,,,,,,,,,,,,,,,,,,,,,,,,,,,,,,,,,D5311930J|GQ1KC483JKB3|8M6CL|2026-08-10 12:26:29|391,8833258,2026-08-10 12:26:29,GQ1KC483JKB3,D531193,D5311930J,8M6CL,391,UNCLASSIFIED,UNCLASSIFIED,-84.876192,-110.022628,0,540,540,540,3661,0,2026-08-10 12:26:29,right_only,missing_in_production,,GQ1KC483JKB3,8M6CL
,,,,,,,,,,,,,,,,,,,,,,,,,,,,,,,,,,,,,D5311930J|GQ1KC483JKB3|8M6CL|2026-08-10 12:26:29|392,8833258,2026-08-10 12:26:29,GQ1KC483JKB3,D531193,D5311930J,8M6CL,392,UNCLASSIFIED,UNCLASSIFIED,-85.148691,-109.902009,0,360,540,540,2625,0,2026-08-10 12:26:29,right_only,missing_in_production,,GQ1KC483JKB3,8M6CL
,,,,,,,,,,,,,,,,,,,,,,,,,,,,,,,,,,,,,D5311930J|GQ1KC483JKB3|8M6CL|2026-08-10 12:26:29|393,8833258,2026-08-10 12:26:29,GQ1KC483JKB3,D531193,D5311930J,8M6CL,393,DOME,DOME,-84.467491,-110.314524,4,270,270,270,1363,0,2026-08-10 12:26:29,right_only,missing_in_production,,GQ1KC483JKB3,8M6CL
,,,,,,,,,,,,,,,,,,,,,,,,,,,,,,,,,,,,,D5311930J|GQ1KC483JKB3|8M6CL|2026-08-10 12:26:29|394,8833258,2026-08-10 12:26:29,GQ1KC483JKB3,D531193,D5311930J,8M6CL,394,DOME,DOME,-82.643392,-110.398983,4,720,809,810,7833,0,2026-08-10 12:26:29,right_only,missing_in_production,,GQ1KC483JKB3,8M6CL
,,,,,,,,,,,,,,,,,,,,,,,,,,,,,,,,,,,,,D5311930J|GQ1KC483JKB3|8M6CL|2026-08-10 12:26:29|395,8833258,2026-08-10 12:26:29,GQ1KC483JKB3,D531193,D5311930J,8M6CL,395,DOME,DOME,-81.943871,-110.057862,4,720,809,810,8345,0,2026-08-10 12:26:29,right_only,missing_in_production,,GQ1KC483JKB3,8M6CL
,,,,,,,,,,,,,,,,,,,,,,,,,,,,,,,,,,,,,D5311930J|GQ1KC483JKB3|8M6CL|2026-08-10 12:26:29|396,8833258,2026-08-10 12:26:29,GQ1KC483JKB3,D531193,D5311930J,8M6CL,396,UNCLASSIFIED,UNCLASSIFIED,-81.3784,-110.098325,0,360,449,450,3533,0,2026-08-10 12:26:29,right_only,missing_in_production,,GQ1KC483JKB3,8M6CL
,,,,,,,,,,,,,,,,,,,,,,,,,,,,,,,,,,,,,D5311930J|GQ1KC483JKB3|8M6CL|2026-08-10 12:26:29|397,8833258,2026-08-10 12:26:29,GQ1KC483JKB3,D531193,D5311930J,8M6CL,397,DOME,DOME,79.947897,-110.583979,4,809,809,810,23016,0,2026-08-10 12:26:29,right_only,missing_in_production,,GQ1KC483JKB3,8M6CL
,,,,,,,,,,,,,,,,,,,,,,,,,,,,,,,,,,,,,D5311930J|GQ1KC483JKB3|8M6CL|2026-08-10 12:26:29|398,8833258,2026-08-10 12:26:29,GQ1KC483JKB3,D531193,D5311930J,8M6CL,398,DOME,DOME,-85.192299,-111.089464,4,630,630,630,5010,0,2026-08-10 12:26:29,right_only,missing_in_production,,GQ1KC483JKB3,8M6CL
,,,,,,,,,,,,,,,,,,,,,,,,,,,,,,,,,,,,,D5311930J|GQ1KC483JKB3|8M6CL|2026-08-10 12:26:29|399,8833258,2026-08-10 12:26:29,GQ1KC483JKB3,D531193,D5311930J,8M6CL,399,UNCLASSIFIED,UNCLASSIFIED,-85.26759,-110.956051,0,809,809,810,16675,0,2026-08-10 12:26:29,right_only,missing_in_production,,GQ1KC483JKB3,8M6CL
,,,,,,,,,,,,,,,,,,,,,,,,,,,,,,,,,,,,,D5311930J|GQ1KC483JKB3|8M6CL|2026-08-10 12:26:29|40,8833258,2026-08-10 12:26:29,GQ1KC483JKB3,D531193,D5311930J,8M6CL,40,NVD_FALSE,NVD_FALSE,-71.502523,19.492895,4,270,270,270,1559,0,2026-08-10 12:26:29,right_only,missing_in_production,,GQ1KC483JKB3,8M6CL
,,,,,,,,,,,,,,,,,,,,,,,,,,,,,,,,,,,,,D5311930J|GQ1KC483JKB3|8M6CL|2026-08-10 12:26:29|400,8833258,2026-08-10 12:26:29,GQ1KC483JKB3,D531193,D5311930J,8M6CL,400,UNCLASSIFIED,UNCLASSIFIED,-85.314687,-110.946573,0,809,809,810,12689,0,2026-08-10 12:26:29,right_only,missing_in_production,,GQ1KC483JKB3,8M6CL
,,,,,,,,,,,,,,,,,,,,,,,,,,,,,,,,,,,,,D5311930J|GQ1KC483JKB3|8M6CL|2026-08-10 12:26:29|401,8833258,2026-08-10 12:26:29,GQ1KC483JKB3,D531193,D5311930J,8M6CL,401,DOME,DOME,-84.117739,-111.639738,4,720,630,720,5580,0,2026-08-10 12:26:29,right_only,missing_in_production,,GQ1KC483JKB3,8M6CL
,,,,,,,,,,,,,,,,,,,,,,,,,,,,,,,,,,,,,D5311930J|GQ1KC483JKB3|8M6CL|2026-08-10 12:26:29|406,8833258,2026-08-10 12:26:29,GQ1KC483JKB3,D531193,D5311930J,8M6CL,406,NVD_FALSE,NVD_FALSE,33.452596,-112.530935,4,270,270,270,3665,0,2026-08-10 12:26:29,right_only,missing_in_production,,GQ1KC483JKB3,8M6CL
,,,,,,,,,,,,,,,,,,,,,,,,,,,,,,,,,,,,,D5311930J|GQ1KC483JKB3|8M6CL|2026-08-10 12:26:29|407,8833258,2026-08-10 12:26:29,GQ1KC483JKB3,D531193,D5311930J,8M6CL,407,DOME,DOME,-67.958323,-113.070978,4,809,809,810,8897,0,2026-08-10 12:26:29,right_only,missing_in_production,,GQ1KC483JKB3,8M6CL
